image_id,p_180
test_00000,0.00361
test_00001,0.99984
test_00002,0.99921
test_00003,0.01708
test_00004,0.99959
test_00005,0.04863
test_00006,0.99645
test_00007,0.99899
test_00008,0.99293
test_00009,0.10955
test_00010,0.99497
test_00011,0.00117
test_00012,0.00829
test_00013,0.99997
test_00014,0.88102
test_00015,0.99948
test_00016,0.99468
test_00017,0.00325
test_00018,0.73301
test_00019,0.00280
test_00020,0.00010
test_00021,0.00407
test_00022,0.99653
test_00023,0.00695
test_00024,0.01839
test_00025,0.99778
test_00026,0.99836
test_00027,0.07369
test_00028,0.58230
test_00029,0.99990
test_00030,0.00042
test_00031,0.99750
test_00032,0.89611
test_00033,0.96499
test_00034,0.80334
test_00035,0.99942
test_00036,0.07522
test_00037,0.00599
test_00038,0.04471
test_00039,0.00280
test_00040,0.82426
test_00041,0.07830
test_00042,0.99844
test_00043,0.00006
test_00044,0.00226
test_00045,0.84903
test_00046,0.03462
test_00047,0.99140
test_00048,0.99018
test_00049,0.95760
test_00050,0.99789
test_00051,0.00072
test_00052,0.00029
test_00053,0.99409
test_00054,0.03818
test_00055,0.99972
test_00056,0.02592
test_00057,0.99300
test_00058,0.00367
test_00059,0.01103
test_00060,0.89662
test_00061,0.00586
test_00062,0.00050
test_00063,0.00150
test_00064,0.04236
test_00065,0.99984
test_00066,0.33285
test_00067,0.13257
test_00068,0.02767
test_00069,0.13241
test_00070,0.93798
test_00071,0.99766
test_00072,0.99614
test_00073,0.89470
test_00074,0.87940
test_00075,0.89822
test_00076,0.00268
test_00077,0.99995
test_00078,0.99985
test_00079,0.22950
test_00080,0.00048
test_00081,0.99799
test_00082,0.91904
test_00083,0.02527
test_00084,0.99999
test_00085,0.99132
test_00086,0.99928
test_00087,0.99901
test_00088,0.00003
test_00089,0.99436
test_00090,0.11764
test_00091,0.00178
test_00092,0.89005
test_00093,0.20615
test_00094,0.98871
test_00095,0.80643
test_00096,0.13441
test_00097,0.00104
test_00098,0.00010
test_00099,0.01040
test_00100,0.01375
test_00101,0.13903
test_00102,0.00104
test_00103,0.99997
test_00104,0.91371
test_00105,0.00000
test_00106,0.00115
test_00107,0.79703
test_00108,0.19837
test_00109,0.00309
test_00110,0.99997
test_00111,0.22372
test_00112,0.88904
test_00113,0.00027
test_00114,0.89957
test_00115,0.14652
test_00116,0.25517
test_00117,0.98844
test_00118,0.99859
test_00119,0.00944
test_00120,0.08777
test_00121,0.99283
test_00122,0.99924
test_00123,0.86641
test_00124,0.19005
test_00125,0.00059
test_00126,0.00230
test_00127,0.99992
test_00128,0.00019
test_00129,0.00885
test_00130,0.99969
test_00131,0.00135
test_00132,0.24785
test_00133,0.95247
test_00134,0.00200
test_00135,0.79450
test_00136,0.00147
test_00137,0.97329
test_00138,0.99985
test_00139,0.00706
test_00140,0.80005
test_00141,0.01148
test_00142,0.86694
test_00143,0.93172
test_00144,0.00146
test_00145,0.78813
test_00146,0.00039
test_00147,0.99980
test_00148,0.23883
test_00149,0.10544
test_00150,0.00456
test_00151,0.99934
test_00152,0.13206
test_00153,0.15754
test_00154,0.84022
test_00155,0.99992
test_00156,0.99983
test_00157,0.00653
test_00158,0.99949
test_00159,0.99221
test_00160,0.99932
test_00161,0.16825
test_00162,0.14655
test_00163,0.97230
test_00164,0.01614
test_00165,0.80001
test_00166,0.97946
test_00167,0.02102
test_00168,0.03150
test_00169,0.00144
test_00170,0.99574
test_00171,0.94498
test_00172,0.67222
test_00173,0.00900
test_00174,0.00004
test_00175,0.98312
test_00176,0.99911
test_00177,0.00179
test_00178,0.00041
test_00179,0.96128
test_00180,0.00004
test_00181,0.56781
test_00182,0.96598
test_00183,0.26453
test_00184,0.74357
test_00185,0.99962
test_00186,0.19665
test_00187,0.99830
test_00188,0.99923
test_00189,0.99947
test_00190,0.00978
test_00191,0.90967
test_00192,0.00055
test_00193,0.42566
test_00194,0.00034
test_00195,0.00054
test_00196,0.05976
test_00197,0.79966
test_00198,0.06336
test_00199,0.98178
test_00200,0.99974
test_00201,0.99714
test_00202,0.98764
test_00203,0.36873
test_00204,0.97852
test_00205,0.00069
test_00206,0.00931
test_00207,0.00012
test_00208,0.00010
test_00209,0.00129
test_00210,0.06420
test_00211,0.99631
test_00212,0.97126
test_00213,0.84816
test_00214,0.96888
test_00215,0.00001
test_00216,0.10587
test_00217,0.00156
test_00218,0.00032
test_00219,0.82559
test_00220,0.99961
test_00221,0.99298
test_00222,0.00002
test_00223,0.99600
test_00224,0.67340
test_00225,0.80287
test_00226,0.00012
test_00227,0.00599
test_00228,0.11525
test_00229,0.00006
test_00230,0.00221
test_00231,0.99986
test_00232,0.94796
test_00233,0.94517
test_00234,0.00843
test_00235,0.98924
test_00236,0.00033
test_00237,0.00009
test_00238,0.99620
test_00239,0.10609
test_00240,0.00088
test_00241,0.00141
test_00242,0.01202
test_00243,0.98227
test_00244,0.99998
test_00245,0.84237
test_00246,0.00117
test_00247,0.97970
test_00248,0.99672
test_00249,0.99355
test_00250,0.60563
test_00251,0.91930
test_00252,0.00721
test_00253,0.99998
test_00254,0.00017
test_00255,0.00059
test_00256,0.14371
test_00257,0.00021
test_00258,0.21163
test_00259,0.18393
test_00260,0.05751
test_00261,0.64706
test_00262,0.99986
test_00263,0.99885
test_00264,0.98456
test_00265,0.79398
test_00266,0.18519
test_00267,0.74877
test_00268,0.00114
test_00269,0.99909
test_00270,0.95685
test_00271,0.28837
test_00272,0.98091
test_00273,0.02568
test_00274,0.62299
test_00275,0.00014
test_00276,0.26928
test_00277,0.99870
test_00278,0.00815
test_00279,0.02937
test_00280,0.96642
test_00281,0.82639
test_00282,0.99973
test_00283,0.00524
test_00284,0.55914
test_00285,0.00373
test_00286,0.00107
test_00287,0.99133
test_00288,0.99986
test_00289,0.99382
test_00290,0.99118
test_00291,0.99984
test_00292,0.99967
test_00293,0.20177
test_00294,0.99635
test_00295,0.99925
test_00296,0.00079
test_00297,0.98185
test_00298,0.10816
test_00299,0.98152
test_00300,0.01246
test_00301,0.93826
test_00302,0.73059
test_00303,0.00487
test_00304,0.00170
test_00305,0.99046
test_00306,0.99969
test_00307,0.57250
test_00308,0.23586
test_00309,0.99716
test_00310,0.98413
test_00311,0.82950
test_00312,0.00656
test_00313,0.99940
test_00314,0.00033
test_00315,0.98784
test_00316,0.91584
test_00317,0.04439
test_00318,0.99735
test_00319,0.32294
test_00320,0.99982
test_00321,0.07153
test_00322,0.83854
test_00323,0.99561
test_00324,0.64299
test_00325,0.72242
test_00326,0.18239
test_00327,0.05461
test_00328,0.34186
test_00329,0.98855
test_00330,0.99972
test_00331,0.99879
test_00332,0.99961
test_00333,0.99949
test_00334,0.99996
test_00335,0.03137
test_00336,0.00542
test_00337,0.94511
test_00338,0.21359
test_00339,0.99710
test_00340,0.49396
test_00341,0.01190
test_00342,0.99994
test_00343,0.98850
test_00344,0.99945
test_00345,0.99840
test_00346,0.00224
test_00347,0.00870
test_00348,0.99607
test_00349,0.00171
test_00350,0.99845
test_00351,0.03230
test_00352,0.99547
test_00353,0.99336
test_00354,0.14606
test_00355,0.99900
test_00356,0.01153
test_00357,0.00073
test_00358,0.99337
test_00359,0.99938
test_00360,0.98534
test_00361,0.99965
test_00362,0.96166
test_00363,0.99999
test_00364,0.68051
test_00365,0.90373
test_00366,0.87163
test_00367,0.01828
test_00368,0.00041
test_00369,0.99759
test_00370,0.02687
test_00371,0.16884
test_00372,0.99882
test_00373,0.08083
test_00374,0.95376
test_00375,0.99061
test_00376,0.00252
test_00377,0.01072
test_00378,0.83936
test_00379,0.00226
test_00380,0.00039
test_00381,0.96494
test_00382,0.67382
test_00383,0.03172
test_00384,0.99953
test_00385,0.11174
test_00386,0.99928
test_00387,0.99399
test_00388,0.62714
test_00389,0.99903
test_00390,0.97727
test_00391,0.00004
test_00392,0.56591
test_00393,0.89000
test_00394,0.18217
test_00395,0.05475
test_00396,0.13256
test_00397,0.99871
test_00398,0.00409
test_00399,0.83503
test_00400,0.99990
test_00401,0.91452
test_00402,0.99207
test_00403,0.00222
test_00404,0.00713
test_00405,0.97507
test_00406,0.95225
test_00407,0.24390
test_00408,0.99466
test_00409,0.79969
test_00410,0.00034
test_00411,0.07173
test_00412,0.01634
test_00413,0.07811
test_00414,0.61956
test_00415,0.98981
test_00416,0.00045
test_00417,0.00027
test_00418,0.80094
test_00419,0.99991
test_00420,0.00081
test_00421,0.99635
test_00422,0.99989
test_00423,0.00002
test_00424,0.07317
test_00425,0.14881
test_00426,0.88243
test_00427,0.00673
test_00428,0.02249
test_00429,0.99801
test_00430,0.99964
test_00431,0.99959
test_00432,0.99983
test_00433,0.02161
test_00434,0.85949
test_00435,0.20032
test_00436,0.98706
test_00437,0.52615
test_00438,0.98364
test_00439,0.84523
test_00440,0.09329
test_00441,0.00001
test_00442,0.86455
test_00443,0.97927
test_00444,0.99935
test_00445,0.00277
test_00446,0.00046
test_00447,0.00061
test_00448,0.91215
test_00449,0.00008
test_00450,0.00272
test_00451,0.99985
test_00452,0.95017
test_00453,0.00043
test_00454,0.75652
test_00455,0.84721
test_00456,0.20818
test_00457,0.00380
test_00458,0.99959
test_00459,0.99778
test_00460,0.00009
test_00461,0.98547
test_00462,0.05686
test_00463,0.83676
test_00464,0.00004
test_00465,0.00764
test_00466,0.99880
test_00467,0.20694
test_00468,0.99672
test_00469,0.00991
test_00470,0.14096
test_00471,0.00106
test_00472,0.05429
test_00473,0.02523
test_00474,0.00110
test_00475,0.00016
test_00476,0.18730
test_00477,0.02113
test_00478,0.05322
test_00479,0.98213
test_00480,0.99933
test_00481,0.00008
test_00482,0.13831
test_00483,0.99824
test_00484,0.58780
test_00485,0.00035
test_00486,0.01287
test_00487,0.61308
test_00488,0.09228
test_00489,0.99969
test_00490,0.99798
test_00491,0.18005
test_00492,0.84491
test_00493,0.99995
test_00494,0.87737
test_00495,0.99644
test_00496,0.41192
test_00497,0.99823
test_00498,0.08626
test_00499,0.00133
test_00500,0.99908
test_00501,0.00255
test_00502,0.99152
test_00503,0.00862
test_00504,0.99967
test_00505,0.84888
test_00506,0.82688
test_00507,0.00038
test_00508,0.56301
test_00509,0.09257
test_00510,0.84146
test_00511,0.83802
test_00512,0.98571
test_00513,0.99757
test_00514,0.00007
test_00515,0.08160
test_00516,0.06041
test_00517,0.00454
test_00518,0.02386
test_00519,0.99831
test_00520,0.00663
test_00521,0.99866
test_00522,0.39076
test_00523,0.86393
test_00524,0.99963
test_00525,0.28259
test_00526,0.01046
test_00527,0.01285
test_00528,0.00100
test_00529,0.28174
test_00530,0.00026
test_00531,0.53538
test_00532,0.05621
test_00533,0.00183
test_00534,0.99999
test_00535,0.06031
test_00536,0.00007
test_00537,0.16608
test_00538,0.99128
test_00539,0.01153
test_00540,0.89485
test_00541,0.10278
test_00542,0.12399
test_00543,0.99824
test_00544,0.83406
test_00545,0.01240
test_00546,0.00007
test_00547,0.99997
test_00548,0.00153
test_00549,0.79840
test_00550,0.00174
test_00551,0.00214
test_00552,0.80644
test_00553,0.96020
test_00554,0.22262
test_00555,0.04249
test_00556,0.90454
test_00557,0.99965
test_00558,0.20153
test_00559,0.00023
test_00560,0.69980
test_00561,0.20217
test_00562,0.27801
test_00563,0.00103
test_00564,0.99958
test_00565,0.99666
test_00566,0.00003
test_00567,0.98571
test_00568,0.00451
test_00569,0.62309
test_00570,0.00897
test_00571,0.01849
test_00572,0.00010
test_00573,0.00194
test_00574,0.01700
test_00575,0.61484
test_00576,0.99215
test_00577,0.62656
test_00578,0.00007
test_00579,0.99692
test_00580,0.99997
test_00581,0.99982
test_00582,0.01905
test_00583,0.99683
test_00584,0.01645
test_00585,0.01332
test_00586,0.99762
test_00587,1.00000
test_00588,0.24448
test_00589,0.00200
test_00590,0.00011
test_00591,0.00064
test_00592,0.00079
test_00593,0.97522
test_00594,0.93819
test_00595,0.00914
test_00596,0.38721
test_00597,0.00062
test_00598,0.99519
test_00599,0.07431
test_00600,0.60289
test_00601,0.99668
test_00602,0.95074
test_00603,0.15574
test_00604,0.61055
test_00605,0.98913
test_00606,0.99891
test_00607,0.02612
test_00608,0.06396
test_00609,0.00069
test_00610,0.99760
test_00611,0.08984
test_00612,0.59080
test_00613,0.00229
test_00614,0.99047
test_00615,0.99989
test_00616,0.00095
test_00617,0.99974
test_00618,0.00451
test_00619,0.99975
test_00620,0.93826
test_00621,0.05225
test_00622,0.99995
test_00623,0.92039
test_00624,0.01506
test_00625,0.04339
test_00626,0.99970
test_00627,0.19816
test_00628,0.00823
test_00629,0.17906
test_00630,0.99960
test_00631,0.73073
test_00632,0.79702
test_00633,0.79863
test_00634,0.99962
test_00635,0.00007
test_00636,0.99158
test_00637,0.05437
test_00638,0.02192
test_00639,0.99983
test_00640,0.00291
test_00641,0.99424
test_00642,0.75274
test_00643,0.00001
test_00644,0.99963
test_00645,0.99911
test_00646,0.00407
test_00647,0.00266
test_00648,0.68340
test_00649,0.99952
test_00650,0.00004
test_00651,0.00059
test_00652,0.03844
test_00653,0.99973
test_00654,0.93303
test_00655,0.97159
test_00656,0.00382
test_00657,0.21554
test_00658,0.99864
test_00659,0.00403
test_00660,0.02509
test_00661,0.00005
test_00662,0.26533
test_00663,0.42198
test_00664,0.01998
test_00665,0.00372
test_00666,0.97515
test_00667,0.00969
test_00668,0.00800
test_00669,0.06290
test_00670,0.73826
test_00671,0.99826
test_00672,0.99997
test_00673,0.99392
test_00674,0.99634
test_00675,0.99866
test_00676,0.02254
test_00677,0.04865
test_00678,0.99007
test_00679,0.81545
test_00680,0.23129
test_00681,0.99945
test_00682,0.99972
test_00683,0.86257
test_00684,0.99963
test_00685,0.97734
test_00686,0.99991
test_00687,0.07102
test_00688,0.00086
test_00689,0.99966
test_00690,0.05526
test_00691,0.99838
test_00692,0.99696
test_00693,0.99586
test_00694,0.00000
test_00695,0.03814
test_00696,0.19478
test_00697,0.99999
test_00698,0.00443
test_00699,0.00370
test_00700,0.99881
test_00701,0.99226
test_00702,0.94100
test_00703,0.01130
test_00704,0.00123
test_00705,0.96690
test_00706,0.00027
test_00707,0.98992
test_00708,0.00016
test_00709,0.82710
test_00710,0.01709
test_00711,0.96949
test_00712,0.55868
test_00713,0.15400
test_00714,0.20750
test_00715,0.87050
test_00716,0.99928
test_00717,0.98135
test_00718,0.10388
test_00719,0.00197
test_00720,0.98742
test_00721,0.00104
test_00722,0.00021
test_00723,0.99709
test_00724,0.97827
test_00725,0.96579
test_00726,0.00020
test_00727,0.00055
test_00728,0.99754
test_00729,0.97537
test_00730,0.67034
test_00731,0.10091
test_00732,0.00061
test_00733,0.00337
test_00734,0.99849
test_00735,0.02792
test_00736,0.80170
test_00737,0.45308
test_00738,0.09990
test_00739,0.99987
test_00740,0.00097
test_00741,0.99964
test_00742,0.99336
test_00743,0.95594
test_00744,0.03122
test_00745,0.99777
test_00746,0.00355
test_00747,0.00876
test_00748,0.99905
test_00749,0.00145
test_00750,0.12635
test_00751,0.99519
test_00752,0.00090
test_00753,0.00010
test_00754,0.10040
test_00755,0.99931
test_00756,0.01354
test_00757,0.00100
test_00758,0.00860
test_00759,0.06475
test_00760,0.99722
test_00761,0.97378
test_00762,0.00071
test_00763,0.99831
test_00764,0.04743
test_00765,0.99646
test_00766,0.00020
test_00767,0.94344
test_00768,0.00033
test_00769,0.00105
test_00770,0.99976
test_00771,0.13033
test_00772,0.00050
test_00773,0.99086
test_00774,0.79925
test_00775,1.00000
test_00776,0.99889
test_00777,0.01481
test_00778,0.02339
test_00779,0.09100
test_00780,0.97745
test_00781,0.00225
test_00782,0.13767
test_00783,0.65357
test_00784,0.98768
test_00785,0.99915
test_00786,0.99999
test_00787,0.36996
test_00788,0.94959
test_00789,0.07384
test_00790,0.99011
test_00791,0.99937
test_00792,0.90003
test_00793,0.00021
test_00794,0.96075
test_00795,0.00211
test_00796,0.00010
test_00797,0.07362
test_00798,0.99774
test_00799,0.98041
test_00800,0.00021
test_00801,0.00363
test_00802,0.00011
test_00803,0.00400
test_00804,0.44014
test_00805,0.20950
test_00806,0.99876
test_00807,0.99341
test_00808,0.00280
test_00809,0.25444
test_00810,0.99237
test_00811,0.99971
test_00812,0.87456
test_00813,0.00970
test_00814,0.98833
test_00815,0.20679
test_00816,0.00067
test_00817,0.00094
test_00818,0.00049
test_00819,0.94252
test_00820,0.00534
test_00821,0.00018
test_00822,0.91756
test_00823,0.00062
test_00824,0.00003
test_00825,0.99993
test_00826,0.80520
test_00827,0.90631
test_00828,0.80466
test_00829,0.99847
test_00830,0.98977
test_00831,0.99181
test_00832,0.13699
test_00833,0.00020
test_00834,0.00004
test_00835,0.08975
test_00836,0.97417
test_00837,0.56695
test_00838,0.00006
test_00839,0.00000
test_00840,0.00069
test_00841,0.19998
test_00842,0.86005
test_00843,0.99800
test_00844,0.00236
test_00845,0.00009
test_00846,0.99593
test_00847,0.12206
test_00848,0.00005
test_00849,0.00165
test_00850,0.02963
test_00851,0.99373
test_00852,0.91208
test_00853,0.36952
test_00854,0.97461
test_00855,0.22816
test_00856,0.93451
test_00857,0.00184
test_00858,0.16365
test_00859,0.99763
test_00860,0.02646
test_00861,0.96764
test_00862,0.14348
test_00863,0.99993
test_00864,0.17979
test_00865,0.00102
test_00866,0.07714
test_00867,0.02475
test_00868,0.91042
test_00869,0.35979
test_00870,0.26351
test_00871,0.00001
test_00872,0.03330
test_00873,0.99919
test_00874,0.01961
test_00875,0.72879
test_00876,0.18444
test_00877,0.00934
test_00878,0.00085
test_00879,0.99825
test_00880,0.05853
test_00881,0.99674
test_00882,0.81810
test_00883,0.99803
test_00884,0.99936
test_00885,0.47899
test_00886,0.02735
test_00887,0.14248
test_00888,0.12352
test_00889,0.99617
test_00890,0.79649
test_00891,0.99967
test_00892,0.00138
test_00893,0.84151
test_00894,0.89127
test_00895,0.99773
test_00896,0.61532
test_00897,0.56105
test_00898,0.99975
test_00899,0.00170
test_00900,0.05090
test_00901,0.99057
test_00902,0.20745
test_00903,0.99991
test_00904,1.00000
test_00905,0.02574
test_00906,0.68121
test_00907,0.70199
test_00908,0.00352
test_00909,0.96951
test_00910,0.00153
test_00911,0.18720
test_00912,0.76626
test_00913,0.00105
test_00914,0.01675
test_00915,0.60667
test_00916,0.00131
test_00917,0.92315
test_00918,0.00083
test_00919,0.00400
test_00920,0.00015
test_00921,0.00007
test_00922,0.91732
test_00923,0.00025
test_00924,0.22338
test_00925,0.95362
test_00926,0.84755
test_00927,0.00107
test_00928,0.77699
test_00929,0.35591
test_00930,0.00001
test_00931,0.99991
test_00932,0.00887
test_00933,0.83200
test_00934,0.99935
test_00935,0.00536
test_00936,0.99331
test_00937,0.99984
test_00938,0.00215
test_00939,0.99996
test_00940,0.99949
test_00941,0.99962
test_00942,0.99932
test_00943,0.02827
test_00944,0.00108
test_00945,0.97448
test_00946,0.98191
test_00947,0.07577
test_00948,0.00056
test_00949,0.00491
test_00950,0.00291
test_00951,0.81510
test_00952,0.98992
test_00953,0.99967
test_00954,0.74349
test_00955,0.99995
test_00956,0.27330
test_00957,0.43198
test_00958,0.00081
test_00959,0.99208
test_00960,0.00317
test_00961,0.86202
test_00962,0.00228
test_00963,0.98982
test_00964,0.99956
test_00965,0.98918
test_00966,0.80123
test_00967,0.00239
test_00968,0.03470
test_00969,0.99648
test_00970,0.99647
test_00971,0.99607
test_00972,0.59305
test_00973,0.53542
test_00974,0.00007
test_00975,0.98002
test_00976,0.91197
test_00977,0.89407
test_00978,0.00001
test_00979,0.01168
test_00980,0.99952
test_00981,0.93812
test_00982,0.02263
test_00983,0.20803
test_00984,0.03914
test_00985,0.99147
test_00986,0.20197
test_00987,0.00305
test_00988,0.12828
test_00989,0.99247
test_00990,0.06877
test_00991,0.97273
test_00992,0.00004
test_00993,0.02093
test_00994,0.00039
test_00995,0.04858
test_00996,0.33199
test_00997,0.91153
test_00998,0.00008
test_00999,0.05344
test_01000,0.20451
test_01001,0.99980
test_01002,0.15927
test_01003,0.93732
test_01004,0.03859
test_01005,0.01238
test_01006,0.03283
test_01007,0.29916
test_01008,0.94369
test_01009,0.99983
test_01010,0.97890
test_01011,0.92700
test_01012,0.08640
test_01013,0.00010
test_01014,0.00006
test_01015,0.99004
test_01016,0.93032
test_01017,0.13487
test_01018,0.99986
test_01019,0.99257
test_01020,0.99808
test_01021,0.99997
test_01022,0.00230
test_01023,0.98898
test_01024,0.00141
test_01025,0.00754
test_01026,0.99085
test_01027,0.00143
test_01028,0.00293
test_01029,0.99928
test_01030,0.99865
test_01031,0.07701
test_01032,0.59628
test_01033,0.99995
test_01034,0.58151
test_01035,0.00064
test_01036,0.99930
test_01037,0.26826
test_01038,0.98266
test_01039,0.99947
test_01040,0.98406
test_01041,0.73044
test_01042,0.80151
test_01043,0.79878
test_01044,0.99977
test_01045,0.91362
test_01046,0.00903
test_01047,0.99854
test_01048,0.98311
test_01049,0.00288
test_01050,0.00035
test_01051,0.92837
test_01052,0.98613
test_01053,0.00103
test_01054,0.63496
test_01055,0.19329
test_01056,0.07068
test_01057,0.08482
test_01058,0.98678
test_01059,0.60145
test_01060,0.85477
test_01061,0.99988
test_01062,0.12056
test_01063,0.00128
test_01064,0.00139
test_01065,0.16171
test_01066,0.90438
test_01067,0.50275
test_01068,0.99939
test_01069,0.00070
test_01070,0.99922
test_01071,0.99930
test_01072,0.95816
test_01073,0.99826
test_01074,0.78354
test_01075,0.00225
test_01076,0.00127
test_01077,0.95755
test_01078,0.00141
test_01079,0.53033
test_01080,0.99940
test_01081,0.99923
test_01082,0.99465
test_01083,0.99959
test_01084,0.07717
test_01085,0.90413
test_01086,0.97350
test_01087,0.00958
test_01088,0.06462
test_01089,0.98608
test_01090,0.99950
test_01091,0.99932
test_01092,0.14469
test_01093,0.10593
test_01094,0.00325
test_01095,0.99992
test_01096,0.02596
test_01097,0.99790
test_01098,0.99969
test_01099,0.63934
test_01100,0.00187
test_01101,0.16643
test_01102,0.99998
test_01103,0.14195
test_01104,0.03217
test_01105,0.99007
test_01106,0.11547
test_01107,0.99946
test_01108,0.95033
test_01109,0.01219
test_01110,0.99736
test_01111,0.00010
test_01112,0.02562
test_01113,0.99881
test_01114,0.00087
test_01115,0.09304
test_01116,0.97930
test_01117,0.52623
test_01118,0.00203
test_01119,0.02083
test_01120,0.00668
test_01121,0.97918
test_01122,0.17856
test_01123,0.99835
test_01124,0.00524
test_01125,0.98538
test_01126,0.99986
test_01127,0.00000
test_01128,0.87106
test_01129,0.23864
test_01130,0.97887
test_01131,0.81798
test_01132,0.00227
test_01133,0.04539
test_01134,0.00496
test_01135,0.98766
test_01136,0.76398
test_01137,0.99984
test_01138,0.99813
test_01139,0.00027
test_01140,0.01609
test_01141,0.99740
test_01142,0.89411
test_01143,0.99810
test_01144,0.98622
test_01145,0.94733
test_01146,0.98152
test_01147,0.03596
test_01148,0.80550
test_01149,0.00912
test_01150,0.54209
test_01151,0.00040
test_01152,0.00422
test_01153,0.99974
test_01154,0.98492
test_01155,0.05013
test_01156,0.00129
test_01157,0.00106
test_01158,0.00633
test_01159,0.00047
test_01160,0.00002
test_01161,0.00013
test_01162,0.00135
test_01163,0.99991
test_01164,0.00015
test_01165,0.00237
test_01166,0.99984
test_01167,0.87728
test_01168,0.26850
test_01169,0.02056
test_01170,0.04837
test_01171,0.95665
test_01172,0.99999
test_01173,0.05365
test_01174,0.28102
test_01175,0.00023
test_01176,0.00044
test_01177,0.21507
test_01178,0.82877
test_01179,0.00397
test_01180,0.00084
test_01181,0.00010
test_01182,0.86160
test_01183,0.99538
test_01184,0.99984
test_01185,0.00102
test_01186,0.02744
test_01187,0.00090
test_01188,0.00002
test_01189,0.00011
test_01190,0.00009
test_01191,0.10773
test_01192,0.99363
test_01193,0.03297
test_01194,0.99941
test_01195,0.99702
test_01196,0.81245
test_01197,0.86020
test_01198,0.18489
test_01199,0.00046
test_01200,0.48214
test_01201,0.14330
test_01202,0.99926
test_01203,0.99876
test_01204,0.00708
test_01205,0.10661
test_01206,0.86617
test_01207,0.00005
test_01208,0.94390
test_01209,0.42015
test_01210,0.99977
test_01211,0.99983
test_01212,0.00850
test_01213,0.99745
test_01214,0.68597
test_01215,0.00866
test_01216,0.99907
test_01217,0.00166
test_01218,0.08218
test_01219,0.00566
test_01220,0.99991
test_01221,0.99999
test_01222,0.94861
test_01223,0.99737
test_01224,0.99965
test_01225,0.94530
test_01226,0.03404
test_01227,0.99735
test_01228,0.03991
test_01229,0.99927
test_01230,0.99921
test_01231,0.97601
test_01232,0.00049
test_01233,0.99943
test_01234,0.17757
test_01235,0.95739
test_01236,0.99851
test_01237,0.00001
test_01238,0.00011
test_01239,0.99925
test_01240,0.99997
test_01241,0.99780
test_01242,0.01889
test_01243,0.00756
test_01244,0.00001
test_01245,0.99982
test_01246,0.98675
test_01247,0.98113
test_01248,0.00766
test_01249,0.99973
test_01250,0.85892
test_01251,0.94420
test_01252,0.14928
test_01253,0.00413
test_01254,0.99641
test_01255,0.99512
test_01256,0.99437
test_01257,0.18856
test_01258,0.00003
test_01259,0.00246
test_01260,0.00062
test_01261,0.99107
test_01262,0.47346
test_01263,0.92499
test_01264,0.01205
test_01265,0.99651
test_01266,0.00347
test_01267,0.00029
test_01268,0.00399
test_01269,0.98404
test_01270,0.99838
test_01271,0.00007
test_01272,0.00002
test_01273,0.00801
test_01274,0.00578
test_01275,0.99840
test_01276,0.00040
test_01277,0.01721
test_01278,0.46732
test_01279,0.00162
test_01280,0.77885
test_01281,0.79178
test_01282,0.99998
test_01283,0.94690
test_01284,0.02485
test_01285,0.40456
test_01286,0.99283
test_01287,0.99803
test_01288,0.11249
test_01289,0.95994
test_01290,0.99967
test_01291,0.00020
test_01292,0.91095
test_01293,0.03419
test_01294,0.99410
test_01295,0.99346
test_01296,0.50335
test_01297,0.99095
test_01298,0.07161
test_01299,0.99995
test_01300,0.00034
test_01301,0.98733
test_01302,0.98477
test_01303,0.02554
test_01304,0.00572
test_01305,0.00285
test_01306,0.04246
test_01307,0.99987
test_01308,0.99996
test_01309,0.00488
test_01310,0.46725
test_01311,0.00014
test_01312,0.99983
test_01313,0.78817
test_01314,0.99493
test_01315,0.03109
test_01316,0.47880
test_01317,0.99311
test_01318,0.00136
test_01319,0.00352
test_01320,0.76304
test_01321,0.03690
test_01322,0.95468
test_01323,0.79386
test_01324,0.00100
test_01325,0.98815
test_01326,0.09205
test_01327,0.94427
test_01328,0.99836
test_01329,0.99998
test_01330,0.99760
test_01331,0.00210
test_01332,0.98565
test_01333,0.97485
test_01334,0.04806
test_01335,0.99084
test_01336,0.42312
test_01337,0.99999
test_01338,0.99960
test_01339,0.92834
test_01340,0.00051
test_01341,0.96129
test_01342,0.93458
test_01343,0.94815
test_01344,0.98950
test_01345,0.95978
test_01346,0.10871
test_01347,0.99940
test_01348,0.00033
test_01349,0.07007
test_01350,0.89176
test_01351,0.99983
test_01352,0.99937
test_01353,0.00279
test_01354,0.99855
test_01355,0.97859
test_01356,0.01319
test_01357,0.00222
test_01358,0.99998
test_01359,0.09167
test_01360,0.00007
test_01361,0.99893
test_01362,0.00031
test_01363,0.99996
test_01364,0.87331
test_01365,0.27702
test_01366,0.07981
test_01367,0.89187
test_01368,0.15324
test_01369,0.01619
test_01370,0.00049
test_01371,0.00001
test_01372,0.03287
test_01373,0.99732
test_01374,0.99343
test_01375,0.00002
test_01376,0.00768
test_01377,0.00047
test_01378,0.00107
test_01379,0.00030
test_01380,0.06983
test_01381,0.00183
test_01382,0.97648
test_01383,0.99589
test_01384,0.99999
test_01385,0.99724
test_01386,0.19394
test_01387,0.04646
test_01388,0.00835
test_01389,0.00944
test_01390,0.00019
test_01391,0.08361
test_01392,0.98947
test_01393,0.99633
test_01394,0.00011
test_01395,0.99980
test_01396,0.99991
test_01397,0.74468
test_01398,0.11104
test_01399,0.00023
test_01400,0.20672
test_01401,0.00227
test_01402,0.00196
test_01403,0.72750
test_01404,0.83827
test_01405,0.97374
test_01406,0.00267
test_01407,0.99853
test_01408,0.99999
test_01409,0.99809
test_01410,0.98401
test_01411,0.01444
test_01412,0.01134
test_01413,0.01763
test_01414,0.01202
test_01415,0.97998
test_01416,0.99173
test_01417,0.00297
test_01418,0.96351
test_01419,0.03906
test_01420,0.00005
test_01421,0.00638
test_01422,0.00960
test_01423,0.84017
test_01424,1.00000
test_01425,0.99966
test_01426,0.97296
test_01427,0.00293
test_01428,0.99913
test_01429,0.88784
test_01430,0.21176
test_01431,0.00310
test_01432,0.99907
test_01433,0.99116
test_01434,0.98568
test_01435,0.18986
test_01436,0.00056
test_01437,0.01823
test_01438,0.09496
test_01439,0.99113
test_01440,0.82504
test_01441,0.13087
test_01442,0.85416
test_01443,0.00566
test_01444,0.03431
test_01445,0.94843
test_01446,0.01482
test_01447,0.87020
test_01448,0.99794
test_01449,0.71054
test_01450,0.81281
test_01451,0.18247
test_01452,0.99926
test_01453,0.99963
test_01454,0.99817
test_01455,0.89385
test_01456,0.99764
test_01457,0.99960
test_01458,0.99944
test_01459,0.99957
test_01460,0.00008
test_01461,0.00034
test_01462,0.00808
test_01463,0.99671
test_01464,0.00077
test_01465,0.90464
test_01466,0.58422
test_01467,0.99954
test_01468,0.98215
test_01469,0.00395
test_01470,0.00164
test_01471,0.86962
test_01472,0.98120
test_01473,0.00437
test_01474,0.87742
test_01475,0.00016
test_01476,0.00557
test_01477,0.82975
test_01478,0.01468
test_01479,0.87287
test_01480,0.99991
test_01481,0.90010
test_01482,0.00312
test_01483,0.87586
test_01484,0.00005
test_01485,0.98584
test_01486,0.99956
test_01487,0.07621
test_01488,0.99989
test_01489,0.19052
test_01490,0.93701
test_01491,0.00004
test_01492,0.00021
test_01493,0.02957
test_01494,0.00153
test_01495,0.01257
test_01496,0.99102
test_01497,0.86188
test_01498,0.92425
test_01499,0.03029
test_01500,0.00974
test_01501,0.52275
test_01502,0.08148
test_01503,0.80107
test_01504,0.99795
test_01505,0.04598
test_01506,0.98545
test_01507,0.99272
test_01508,0.99948
test_01509,0.99998
test_01510,0.89798
test_01511,0.99926
test_01512,0.99979
test_01513,0.99088
test_01514,0.05152
test_01515,0.80297
test_01516,0.05389
test_01517,0.13981
test_01518,0.80614
test_01519,0.99583
test_01520,0.98692
test_01521,0.90650
test_01522,0.88813
test_01523,0.21192
test_01524,0.99818
test_01525,0.97816
test_01526,0.00004
test_01527,0.99753
test_01528,0.98911
test_01529,0.00004
test_01530,0.99917
test_01531,0.21169
test_01532,0.99686
test_01533,0.99188
test_01534,0.00166
test_01535,0.00468
test_01536,0.00026
test_01537,0.99699
test_01538,0.00281
test_01539,0.99839
test_01540,0.43171
test_01541,0.79091
test_01542,0.72512
test_01543,0.99546
test_01544,0.00169
test_01545,0.99973
test_01546,0.87095
test_01547,0.85813
test_01548,0.13688
test_01549,0.23390
test_01550,0.99824
test_01551,0.01034
test_01552,0.97034
test_01553,0.99972
test_01554,0.00059
test_01555,0.63087
test_01556,0.99917
test_01557,0.87664
test_01558,0.99968
test_01559,0.01331
test_01560,0.99406
test_01561,0.00055
test_01562,0.11677
test_01563,0.99800
test_01564,0.00001
test_01565,0.48716
test_01566,0.99934
test_01567,0.00316
test_01568,0.00084
test_01569,0.00188
test_01570,0.00030
test_01571,0.99786
test_01572,0.98541
test_01573,0.92405
test_01574,0.12741
test_01575,0.07528
test_01576,0.99746
test_01577,0.01022
test_01578,0.97944
test_01579,0.98442
test_01580,0.09165
test_01581,0.99995
test_01582,0.00022
test_01583,0.00025
test_01584,0.77211
test_01585,0.49971
test_01586,0.99987
test_01587,0.96107
test_01588,0.16953
test_01589,0.24079
test_01590,0.99731
test_01591,0.99654
test_01592,0.20054
test_01593,0.00590
test_01594,0.99842
test_01595,0.99985
test_01596,0.00005
test_01597,0.21959
test_01598,0.00478
test_01599,0.98431
test_01600,0.04157
test_01601,0.80124
test_01602,0.01118
test_01603,0.99980
test_01604,0.99357
test_01605,0.25293
test_01606,0.00096
test_01607,0.99858
test_01608,0.98992
test_01609,0.97586
test_01610,0.99806
test_01611,0.00149
test_01612,0.99729
test_01613,0.14685
test_01614,0.01607
test_01615,0.94948
test_01616,0.00064
test_01617,0.94548
test_01618,0.99880
test_01619,0.00162
test_01620,0.00002
test_01621,0.02695
test_01622,0.99938
test_01623,0.96421
test_01624,0.64700
test_01625,0.83180
test_01626,0.99820
test_01627,0.91356
test_01628,0.10428
test_01629,0.99500
test_01630,0.99854
test_01631,0.99884
test_01632,0.00002
test_01633,0.99789
test_01634,0.00076
test_01635,0.98559
test_01636,0.98861
test_01637,0.20097
test_01638,0.75766
test_01639,0.42757
test_01640,0.00019
test_01641,0.03412
test_01642,0.48341
test_01643,0.22331
test_01644,0.99476
test_01645,0.99374
test_01646,0.09026
test_01647,0.99710
test_01648,0.99981
test_01649,0.01812
test_01650,0.05805
test_01651,0.07684
test_01652,0.99892
test_01653,0.00215
test_01654,0.91763
test_01655,0.99991
test_01656,0.98036
test_01657,0.00032
test_01658,0.18909
test_01659,0.00440
test_01660,0.99830
test_01661,0.00178
test_01662,0.83327
test_01663,0.00040
test_01664,0.00143
test_01665,0.99849
test_01666,0.00117
test_01667,0.00003
test_01668,0.99567
test_01669,0.00114
test_01670,0.85091
test_01671,0.98784
test_01672,0.99825
test_01673,0.05073
test_01674,0.00645
test_01675,0.00332
test_01676,0.99988
test_01677,0.86076
test_01678,0.99924
test_01679,0.92851
test_01680,0.00002
test_01681,0.99977
test_01682,0.99825
test_01683,0.36704
test_01684,0.97556
test_01685,0.99922
test_01686,0.99928
test_01687,0.79628
test_01688,0.00159
test_01689,0.04992
test_01690,0.99997
test_01691,0.13327
test_01692,0.01447
test_01693,0.18362
test_01694,0.00003
test_01695,0.10539
test_01696,0.82267
test_01697,0.98568
test_01698,0.99436
test_01699,0.00046
test_01700,0.99840
test_01701,0.02413
test_01702,0.00018
test_01703,0.99977
test_01704,0.00005
test_01705,0.14838
test_01706,0.99616
test_01707,0.89672
test_01708,0.98537
test_01709,0.78416
test_01710,0.99515
test_01711,0.00239
test_01712,0.00694
test_01713,0.03256
test_01714,0.06875
test_01715,0.99658
test_01716,0.92361
test_01717,0.99989
test_01718,0.00177
test_01719,0.00009
test_01720,0.98724
test_01721,0.00053
test_01722,0.99939
test_01723,0.03348
test_01724,0.00038
test_01725,0.01082
test_01726,0.00103
test_01727,0.99892
test_01728,0.06212
test_01729,0.96603
test_01730,0.03351
test_01731,0.02139
test_01732,0.00296
test_01733,0.99881
test_01734,0.99887
test_01735,0.99901
test_01736,0.99695
test_01737,0.99996
test_01738,0.98753
test_01739,0.61811
test_01740,0.51769
test_01741,0.00005
test_01742,0.00017
test_01743,0.99895
test_01744,0.95241
test_01745,0.01987
test_01746,0.03581
test_01747,0.99424
test_01748,0.28922
test_01749,0.84377
test_01750,0.99361
test_01751,0.20586
test_01752,0.02811
test_01753,0.84790
test_01754,0.03825
test_01755,0.91165
test_01756,0.96223
test_01757,0.80232
test_01758,0.01248
test_01759,0.18193
test_01760,0.99210
test_01761,0.03333
test_01762,0.09106
test_01763,0.00041
test_01764,0.99822
test_01765,0.99935
test_01766,0.00239
test_01767,0.00043
test_01768,0.14368
test_01769,0.80915
test_01770,0.96226
test_01771,0.00121
test_01772,0.18561
test_01773,0.87995
test_01774,0.99785
test_01775,0.99333
test_01776,0.99918
test_01777,0.90357
test_01778,0.99997
test_01779,0.21152
test_01780,0.00166
test_01781,0.99995
test_01782,0.00021
test_01783,0.99844
test_01784,0.77318
test_01785,0.95012
test_01786,0.88221
test_01787,0.50827
test_01788,0.99871
test_01789,0.51073
test_01790,0.00083
test_01791,0.82024
test_01792,0.25332
test_01793,0.04111
test_01794,0.89319
test_01795,0.00008
test_01796,0.00082
test_01797,0.04533
test_01798,0.88891
test_01799,0.36084
test_01800,0.91236
test_01801,0.99991
test_01802,0.01033
test_01803,0.99763
test_01804,0.99971
test_01805,0.00083
test_01806,0.38625
test_01807,0.99970
test_01808,0.99999
test_01809,0.99984
test_01810,0.96895
test_01811,0.99970
test_01812,0.99967
test_01813,0.16359
test_01814,0.00017
test_01815,0.99691
test_01816,0.91282
test_01817,0.00123
test_01818,0.98331
test_01819,0.90481
test_01820,0.00506
test_01821,0.99837
test_01822,0.13637
test_01823,0.00155
test_01824,0.78566
test_01825,0.16590
test_01826,0.98696
test_01827,0.00029
test_01828,0.99989
test_01829,0.00211
test_01830,0.99965
test_01831,0.00018
test_01832,0.00066
test_01833,0.19074
test_01834,0.69712
test_01835,0.16149
test_01836,0.00146
test_01837,0.99992
test_01838,0.00245
test_01839,0.99971
test_01840,0.00084
test_01841,0.76085
test_01842,0.57545
test_01843,0.00003
test_01844,0.99474
test_01845,0.39177
test_01846,0.99972
test_01847,0.99894
test_01848,0.00575
test_01849,0.94369
test_01850,0.99688
test_01851,0.99148
test_01852,0.00010
test_01853,0.01184
test_01854,0.00828
test_01855,0.17546
test_01856,0.87740
test_01857,0.00003
test_01858,0.99912
test_01859,0.81691
test_01860,0.87941
test_01861,0.00532
test_01862,0.12153
test_01863,0.95090
test_01864,0.00019
test_01865,0.99957
test_01866,0.01522
test_01867,0.00265
test_01868,0.02210
test_01869,0.99793
test_01870,0.00111
test_01871,0.99836
test_01872,0.03475
test_01873,0.95169
test_01874,0.21287
test_01875,0.00448
test_01876,0.96997
test_01877,0.99984
test_01878,0.05104
test_01879,0.99387
test_01880,0.99860
test_01881,0.88326
test_01882,0.00124
test_01883,0.09528
test_01884,0.00042
test_01885,0.02187
test_01886,0.19010
test_01887,0.86612
test_01888,0.04784
test_01889,0.02339
test_01890,0.99993
test_01891,0.21466
test_01892,0.00810
test_01893,0.99819
test_01894,0.11852
test_01895,0.01356
test_01896,0.81579
test_01897,0.20137
test_01898,0.95887
test_01899,0.14514
test_01900,0.96399
test_01901,0.08047
test_01902,0.99319
test_01903,0.00050
test_01904,0.00485
test_01905,0.99952
test_01906,0.04830
test_01907,0.99657
test_01908,0.98926
test_01909,0.00236
test_01910,0.00055
test_01911,0.00005
test_01912,0.99930
test_01913,0.02381
test_01914,0.99987
test_01915,0.56060
test_01916,0.99988
test_01917,0.99983
test_01918,0.99883
test_01919,0.11524
test_01920,0.99986
test_01921,0.00435
test_01922,0.99769
test_01923,0.54697
test_01924,0.20394
test_01925,0.99655
test_01926,0.00691
test_01927,0.99288
test_01928,0.75277
test_01929,0.99965
test_01930,0.99170
test_01931,0.00079
test_01932,0.99999
test_01933,0.32647
test_01934,0.89432
test_01935,0.00579
test_01936,0.00072
test_01937,0.98578
test_01938,0.02800
test_01939,0.99291
test_01940,0.00000
test_01941,0.99782
test_01942,0.97435
test_01943,0.01340
test_01944,0.99384
test_01945,0.00016
test_01946,0.76455
test_01947,0.06717
test_01948,0.02409
test_01949,0.01923
test_01950,0.97081
test_01951,0.00183
test_01952,0.99503
test_01953,0.00011
test_01954,0.99978
test_01955,0.11390
test_01956,0.99989
test_01957,0.94851
test_01958,0.03108
test_01959,0.00025
test_01960,0.99359
test_01961,0.95946
test_01962,0.00048
test_01963,0.16590
test_01964,0.00001
test_01965,0.96176
test_01966,0.00003
test_01967,0.00386
test_01968,0.92065
test_01969,0.00044
test_01970,0.00715
test_01971,0.99533
test_01972,0.83744
test_01973,0.01206
test_01974,0.08757
test_01975,0.97172
test_01976,0.99321
test_01977,0.00151
test_01978,0.99772
test_01979,0.00066
test_01980,0.00669
test_01981,0.00273
test_01982,0.00018
test_01983,0.08523
test_01984,0.96070
test_01985,0.99955
test_01986,0.77870
test_01987,0.10159
test_01988,0.00046
test_01989,0.95456
test_01990,0.09764
test_01991,0.99945
test_01992,0.21639
test_01993,0.96994
test_01994,0.17305
test_01995,0.99865
test_01996,0.83953
test_01997,0.99156
test_01998,0.00679
test_01999,0.37143
test_02000,0.99842
test_02001,0.05592
test_02002,0.00031
test_02003,0.98673
test_02004,0.00068
test_02005,0.92420
test_02006,0.01113
test_02007,0.09199
test_02008,0.61739
test_02009,0.79913
test_02010,0.84140
test_02011,0.99970
test_02012,0.97162
test_02013,0.99947
test_02014,0.00007
test_02015,0.00728
test_02016,0.93696
test_02017,0.00605
test_02018,0.99677
test_02019,0.98312
test_02020,0.82084
test_02021,0.99906
test_02022,0.04076
test_02023,0.07702
test_02024,0.00127
test_02025,0.99785
test_02026,0.99732
test_02027,0.08415
test_02028,0.99999
test_02029,0.93399
test_02030,0.97574
test_02031,0.79955
test_02032,0.00244
test_02033,0.00005
test_02034,0.00324
test_02035,0.92811
test_02036,0.00452
test_02037,0.00051
test_02038,0.97258
test_02039,0.99865
test_02040,0.79529
test_02041,0.99991
test_02042,0.10303
test_02043,0.11007
test_02044,0.00391
test_02045,0.98940
test_02046,0.03875
test_02047,0.16987
test_02048,0.99821
test_02049,0.00442
test_02050,0.99572
test_02051,0.99079
test_02052,0.00400
test_02053,0.99970
test_02054,0.89425
test_02055,0.99810
test_02056,0.99960
test_02057,0.99909
test_02058,0.65414
test_02059,0.99948
test_02060,0.99890
test_02061,0.80013
test_02062,0.00016
test_02063,0.00026
test_02064,0.99746
test_02065,0.99899
test_02066,0.99934
test_02067,0.00272
test_02068,0.05490
test_02069,0.93482
test_02070,0.00106
test_02071,0.02354
test_02072,0.99947
test_02073,0.01498
test_02074,0.99914
test_02075,0.95524
test_02076,0.26262
test_02077,0.18351
test_02078,0.99992
test_02079,0.01720
test_02080,0.99997
test_02081,0.00019
test_02082,0.87637
test_02083,0.00101
test_02084,0.00399
test_02085,0.04780
test_02086,0.00131
test_02087,0.00002
test_02088,0.00089
test_02089,0.01334
test_02090,0.17783
test_02091,0.08607
test_02092,0.00502
test_02093,0.00002
test_02094,0.99995
test_02095,0.00635
test_02096,0.00406
test_02097,0.00108
test_02098,0.78737
test_02099,0.99938
test_02100,0.99997
test_02101,0.84164
test_02102,0.97478
test_02103,0.11486
test_02104,0.03829
test_02105,0.95956
test_02106,0.99999
test_02107,0.00009
test_02108,0.00095
test_02109,0.00431
test_02110,0.99186
test_02111,0.00013
test_02112,0.77060
test_02113,0.99983
test_02114,0.99914
test_02115,0.01889
test_02116,0.94918
test_02117,0.04063
test_02118,0.20103
test_02119,0.81515
test_02120,0.20095
test_02121,0.94086
test_02122,0.00012
test_02123,0.02285
test_02124,0.05403
test_02125,0.99982
test_02126,0.11576
test_02127,0.00136
test_02128,0.03354
test_02129,0.82960
test_02130,0.99837
test_02131,0.97692
test_02132,0.99552
test_02133,0.99029
test_02134,0.00006
test_02135,0.99891
test_02136,0.94773
test_02137,0.76839
test_02138,0.81816
test_02139,0.99736
test_02140,0.00319
test_02141,0.99924
test_02142,1.00000
test_02143,0.00061
test_02144,0.91668
test_02145,0.04963
test_02146,0.00508
test_02147,0.53622
test_02148,0.97750
test_02149,0.00270
test_02150,0.99827
test_02151,0.00150
test_02152,0.00254
test_02153,0.99846
test_02154,0.95172
test_02155,0.99989
test_02156,0.58901
test_02157,0.00105
test_02158,0.00692
test_02159,0.98754
test_02160,0.98267
test_02161,0.88366
test_02162,0.99917
test_02163,0.00014
test_02164,0.00013
test_02165,0.03664
test_02166,0.20630
test_02167,0.73735
test_02168,0.00171
test_02169,0.00114
test_02170,0.87769
test_02171,0.01771
test_02172,0.90397
test_02173,0.00694
test_02174,0.65283
test_02175,0.79806
test_02176,0.03274
test_02177,0.94563
test_02178,0.36183
test_02179,0.99740
test_02180,0.99998
test_02181,0.99660
test_02182,0.00307
test_02183,0.00346
test_02184,0.15369
test_02185,0.99949
test_02186,0.00007
test_02187,0.97900
test_02188,0.22595
test_02189,0.99601
test_02190,0.99990
test_02191,0.99918
test_02192,0.00970
test_02193,0.05640
test_02194,0.99991
test_02195,0.99694
test_02196,0.00126
test_02197,0.99774
test_02198,0.01034
test_02199,0.52326
test_02200,0.63599
test_02201,0.08761
test_02202,0.00780
test_02203,0.00294
test_02204,0.00653
test_02205,0.04057
test_02206,0.99948
test_02207,0.19097
test_02208,0.99736
test_02209,0.95392
test_02210,0.00471
test_02211,0.84953
test_02212,0.00467
test_02213,0.99999
test_02214,0.99126
test_02215,0.03181
test_02216,0.08289
test_02217,0.00011
test_02218,0.99875
test_02219,0.01265
test_02220,0.00476
test_02221,0.00188
test_02222,0.99886
test_02223,0.08650
test_02224,0.99925
test_02225,0.00250
test_02226,0.09223
test_02227,0.12389
test_02228,0.99983
test_02229,0.99572
test_02230,0.79729
test_02231,0.12194
test_02232,0.78900
test_02233,0.99963
test_02234,0.00002
test_02235,0.73339
test_02236,0.44995
test_02237,0.99909
test_02238,0.18705
test_02239,0.79376
test_02240,0.98865
test_02241,0.99951
test_02242,0.00144
test_02243,0.00302
test_02244,0.99706
test_02245,0.00340
test_02246,0.99944
test_02247,0.99842
test_02248,0.96190
test_02249,0.87974
test_02250,0.99873
test_02251,0.00401
test_02252,0.98939
test_02253,0.99893
test_02254,0.00523
test_02255,0.97555
test_02256,0.01198
test_02257,0.90462
test_02258,0.17058
test_02259,0.99784
test_02260,0.05254
test_02261,0.00066
test_02262,0.00326
test_02263,0.99898
test_02264,0.25104
test_02265,0.99956
test_02266,0.99804
test_02267,0.00984
test_02268,0.00046
test_02269,0.97907
test_02270,0.99754
test_02271,0.21432
test_02272,0.04786
test_02273,0.21774
test_02274,0.91158
test_02275,0.99941
test_02276,0.99234
test_02277,0.99928
test_02278,0.99917
test_02279,0.99918
test_02280,0.00101
test_02281,0.99240
test_02282,0.14123
test_02283,0.33807
test_02284,0.00030
test_02285,0.98178
test_02286,0.00635
test_02287,0.00035
test_02288,0.00546
test_02289,0.00009
test_02290,0.61318
test_02291,0.00256
test_02292,0.00312
test_02293,0.00119
test_02294,0.99993
test_02295,0.82889
test_02296,0.99995
test_02297,0.99833
test_02298,0.95698
test_02299,0.99835
test_02300,0.00036
test_02301,0.69786
test_02302,0.88403
test_02303,0.99474
test_02304,0.00006
test_02305,0.99991
test_02306,0.99937
test_02307,0.21783
test_02308,0.00300
test_02309,0.00027
test_02310,0.99803
test_02311,0.99211
test_02312,0.22407
test_02313,0.96201
test_02314,0.02154
test_02315,0.97373
test_02316,0.99706
test_02317,0.00111
test_02318,0.99700
test_02319,0.99998
test_02320,0.46507
test_02321,0.95798
test_02322,0.99966
test_02323,0.00606
test_02324,0.99715
test_02325,0.83713
test_02326,0.00060
test_02327,0.64925
test_02328,0.01079
test_02329,0.00033
test_02330,0.10167
test_02331,0.00030
test_02332,0.00275
test_02333,0.01140
test_02334,0.78685
test_02335,0.95097
test_02336,0.99978
test_02337,0.05082
test_02338,0.24064
test_02339,0.99818
test_02340,0.99432
test_02341,0.87150
test_02342,0.00355
test_02343,0.93103
test_02344,0.00019
test_02345,0.02428
test_02346,0.99949
test_02347,0.99092
test_02348,0.34680
test_02349,0.99935
test_02350,0.00032
test_02351,0.00002
test_02352,0.00061
test_02353,0.02033
test_02354,0.99697
test_02355,0.99747
test_02356,0.94152
test_02357,0.00089
test_02358,0.19998
test_02359,0.98848
test_02360,0.49443
test_02361,0.93383
test_02362,0.55956
test_02363,0.81913
test_02364,0.99890
test_02365,0.99994
test_02366,0.00134
test_02367,0.99124
test_02368,0.00044
test_02369,0.00021
test_02370,0.98250
test_02371,0.98322
test_02372,0.00132
test_02373,0.01922
test_02374,0.99895
test_02375,0.98511
test_02376,0.62459
test_02377,0.57963
test_02378,0.98707
test_02379,0.00109
test_02380,0.98765
test_02381,0.99981
test_02382,0.99890
test_02383,0.21417
test_02384,0.00037
test_02385,0.46205
test_02386,0.00011
test_02387,0.99926
test_02388,0.00273
test_02389,0.00037
test_02390,0.99896
test_02391,0.00615
test_02392,0.97103
test_02393,0.01721
test_02394,0.00005
test_02395,0.99999
test_02396,0.00057
test_02397,0.99487
test_02398,0.99971
test_02399,0.18598
test_02400,0.99999
test_02401,0.99957
test_02402,0.99988
test_02403,0.15583
test_02404,0.99935
test_02405,0.78617
test_02406,0.21456
test_02407,0.99976
test_02408,0.13207
test_02409,0.26016
test_02410,0.00015
test_02411,0.91132
test_02412,0.97928
test_02413,0.99938
test_02414,0.99346
test_02415,0.99957
test_02416,0.00298
test_02417,0.87408
test_02418,0.22033
test_02419,0.02362
test_02420,0.00019
test_02421,0.99068
test_02422,0.00677
test_02423,0.99913
test_02424,0.00009
test_02425,0.11618
test_02426,0.99998
test_02427,0.99942
test_02428,0.00026
test_02429,0.01050
test_02430,0.96565
test_02431,0.11871
test_02432,0.17186
test_02433,0.96855
test_02434,0.99991
test_02435,0.63962
test_02436,0.03989
test_02437,0.83750
test_02438,0.99384
test_02439,0.99935
test_02440,0.99999
test_02441,0.99941
test_02442,0.01162
test_02443,0.99990
test_02444,0.40792
test_02445,0.13381
test_02446,0.00073
test_02447,0.99984
test_02448,0.99985
test_02449,0.00301
test_02450,0.94923
test_02451,0.99863
test_02452,0.00085
test_02453,0.75291
test_02454,0.98743
test_02455,0.01110
test_02456,0.00012
test_02457,0.03651
test_02458,0.00032
test_02459,0.00467
test_02460,0.81144
test_02461,0.99968
test_02462,0.99956
test_02463,0.08082
test_02464,0.99871
test_02465,0.00163
test_02466,0.01981
test_02467,0.00410
test_02468,0.99872
test_02469,0.02390
test_02470,0.83887
test_02471,0.99923
test_02472,0.19966
test_02473,0.98897
test_02474,0.00053
test_02475,0.01118
test_02476,0.00063
test_02477,0.43694
test_02478,0.98707
test_02479,0.99797
test_02480,0.99522
test_02481,0.99889
test_02482,0.75929
test_02483,0.00381
test_02484,0.06966
test_02485,0.19046
test_02486,0.99635
test_02487,0.75225
test_02488,0.19884
test_02489,0.99996
test_02490,0.99806
test_02491,0.16387
test_02492,0.02970
test_02493,0.00019
test_02494,0.99946
test_02495,0.00016
test_02496,0.99714
test_02497,0.75974
test_02498,0.80039
test_02499,0.82553
test_02500,0.99836
test_02501,0.00016
test_02502,0.08265
test_02503,0.99866
test_02504,0.97242
test_02505,0.02931
test_02506,0.00092
test_02507,0.99554
test_02508,0.00076
test_02509,0.98144
test_02510,0.17885
test_02511,0.99667
test_02512,0.99908
test_02513,0.99990
test_02514,0.00317
test_02515,0.99993
test_02516,0.99372
test_02517,0.03565
test_02518,0.00421
test_02519,0.87732
test_02520,0.00036
test_02521,0.01666
test_02522,0.99920
test_02523,0.00164
test_02524,0.95187
test_02525,0.99975
test_02526,0.00193
test_02527,0.20255
test_02528,0.80701
test_02529,0.97304
test_02530,0.99495
test_02531,0.99513
test_02532,0.00468
test_02533,0.98611
test_02534,0.00622
test_02535,0.86348
test_02536,0.99931
test_02537,0.63729
test_02538,0.18320
test_02539,0.95840
test_02540,0.00281
test_02541,0.03621
test_02542,0.98336
test_02543,0.92023
test_02544,0.99485
test_02545,0.96355
test_02546,0.00342
test_02547,0.99918
test_02548,0.37655
test_02549,0.99944
test_02550,1.00000
test_02551,0.00709
test_02552,0.96923
test_02553,0.98679
test_02554,0.87121
test_02555,0.26808
test_02556,0.29693
test_02557,0.92257
test_02558,0.99909
test_02559,0.00016
test_02560,0.00035
test_02561,0.99992
test_02562,0.53704
test_02563,0.98631
test_02564,0.88537
test_02565,0.97427
test_02566,0.77579
test_02567,0.28279
test_02568,0.00092
test_02569,0.03715
test_02570,0.98930
test_02571,0.00589
test_02572,0.30357
test_02573,0.01895
test_02574,0.29184
test_02575,0.09070
test_02576,0.98736
test_02577,0.50982
test_02578,0.97771
test_02579,0.00120
test_02580,0.27437
test_02581,0.57681
test_02582,0.01917
test_02583,0.43650
test_02584,0.99959
test_02585,0.00162
test_02586,0.74792
test_02587,0.19523
test_02588,0.19216
test_02589,0.08765
test_02590,0.84319
test_02591,0.99954
test_02592,0.94005
test_02593,0.81544
test_02594,0.99999
test_02595,0.99857
test_02596,0.00561
test_02597,0.99970
test_02598,0.98019
test_02599,0.17214
test_02600,0.81679
test_02601,0.00995
test_02602,0.02098
test_02603,0.00024
test_02604,0.18098
test_02605,0.02975
test_02606,0.81996
test_02607,0.99955
test_02608,0.87808
test_02609,0.99998
test_02610,0.00094
test_02611,0.93582
test_02612,0.17585
test_02613,0.02296
test_02614,0.01656
test_02615,0.00001
test_02616,0.46917
test_02617,0.99167
test_02618,0.08996
test_02619,0.99684
test_02620,0.00004
test_02621,0.99841
test_02622,0.26290
test_02623,0.41367
test_02624,0.99935
test_02625,0.00569
test_02626,0.99958
test_02627,0.99938
test_02628,0.00301
test_02629,0.00165
test_02630,0.99746
test_02631,0.00025
test_02632,0.18940
test_02633,0.99497
test_02634,0.00038
test_02635,0.01242
test_02636,0.03388
test_02637,0.99990
test_02638,0.99059
test_02639,0.29851
test_02640,0.99209
test_02641,0.99968
test_02642,0.01898
test_02643,0.99833
test_02644,0.00008
test_02645,0.05178
test_02646,0.00093
test_02647,0.00274
test_02648,0.00030
test_02649,0.99743
test_02650,0.01216
test_02651,0.96369
test_02652,0.10735
test_02653,0.97214
test_02654,0.85838
test_02655,0.09543
test_02656,0.12994
test_02657,0.00138
test_02658,0.99490
test_02659,0.99517
test_02660,0.19906
test_02661,0.99979
test_02662,0.80068
test_02663,0.00017
test_02664,0.99470
test_02665,0.83870
test_02666,0.99301
test_02667,0.76244
test_02668,0.99911
test_02669,0.02291
test_02670,0.26861
test_02671,0.00305
test_02672,0.99885
test_02673,0.99984
test_02674,0.64333
test_02675,0.49859
test_02676,0.99954
test_02677,0.01287
test_02678,0.99957
test_02679,0.86567
test_02680,0.01067
test_02681,0.19308
test_02682,0.00911
test_02683,0.85499
test_02684,0.07683
test_02685,0.24222
test_02686,0.99863
test_02687,0.33614
test_02688,0.99964
test_02689,0.99935
test_02690,0.19547
test_02691,0.01248
test_02692,0.99996
test_02693,0.22026
test_02694,0.83562
test_02695,0.89287
test_02696,0.94866
test_02697,0.00332
test_02698,0.00171
test_02699,0.98561
test_02700,0.00850
test_02701,0.00110
test_02702,0.48453
test_02703,0.00276
test_02704,0.00793
test_02705,0.98479
test_02706,0.00217
test_02707,0.99721
test_02708,0.98173
test_02709,0.99563
test_02710,0.98177
test_02711,0.09903
test_02712,0.99883
test_02713,0.06063
test_02714,0.00025
test_02715,0.99822
test_02716,0.58363
test_02717,0.77762
test_02718,0.00322
test_02719,0.96557
test_02720,0.19926
test_02721,0.00027
test_02722,0.10120
test_02723,0.99998
test_02724,0.59531
test_02725,0.13401
test_02726,0.97585
test_02727,0.06198
test_02728,0.00222
test_02729,0.04617
test_02730,0.99956
test_02731,0.02358
test_02732,0.95315
test_02733,0.86818
test_02734,0.00009
test_02735,0.99999
test_02736,0.29751
test_02737,0.99981
test_02738,0.92421
test_02739,0.89226
test_02740,0.99987
test_02741,0.04838
test_02742,0.62659
test_02743,0.02482
test_02744,0.01429
test_02745,0.99976
test_02746,0.14117
test_02747,0.01853
test_02748,0.00034
test_02749,0.79616
test_02750,0.99913
test_02751,0.73269
test_02752,0.88095
test_02753,0.99940
test_02754,0.00209
test_02755,0.99055
test_02756,0.99134
test_02757,0.00260
test_02758,0.11453
test_02759,0.98641
test_02760,0.00097
test_02761,0.99942
test_02762,0.00294
test_02763,0.00884
test_02764,0.98002
test_02765,0.04007
test_02766,0.44172
test_02767,0.00111
test_02768,0.27073
test_02769,0.00313
test_02770,0.10757
test_02771,0.99787
test_02772,0.96883
test_02773,0.03914
test_02774,0.99496
test_02775,0.77092
test_02776,0.99875
test_02777,0.99944
test_02778,0.19344
test_02779,0.12168
test_02780,0.94426
test_02781,0.85918
test_02782,0.48611
test_02783,0.02583
test_02784,0.04364
test_02785,0.99927
test_02786,0.00039
test_02787,0.00013
test_02788,0.98168
test_02789,0.00193
test_02790,0.13560
test_02791,0.01506
test_02792,0.14435
test_02793,0.00255
test_02794,0.00213
test_02795,0.99858
test_02796,0.99614
test_02797,0.00348
test_02798,0.99848
test_02799,0.33830
test_02800,0.01918
test_02801,0.00860
test_02802,0.00011
test_02803,0.00123
test_02804,0.21177
test_02805,0.04178
test_02806,0.95632
test_02807,0.00030
test_02808,0.14488
test_02809,0.11434
test_02810,0.00045
test_02811,0.00017
test_02812,0.61801
test_02813,0.68803
test_02814,0.99901
test_02815,0.00699
test_02816,0.38941
test_02817,0.01133
test_02818,0.17574
test_02819,0.99376
test_02820,0.00027
test_02821,0.99742
test_02822,0.87571
test_02823,0.79532
test_02824,0.00141
test_02825,0.99999
test_02826,0.99923
test_02827,0.96158
test_02828,0.99980
test_02829,0.99981
test_02830,0.99833
test_02831,0.99834
test_02832,0.06643
test_02833,0.00446
test_02834,0.95606
test_02835,0.00022
test_02836,0.98706
test_02837,0.99748
test_02838,0.00042
test_02839,0.99358
test_02840,0.98855
test_02841,0.99864
test_02842,0.98954
test_02843,0.01903
test_02844,0.00088
test_02845,0.18231
test_02846,0.99799
test_02847,0.99966
test_02848,0.08890
test_02849,0.25946
test_02850,0.00176
test_02851,0.99999
test_02852,0.00029
test_02853,0.01057
test_02854,0.15810
test_02855,0.99895
test_02856,0.00627
test_02857,0.99912
test_02858,0.99727
test_02859,0.99996
test_02860,0.76254
test_02861,0.99422
test_02862,0.17684
test_02863,0.11457
test_02864,0.27171
test_02865,0.99987
test_02866,0.99928
test_02867,0.98957
test_02868,0.00136
test_02869,0.91780
test_02870,0.92332
test_02871,0.99322
test_02872,0.19281
test_02873,0.99975
test_02874,0.99246
test_02875,0.89919
test_02876,0.99978
test_02877,0.06766
test_02878,0.02887
test_02879,0.19986
test_02880,0.99995
test_02881,0.10517
test_02882,0.00320
test_02883,0.99846
test_02884,0.19916
test_02885,0.86631
test_02886,0.07670
test_02887,0.00014
test_02888,0.00388
test_02889,0.12144
test_02890,0.00243
test_02891,0.02468
test_02892,0.06758
test_02893,0.00031
test_02894,0.06375
test_02895,0.20694
test_02896,0.98463
test_02897,0.09209
test_02898,0.93433
test_02899,0.47096
test_02900,0.95596
test_02901,0.99988
test_02902,0.00115
test_02903,0.00041
test_02904,0.05018
test_02905,0.98259
test_02906,0.99910
test_02907,0.96414
test_02908,0.79677
test_02909,0.16627
test_02910,0.00114
test_02911,0.00078
test_02912,0.92099
test_02913,0.00029
test_02914,0.85901
test_02915,0.99597
test_02916,0.98825
test_02917,0.00786
test_02918,0.06177
test_02919,0.00171
test_02920,0.00271
test_02921,0.43240
test_02922,0.99915
test_02923,0.00077
test_02924,0.14799
test_02925,0.00299
test_02926,0.99922
test_02927,0.93785
test_02928,0.72636
test_02929,0.00047
test_02930,0.99999
test_02931,0.98451
test_02932,0.98620
test_02933,0.00985
test_02934,0.48316
test_02935,0.88304
test_02936,0.99918
test_02937,0.00953
test_02938,0.75943
test_02939,0.99940
test_02940,0.26957
test_02941,0.95358
test_02942,0.00008
test_02943,0.96396
test_02944,0.00002
test_02945,0.98415
test_02946,0.01843
test_02947,0.46112
test_02948,0.00018
test_02949,0.79918
test_02950,0.21259
test_02951,0.15085
test_02952,0.99984
test_02953,0.99750
test_02954,0.99956
test_02955,0.01366
test_02956,0.00020
test_02957,0.00041
test_02958,0.99031
test_02959,0.00493
test_02960,0.44349
test_02961,0.00296
test_02962,0.97288
test_02963,0.00127
test_02964,0.42795
test_02965,0.00403
test_02966,0.00100
test_02967,0.00396
test_02968,0.99861
test_02969,0.99848
test_02970,0.80840
test_02971,0.98037
test_02972,0.99999
test_02973,0.01579
test_02974,0.13737
test_02975,0.00417
test_02976,0.88029
test_02977,0.66699
test_02978,0.99938
test_02979,0.99887
test_02980,0.01918
test_02981,0.90308
test_02982,0.98612
test_02983,0.76155
test_02984,0.86412
test_02985,0.00014
test_02986,0.77665
test_02987,0.00003
test_02988,0.02499
test_02989,0.96298
test_02990,0.99672
test_02991,0.98645
test_02992,0.00275
test_02993,0.00013
test_02994,0.97847
test_02995,0.00013
test_02996,0.02280
test_02997,0.20659
test_02998,0.03901
test_02999,0.99751
test_03000,0.99979
test_03001,0.99914
test_03002,0.99820
test_03003,0.90524
test_03004,0.00747
test_03005,0.24510
test_03006,0.88071
test_03007,0.01589
test_03008,0.04330
test_03009,0.07210
test_03010,0.82226
test_03011,0.99994
test_03012,0.00158
test_03013,0.89642
test_03014,0.99995
test_03015,0.00034
test_03016,0.00059
test_03017,0.71795
test_03018,0.00043
test_03019,0.00006
test_03020,0.98874
test_03021,0.00149
test_03022,0.99961
test_03023,0.20208
test_03024,0.99944
test_03025,0.77504
test_03026,0.07734
test_03027,0.00870
test_03028,0.19302
test_03029,0.00247
test_03030,0.26711
test_03031,0.18051
test_03032,0.00084
test_03033,0.85804
test_03034,0.08715
test_03035,0.00415
test_03036,0.00646
test_03037,0.00393
test_03038,0.00026
test_03039,0.00208
test_03040,0.99971
test_03041,0.99926
test_03042,0.99885
test_03043,0.99583
test_03044,0.99972
test_03045,0.87241
test_03046,0.95145
test_03047,0.84196
test_03048,0.01006
test_03049,0.85864
test_03050,0.00023
test_03051,0.00254
test_03052,0.19622
test_03053,0.00054
test_03054,0.01154
test_03055,0.99644
test_03056,0.99673
test_03057,0.00036
test_03058,0.01334
test_03059,0.99745
test_03060,0.97493
test_03061,0.99997
test_03062,0.99998
test_03063,0.00615
test_03064,0.98683
test_03065,0.00120
test_03066,0.99720
test_03067,0.93100
test_03068,0.43675
test_03069,0.99990
test_03070,0.36619
test_03071,0.99884
test_03072,0.20909
test_03073,0.00409
test_03074,0.86896
test_03075,0.79389
test_03076,0.00175
test_03077,0.76313
test_03078,0.01129
test_03079,0.20116
test_03080,0.26503
test_03081,0.64193
test_03082,0.90116
test_03083,0.99795
test_03084,0.18979
test_03085,0.24870
test_03086,0.06240
test_03087,0.36934
test_03088,0.86862
test_03089,0.00894
test_03090,0.99813
test_03091,0.94817
test_03092,0.00021
test_03093,0.99596
test_03094,0.99911
test_03095,0.95855
test_03096,0.96691
test_03097,0.00607
test_03098,0.00577
test_03099,0.93431
test_03100,0.86770
test_03101,0.28645
test_03102,0.88546
test_03103,0.02895
test_03104,0.26991
test_03105,0.26988
test_03106,0.01553
test_03107,0.00371
test_03108,0.00098
test_03109,0.03729
test_03110,0.08999
test_03111,0.00393
test_03112,0.00072
test_03113,0.00928
test_03114,0.00320
test_03115,0.01549
test_03116,0.99681
test_03117,0.00222
test_03118,0.04343
test_03119,0.99957
test_03120,0.20077
test_03121,0.00208
test_03122,0.86028
test_03123,0.99994
test_03124,0.93203
test_03125,0.25751
test_03126,0.99150
test_03127,0.63749
test_03128,0.00036
test_03129,0.05231
test_03130,0.99659
test_03131,0.63978
test_03132,0.84627
test_03133,0.00004
test_03134,0.45802
test_03135,0.99923
test_03136,0.01763
test_03137,0.40839
test_03138,0.01036
test_03139,0.00240
test_03140,0.18329
test_03141,0.98207
test_03142,0.99958
test_03143,0.06430
test_03144,0.99659
test_03145,0.99916
test_03146,0.00635
test_03147,0.01915
test_03148,0.00082
test_03149,0.07445
test_03150,0.99843
test_03151,0.00519
test_03152,0.99704
test_03153,0.00009
test_03154,0.75598
test_03155,0.00025
test_03156,0.99911
test_03157,0.00021
test_03158,0.99972
test_03159,0.99596
test_03160,0.19770
test_03161,0.00107
test_03162,0.99979
test_03163,0.00514
test_03164,0.99974
test_03165,0.00070
test_03166,0.00030
test_03167,0.00015
test_03168,0.00026
test_03169,0.00021
test_03170,0.00000
test_03171,0.97850
test_03172,0.98125
test_03173,0.99126
test_03174,0.63103
test_03175,0.22996
test_03176,0.99954
test_03177,0.39777
test_03178,0.99420
test_03179,0.02000
test_03180,0.99708
test_03181,0.99995
test_03182,0.00001
test_03183,0.97454
test_03184,0.99981
test_03185,0.99891
test_03186,0.00343
test_03187,0.79961
test_03188,0.16145
test_03189,0.99001
test_03190,0.01393
test_03191,0.00690
test_03192,0.93426
test_03193,0.07003
test_03194,0.99309
test_03195,0.22552
test_03196,0.99997
test_03197,0.00321
test_03198,0.00048
test_03199,0.22073
test_03200,0.01694
test_03201,0.07761
test_03202,0.08604
test_03203,0.00254
test_03204,0.99903
test_03205,0.75646
test_03206,0.00006
test_03207,0.98809
test_03208,0.04285
test_03209,0.11807
test_03210,0.83524
test_03211,0.00046
test_03212,0.99970
test_03213,0.99842
test_03214,0.00020
test_03215,0.99984
test_03216,0.09633
test_03217,0.00221
test_03218,0.00055
test_03219,0.99709
test_03220,0.85686
test_03221,0.76478
test_03222,0.04598
test_03223,0.00548
test_03224,0.99998
test_03225,0.99958
test_03226,0.00304
test_03227,0.98688
test_03228,0.99883
test_03229,0.00140
test_03230,0.99355
test_03231,0.99998
test_03232,0.99181
test_03233,0.00201
test_03234,0.00603
test_03235,0.14986
test_03236,0.00001
test_03237,0.99161
test_03238,0.12151
test_03239,0.00160
test_03240,0.19319
test_03241,0.42077
test_03242,0.00793
test_03243,0.00020
test_03244,0.66103
test_03245,0.99794
test_03246,0.98299
test_03247,0.99965
test_03248,0.18901
test_03249,0.99992
test_03250,0.01277
test_03251,0.00621
test_03252,0.99919
test_03253,0.99889
test_03254,0.00065
test_03255,0.00156
test_03256,0.99343
test_03257,0.98939
test_03258,0.63807
test_03259,0.98952
test_03260,0.00041
test_03261,0.01027
test_03262,0.99085
test_03263,0.10730
test_03264,0.00687
test_03265,0.00518
test_03266,0.99989
test_03267,0.99955
test_03268,0.15891
test_03269,0.99972
test_03270,0.00063
test_03271,0.15817
test_03272,0.99317
test_03273,0.00168
test_03274,0.00019
test_03275,0.00139
test_03276,0.00566
test_03277,0.00682
test_03278,0.99845
test_03279,0.92578
test_03280,0.94532
test_03281,0.99735
test_03282,0.36249
test_03283,0.02625
test_03284,0.00016
test_03285,0.99944
test_03286,0.99737
test_03287,0.99991
test_03288,0.23608
test_03289,0.99457
test_03290,0.10102
test_03291,0.29399
test_03292,0.41961
test_03293,0.72265
test_03294,0.98898
test_03295,0.00017
test_03296,0.00184
test_03297,0.99976
test_03298,0.00022
test_03299,0.99703
test_03300,0.99995
test_03301,0.00510
test_03302,0.99999
test_03303,0.00451
test_03304,0.00006
test_03305,0.94390
test_03306,0.99947
test_03307,0.99895
test_03308,0.99995
test_03309,0.00542
test_03310,0.99886
test_03311,0.07985
test_03312,0.99604
test_03313,0.00058
test_03314,0.00158
test_03315,0.86943
test_03316,0.94839
test_03317,0.84440
test_03318,0.99830
test_03319,0.00079
test_03320,0.99977
test_03321,0.99680
test_03322,0.99969
test_03323,0.99996
test_03324,0.02680
test_03325,0.01369
test_03326,0.12758
test_03327,0.99993
test_03328,0.90038
test_03329,0.01024
test_03330,0.99960
test_03331,0.00289
test_03332,0.99710
test_03333,0.00736
test_03334,0.95680
test_03335,0.95695
test_03336,0.00005
test_03337,0.02107
test_03338,0.76054
test_03339,0.99456
test_03340,0.99939
test_03341,0.00039
test_03342,0.20776
test_03343,0.02487
test_03344,0.84863
test_03345,0.00204
test_03346,0.00189
test_03347,0.83089
test_03348,0.00004
test_03349,0.99980
test_03350,0.97225
test_03351,0.05809
test_03352,0.99878
test_03353,0.02190
test_03354,0.10737
test_03355,0.60946
test_03356,0.17738
test_03357,0.99909
test_03358,0.14071
test_03359,0.99961
test_03360,0.39656
test_03361,0.00039
test_03362,0.98482
test_03363,0.93791
test_03364,0.79264
test_03365,0.83080
test_03366,0.67540
test_03367,0.46980
test_03368,0.68267
test_03369,0.03539
test_03370,0.98622
test_03371,0.99964
test_03372,0.14693
test_03373,0.42120
test_03374,0.98246
test_03375,0.00021
test_03376,0.99895
test_03377,0.17041
test_03378,0.00990
test_03379,0.91515
test_03380,0.99986
test_03381,0.99993
test_03382,0.97868
test_03383,0.00006
test_03384,0.86169
test_03385,0.99967
test_03386,0.74068
test_03387,0.99997
test_03388,0.36822
test_03389,0.90158
test_03390,0.93612
test_03391,0.99889
test_03392,0.84097
test_03393,0.00079
test_03394,0.31014
test_03395,0.85233
test_03396,0.00215
test_03397,0.00254
test_03398,0.99935
test_03399,0.97019
test_03400,0.04355
test_03401,0.13753
test_03402,0.98532
test_03403,0.01047
test_03404,0.00175
test_03405,0.99469
test_03406,0.00019
test_03407,0.00020
test_03408,0.22558
test_03409,0.00287
test_03410,0.05184
test_03411,0.98044
test_03412,0.99931
test_03413,0.00444
test_03414,0.00064
test_03415,0.85818
test_03416,0.16228
test_03417,0.03596
test_03418,0.02389
test_03419,0.00008
test_03420,0.99408
test_03421,0.00194
test_03422,0.85088
test_03423,0.00385
test_03424,0.00052
test_03425,0.00142
test_03426,0.92955
test_03427,0.99977
test_03428,0.00377
test_03429,0.87609
test_03430,0.99943
test_03431,0.97211
test_03432,0.04459
test_03433,0.93080
test_03434,0.00032
test_03435,0.99982
test_03436,0.05203
test_03437,0.13186
test_03438,0.00029
test_03439,0.99802
test_03440,0.99174
test_03441,0.99794
test_03442,0.74267
test_03443,0.92522
test_03444,0.19562
test_03445,0.19407
test_03446,0.95067
test_03447,0.99244
test_03448,0.97807
test_03449,0.99996
test_03450,0.60530
test_03451,0.73349
test_03452,0.00046
test_03453,0.00141
test_03454,0.11305
test_03455,0.00234
test_03456,0.00020
test_03457,0.13641
test_03458,0.99947
test_03459,0.00013
test_03460,0.00317
test_03461,0.39401
test_03462,0.99704
test_03463,0.01336
test_03464,0.99996
test_03465,0.02345
test_03466,0.06462
test_03467,0.80259
test_03468,0.00068
test_03469,0.06855
test_03470,0.00011
test_03471,0.46555
test_03472,0.99884
test_03473,0.97775
test_03474,0.99786
test_03475,0.34940
test_03476,0.00509
test_03477,0.03005
test_03478,0.00032
test_03479,0.01104
test_03480,0.99146
test_03481,0.81117
test_03482,0.99663
test_03483,0.79987
test_03484,0.92472
test_03485,0.01744
test_03486,0.93439
test_03487,0.99978
test_03488,0.99731
test_03489,0.00540
test_03490,0.91104
test_03491,0.98726
test_03492,0.99902
test_03493,0.99759
test_03494,0.02436
test_03495,0.00515
test_03496,0.04511
test_03497,0.99843
test_03498,0.98760
test_03499,0.99924
test_03500,0.71354
test_03501,0.00071
test_03502,0.05654
test_03503,0.01775
test_03504,0.00399
test_03505,0.00000
test_03506,0.42946
test_03507,0.07799
test_03508,0.00461
test_03509,0.07093
test_03510,0.90373
test_03511,0.00126
test_03512,0.96835
test_03513,0.02334
test_03514,0.99714
test_03515,0.83814
test_03516,0.01098
test_03517,0.99816
test_03518,0.00068
test_03519,0.97183
test_03520,0.99747
test_03521,0.98234
test_03522,0.85802
test_03523,0.99961
test_03524,0.00763
test_03525,0.99961
test_03526,0.99756
test_03527,0.91860
test_03528,0.03390
test_03529,0.00219
test_03530,0.00123
test_03531,0.00392
test_03532,0.99848
test_03533,0.00195
test_03534,0.91192
test_03535,0.00017
test_03536,0.99737
test_03537,0.13117
test_03538,0.00084
test_03539,0.02656
test_03540,0.34059
test_03541,0.07563
test_03542,0.14205
test_03543,0.96012
test_03544,0.01681
test_03545,0.00054
test_03546,0.84516
test_03547,0.99768
test_03548,0.99952
test_03549,0.01052
test_03550,0.91942
test_03551,0.99954
test_03552,0.79200
test_03553,0.72978
test_03554,0.51681
test_03555,0.00180
test_03556,0.00575
test_03557,0.99976
test_03558,0.96555
test_03559,0.00149
test_03560,0.98877
test_03561,0.99941
test_03562,0.99928
test_03563,0.79747
test_03564,0.99809
test_03565,0.99982
test_03566,0.00111
test_03567,0.46468
test_03568,0.00516
test_03569,0.04345
test_03570,0.99991
test_03571,0.00017
test_03572,0.86739
test_03573,0.99386
test_03574,0.62985
test_03575,0.99939
test_03576,0.99905
test_03577,0.43448
test_03578,0.00078
test_03579,0.00589
test_03580,0.99496
test_03581,0.00004
test_03582,0.97739
test_03583,0.99882
test_03584,0.00013
test_03585,0.99416
test_03586,0.01692
test_03587,0.20163
test_03588,0.00031
test_03589,0.14293
test_03590,0.01774
test_03591,0.00369
test_03592,0.99697
test_03593,0.96080
test_03594,0.00003
test_03595,0.99554
test_03596,0.98432
test_03597,0.04617
test_03598,0.29915
test_03599,0.98147
test_03600,0.01405
test_03601,0.99995
test_03602,0.00053
test_03603,0.99603
test_03604,0.99946
test_03605,0.79740
test_03606,0.02227
test_03607,0.00149
test_03608,0.99996
test_03609,0.00105
test_03610,0.16237
test_03611,0.97945
test_03612,0.99932
test_03613,0.96809
test_03614,0.00071
test_03615,0.97881
test_03616,0.00235
test_03617,0.00002
test_03618,0.99997
test_03619,0.00244
test_03620,0.02493
test_03621,0.00209
test_03622,0.00082
test_03623,0.00025
test_03624,0.07499
test_03625,0.99971
test_03626,0.44877
test_03627,0.12972
test_03628,0.00146
test_03629,0.76612
test_03630,0.27880
test_03631,0.00319
test_03632,0.99912
test_03633,0.00139
test_03634,0.00531
test_03635,0.99922
test_03636,0.26920
test_03637,0.00015
test_03638,0.99172
test_03639,0.00011
test_03640,0.00415
test_03641,0.99696
test_03642,0.58000
test_03643,0.96709
test_03644,0.00035
test_03645,0.99889
test_03646,0.99639
test_03647,0.74961
test_03648,0.85838
test_03649,0.99992
test_03650,0.97789
test_03651,0.02209
test_03652,0.00001
test_03653,0.99855
test_03654,0.99433
test_03655,0.99315
test_03656,0.91498
test_03657,0.08088
test_03658,0.83108
test_03659,0.99801
test_03660,0.99866
test_03661,0.00072
test_03662,0.99932
test_03663,0.99069
test_03664,0.99998
test_03665,0.99978
test_03666,0.20175
test_03667,0.05460
test_03668,0.99988
test_03669,0.99992
test_03670,0.01369
test_03671,0.00001
test_03672,0.99850
test_03673,0.98590
test_03674,0.06666
test_03675,0.94176
test_03676,0.96504
test_03677,0.98207
test_03678,0.94054
test_03679,0.01611
test_03680,0.89690
test_03681,0.00429
test_03682,0.92499
test_03683,0.99983
test_03684,0.99695
test_03685,0.97210
test_03686,0.99844
test_03687,0.18332
test_03688,0.99995
test_03689,0.00029
test_03690,0.72830
test_03691,0.99823
test_03692,0.00018
test_03693,0.95765
test_03694,0.99740
test_03695,0.00201
test_03696,0.00077
test_03697,0.90615
test_03698,0.99987
test_03699,0.99951
test_03700,0.99893
test_03701,0.05875
test_03702,0.99989
test_03703,0.99920
test_03704,0.00528
test_03705,0.00032
test_03706,0.00181
test_03707,0.99956
test_03708,0.09063
test_03709,0.99969
test_03710,0.87723
test_03711,0.17993
test_03712,0.98866
test_03713,0.00632
test_03714,0.01564
test_03715,0.99992
test_03716,0.99974
test_03717,0.00009
test_03718,0.00075
test_03719,0.99970
test_03720,0.09576
test_03721,0.00595
test_03722,0.01016
test_03723,0.00025
test_03724,0.98838
test_03725,0.00003
test_03726,0.99856
test_03727,0.00135
test_03728,0.14203
test_03729,0.09834
test_03730,0.80041
test_03731,0.06594
test_03732,0.91329
test_03733,0.99100
test_03734,0.99980
test_03735,0.11155
test_03736,0.04244
test_03737,0.99747
test_03738,0.10908
test_03739,0.99953
test_03740,0.00333
test_03741,0.10847
test_03742,0.26016
test_03743,0.83968
test_03744,0.99705
test_03745,0.97558
test_03746,0.01071
test_03747,0.20232
test_03748,0.00000
test_03749,0.98642
test_03750,0.98498
test_03751,0.82167
test_03752,0.82724
test_03753,0.20773
test_03754,0.97905
test_03755,0.99950
test_03756,0.99988
test_03757,0.00136
test_03758,0.99984
test_03759,0.00187
test_03760,0.19390
test_03761,0.41317
test_03762,0.99408
test_03763,0.15696
test_03764,0.94319
test_03765,0.00079
test_03766,0.99965
test_03767,0.73213
test_03768,0.00080
test_03769,0.46257
test_03770,0.97559
test_03771,0.84705
test_03772,0.99959
test_03773,0.00054
test_03774,0.17219
test_03775,0.99703
test_03776,0.00040
test_03777,0.00044
test_03778,0.99592
test_03779,0.00062
test_03780,0.00062
test_03781,0.01906
test_03782,0.18964
test_03783,0.00028
test_03784,0.00007
test_03785,0.99997
test_03786,0.29697
test_03787,0.00013
test_03788,0.00103
test_03789,0.15465
test_03790,0.76262
test_03791,0.61483
test_03792,0.99907
test_03793,0.00063
test_03794,0.97910
test_03795,0.99904
test_03796,0.98626
test_03797,0.10884
test_03798,0.95179
test_03799,0.03379
test_03800,0.99655
test_03801,0.00002
test_03802,0.19206
test_03803,0.00371
test_03804,0.00097
test_03805,0.58205
test_03806,0.00150
test_03807,0.50126
test_03808,0.99448
test_03809,0.24283
test_03810,0.00011
test_03811,0.00056
test_03812,0.00145
test_03813,0.99736
test_03814,0.00200
test_03815,0.90724
test_03816,0.20065
test_03817,0.92043
test_03818,0.00002
test_03819,0.28633
test_03820,0.99558
test_03821,0.99871
test_03822,0.97800
test_03823,0.01925
test_03824,0.91428
test_03825,0.81685
test_03826,0.99990
test_03827,0.72680
test_03828,0.99979
test_03829,0.00598
test_03830,0.84468
test_03831,0.00415
test_03832,0.00076
test_03833,0.01249
test_03834,0.99976
test_03835,0.79679
test_03836,0.00486
test_03837,0.06933
test_03838,0.00019
test_03839,0.07045
test_03840,0.99736
test_03841,0.99592
test_03842,0.55913
test_03843,0.95542
test_03844,0.00208
test_03845,0.99971
test_03846,0.99852
test_03847,0.00060
test_03848,0.99968
test_03849,0.99223
test_03850,0.00463
test_03851,0.05165
test_03852,0.19554
test_03853,0.99908
test_03854,0.99991
test_03855,0.05671
test_03856,0.35064
test_03857,0.00003
test_03858,0.02099
test_03859,0.00082
test_03860,0.00797
test_03861,0.21325
test_03862,0.99895
test_03863,0.99770
test_03864,0.99755
test_03865,0.03844
test_03866,0.99563
test_03867,0.01394
test_03868,0.02349
test_03869,0.90268
test_03870,0.91047
test_03871,0.00057
test_03872,0.00221
test_03873,0.07123
test_03874,0.00212
test_03875,0.07312
test_03876,0.99929
test_03877,0.22051
test_03878,0.98855
test_03879,1.00000
test_03880,0.99925
test_03881,0.00332
test_03882,0.99998
test_03883,0.08665
test_03884,0.99862
test_03885,0.00276
test_03886,0.02082
test_03887,0.07666
test_03888,0.99987
test_03889,0.00015
test_03890,0.90534
test_03891,0.00700
test_03892,0.02052
test_03893,0.01528
test_03894,0.87515
test_03895,0.08242
test_03896,0.96310
test_03897,0.97077
test_03898,0.06220
test_03899,0.92956
test_03900,0.05596
test_03901,0.00157
test_03902,0.00265
test_03903,0.95159
test_03904,0.01501
test_03905,0.97510
test_03906,0.01315
test_03907,0.99970
test_03908,0.98639
test_03909,0.99982
test_03910,0.00209
test_03911,0.92393
test_03912,0.99986
test_03913,0.20445
test_03914,0.30246
test_03915,0.00762
test_03916,0.99564
test_03917,0.94771
test_03918,0.95647
test_03919,0.91612
test_03920,0.65212
test_03921,0.00560
test_03922,0.00139
test_03923,0.84585
test_03924,0.73546
test_03925,0.00240
test_03926,0.99836
test_03927,0.04652
test_03928,0.00083
test_03929,0.99947
test_03930,0.97085
test_03931,0.99943
test_03932,0.00015
test_03933,0.02025
test_03934,0.97451
test_03935,0.00353
test_03936,0.10851
test_03937,0.00443
test_03938,0.68315
test_03939,0.00004
test_03940,0.00743
test_03941,0.41654
test_03942,0.01353
test_03943,0.00740
test_03944,0.98684
test_03945,0.99967
test_03946,0.43696
test_03947,0.92003
test_03948,0.99652
test_03949,0.20151
test_03950,0.97136
test_03951,0.00121
test_03952,0.70343
test_03953,0.99841
test_03954,0.99912
test_03955,0.00448
test_03956,0.00116
test_03957,0.40535
test_03958,0.99995
test_03959,0.11318
test_03960,0.03206
test_03961,0.99614
test_03962,0.99930
test_03963,0.00004
test_03964,0.99468
test_03965,0.00006
test_03966,0.00133
test_03967,0.00001
test_03968,0.99839
test_03969,0.99679
test_03970,0.98469
test_03971,0.06222
test_03972,0.00161
test_03973,0.98337
test_03974,0.07692
test_03975,0.99910
test_03976,0.99862
test_03977,0.98161
test_03978,0.15445
test_03979,0.99796
test_03980,0.95312
test_03981,0.99948
test_03982,0.99565
test_03983,0.98910
test_03984,0.99628
test_03985,0.16698
test_03986,0.00211
test_03987,0.17370
test_03988,0.84501
test_03989,0.00288
test_03990,0.00044
test_03991,0.00018
test_03992,0.86478
test_03993,0.18279
test_03994,0.00029
test_03995,0.02114
test_03996,0.99998
test_03997,0.95654
test_03998,0.96053
test_03999,0.99964
test_04000,0.99921
test_04001,0.24447
test_04002,0.99991
test_04003,0.93447
test_04004,0.99762
test_04005,0.00158
test_04006,0.27768
test_04007,0.00007
test_04008,0.08023
test_04009,0.00403
test_04010,0.02971
test_04011,0.00844
test_04012,0.00003
test_04013,0.06949
test_04014,0.99472
test_04015,0.99896
test_04016,0.49204
test_04017,0.14432
test_04018,0.99943
test_04019,0.83372
test_04020,0.99802
test_04021,0.06600
test_04022,0.01184
test_04023,0.42536
test_04024,0.00771
test_04025,0.00019
test_04026,0.99984
test_04027,0.02748
test_04028,0.04031
test_04029,0.33049
test_04030,0.99954
test_04031,0.00142
test_04032,0.07463
test_04033,0.97372
test_04034,0.99931
test_04035,0.99044
test_04036,0.96646
test_04037,0.99948
test_04038,0.00071
test_04039,0.00749
test_04040,0.99998
test_04041,0.99889
test_04042,0.94574
test_04043,0.16846
test_04044,0.00056
test_04045,0.00531
test_04046,0.14663
test_04047,0.99218
test_04048,0.99903
test_04049,0.97680
test_04050,0.00645
test_04051,0.99981
test_04052,0.98284
test_04053,0.94440
test_04054,0.00010
test_04055,0.99819
test_04056,0.98497
test_04057,0.99604
test_04058,0.79920
test_04059,0.63817
test_04060,0.95963
test_04061,0.38832
test_04062,0.00007
test_04063,0.15449
test_04064,0.82116
test_04065,0.99060
test_04066,0.99944
test_04067,0.69507
test_04068,0.15484
test_04069,0.00096
test_04070,0.00726
test_04071,0.98762
test_04072,0.13976
test_04073,0.00034
test_04074,0.02460
test_04075,0.96647
test_04076,0.99747
test_04077,0.92787
test_04078,0.99976
test_04079,0.00125
test_04080,0.01667
test_04081,0.86296
test_04082,0.00005
test_04083,0.38371
test_04084,0.93439
test_04085,0.00002
test_04086,0.95584
test_04087,0.97257
test_04088,0.99961
test_04089,0.16367
test_04090,0.97843
test_04091,0.99621
test_04092,0.99983
test_04093,0.99978
test_04094,0.04678
test_04095,0.26644
test_04096,0.02635
test_04097,0.88869
test_04098,0.00030
test_04099,0.99949
test_04100,0.99994
test_04101,0.00085
test_04102,0.00306
test_04103,0.00163
test_04104,0.98131
test_04105,0.00279
test_04106,0.00002
test_04107,0.04345
test_04108,0.99765
test_04109,0.74263
test_04110,0.88386
test_04111,0.98815
test_04112,0.31306
test_04113,0.96498
test_04114,0.74081
test_04115,0.54144
test_04116,0.99987
test_04117,0.99997
test_04118,0.04460
test_04119,0.00047
test_04120,0.99193
test_04121,0.68020
test_04122,0.00153
test_04123,0.99922
test_04124,0.58343
test_04125,0.00034
test_04126,0.00050
test_04127,0.00037
test_04128,0.97545
test_04129,0.99370
test_04130,0.00039
test_04131,0.00002
test_04132,0.50119
test_04133,0.01423
test_04134,0.99660
test_04135,0.99501
test_04136,0.81139
test_04137,0.13102
test_04138,0.26274
test_04139,0.99388
test_04140,0.99997
test_04141,0.02984
test_04142,0.95997
test_04143,0.92465
test_04144,0.80310
test_04145,0.99757
test_04146,0.00789
test_04147,0.00018
test_04148,0.98238
test_04149,0.99424
test_04150,0.00038
test_04151,0.89861
test_04152,0.27111
test_04153,0.79494
test_04154,0.10292
test_04155,0.02660
test_04156,0.25987
test_04157,0.99887
test_04158,0.98527
test_04159,0.04676
test_04160,0.99643
test_04161,0.00778
test_04162,0.99733
test_04163,0.01218
test_04164,0.99261
test_04165,0.99999
test_04166,0.00788
test_04167,0.00047
test_04168,0.00739
test_04169,0.98290
test_04170,0.99989
test_04171,0.99679
test_04172,0.00360
test_04173,0.96140
test_04174,0.00252
test_04175,0.99451
test_04176,0.96258
test_04177,0.00072
test_04178,0.99836
test_04179,0.10851
test_04180,0.00216
test_04181,0.99412
test_04182,0.99917
test_04183,0.22214
test_04184,0.99566
test_04185,0.83811
test_04186,0.92763
test_04187,0.99976
test_04188,0.03099
test_04189,0.00083
test_04190,0.99811
test_04191,0.99967
test_04192,0.03415
test_04193,0.00518
test_04194,0.03556
test_04195,0.00161
test_04196,0.94569
test_04197,0.00194
test_04198,0.99996
test_04199,0.01721
test_04200,0.00269
test_04201,0.22636
test_04202,0.99571
test_04203,0.98100
test_04204,0.03230
test_04205,0.00045
test_04206,0.00373
test_04207,0.81272
test_04208,0.00171
test_04209,0.04647
test_04210,0.99038
test_04211,0.99964
test_04212,0.94541
test_04213,0.00128
test_04214,0.99854
test_04215,0.01963
test_04216,0.00097
test_04217,0.99858
test_04218,0.00605
test_04219,0.98184
test_04220,0.00846
test_04221,0.90389
test_04222,0.99992
test_04223,0.99874
test_04224,0.99957
test_04225,0.18257
test_04226,0.95208
test_04227,0.99917
test_04228,0.99994
test_04229,0.80311
test_04230,0.03302
test_04231,0.68176
test_04232,0.99978
test_04233,0.99796
test_04234,0.99895
test_04235,0.82914
test_04236,0.00020
test_04237,0.22685
test_04238,0.00044
test_04239,0.99664
test_04240,0.58077
test_04241,0.99840
test_04242,0.99911
test_04243,0.00055
test_04244,0.99959
test_04245,0.99999
test_04246,0.99931
test_04247,0.99974
test_04248,0.99863
test_04249,0.99989
test_04250,0.99746
test_04251,0.99825
test_04252,0.00045
test_04253,0.00281
test_04254,0.16143
test_04255,0.88619
test_04256,0.99997
test_04257,0.33936
test_04258,0.02178
test_04259,0.93035
test_04260,0.84597
test_04261,0.95490
test_04262,0.43466
test_04263,0.25647
test_04264,0.99978
test_04265,0.99945
test_04266,0.16850
test_04267,0.07064
test_04268,0.99805
test_04269,0.96700
test_04270,0.05012
test_04271,0.14956
test_04272,0.00110
test_04273,0.85552
test_04274,0.00012
test_04275,0.02456
test_04276,0.80349
test_04277,0.10918
test_04278,0.88115
test_04279,0.00154
test_04280,0.00882
test_04281,0.99977
test_04282,0.48928
test_04283,0.00038
test_04284,0.00841
test_04285,0.87609
test_04286,0.00002
test_04287,0.99745
test_04288,0.00081
test_04289,0.99989
test_04290,0.42118
test_04291,0.00252
test_04292,0.03431
test_04293,0.98418
test_04294,0.63329
test_04295,0.00090
test_04296,0.45639
test_04297,0.92910
test_04298,0.99653
test_04299,0.00171
test_04300,0.00051
test_04301,0.99361
test_04302,0.05350
test_04303,0.99946
test_04304,0.92188
test_04305,0.94549
test_04306,0.01633
test_04307,0.99091
test_04308,0.09553
test_04309,0.83879
test_04310,0.99999
test_04311,0.99988
test_04312,0.21494
test_04313,0.01073
test_04314,0.99590
test_04315,0.99998
test_04316,0.00188
test_04317,0.00331
test_04318,0.01425
test_04319,0.00058
test_04320,0.01417
test_04321,0.99987
test_04322,0.91505
test_04323,0.00014
test_04324,0.98533
test_04325,0.99003
test_04326,0.81970
test_04327,0.16744
test_04328,0.00986
test_04329,0.99105
test_04330,0.99870
test_04331,0.99989
test_04332,0.20437
test_04333,0.00029
test_04334,0.90360
test_04335,0.00119
test_04336,0.00977
test_04337,0.98437
test_04338,0.99998
test_04339,0.99516
test_04340,0.14006
test_04341,0.98652
test_04342,0.01298
test_04343,0.84481
test_04344,0.15955
test_04345,0.98278
test_04346,0.01367
test_04347,0.05864
test_04348,0.98569
test_04349,0.98486
test_04350,0.99036
test_04351,0.17671
test_04352,0.03850
test_04353,0.52847
test_04354,0.00178
test_04355,0.98943
test_04356,0.00348
test_04357,0.49275
test_04358,0.00011
test_04359,0.00958
test_04360,0.49627
test_04361,0.86123
test_04362,0.02183
test_04363,0.98773
test_04364,0.96769
test_04365,0.00661
test_04366,0.01671
test_04367,0.01680
test_04368,0.09196
test_04369,0.26530
test_04370,0.03838
test_04371,0.99928
test_04372,0.34454
test_04373,0.02426
test_04374,0.03427
test_04375,0.99997
test_04376,0.05238
test_04377,0.06606
test_04378,0.99505
test_04379,0.00500
test_04380,0.02406
test_04381,0.99892
test_04382,0.00016
test_04383,0.20672
test_04384,0.99316
test_04385,0.82306
test_04386,0.00030
test_04387,0.00002
test_04388,0.00276
test_04389,0.12938
test_04390,0.94769
test_04391,0.99644
test_04392,0.99834
test_04393,0.95317
test_04394,0.99998
test_04395,0.14552
test_04396,0.00962
test_04397,0.85549
test_04398,0.00016
test_04399,0.00829
test_04400,0.00166
test_04401,0.00025
test_04402,0.79563
test_04403,0.77957
test_04404,0.11561
test_04405,0.95025
test_04406,0.91546
test_04407,0.00271
test_04408,0.99960
test_04409,0.96473
test_04410,0.99807
test_04411,0.99941
test_04412,0.99959
test_04413,0.99134
test_04414,0.99982
test_04415,0.00006
test_04416,0.37340
test_04417,0.02748
test_04418,0.00012
test_04419,0.00117
test_04420,0.00021
test_04421,0.96882
test_04422,0.00037
test_04423,0.04193
test_04424,0.16316
test_04425,0.99911
test_04426,0.15635
test_04427,0.99554
test_04428,0.00139
test_04429,0.99999
test_04430,0.83779
test_04431,0.99537
test_04432,0.00058
test_04433,0.04853
test_04434,0.75076
test_04435,0.06818
test_04436,0.00209
test_04437,0.99761
test_04438,0.58206
test_04439,0.00092
test_04440,0.99877
test_04441,0.99999
test_04442,0.86170
test_04443,0.00124
test_04444,0.77258
test_04445,0.99974
test_04446,0.00101
test_04447,0.99956
test_04448,0.00093
test_04449,0.84816
test_04450,0.99999
test_04451,0.00033
test_04452,0.17941
test_04453,0.80767
test_04454,0.03933
test_04455,0.87399
test_04456,0.00090
test_04457,0.17332
test_04458,0.99154
test_04459,0.00447
test_04460,0.00080
test_04461,0.99969
test_04462,0.06015
test_04463,0.99383
test_04464,0.99594
test_04465,0.35799
test_04466,0.00080
test_04467,0.99986
test_04468,0.00650
test_04469,0.00196
test_04470,0.05770
test_04471,0.71553
test_04472,0.83525
test_04473,0.00058
test_04474,0.07347
test_04475,0.00477
test_04476,0.00066
test_04477,0.03625
test_04478,0.99937
test_04479,0.29536
test_04480,0.97598
test_04481,0.99336
test_04482,0.02111
test_04483,0.99909
test_04484,0.93004
test_04485,0.94249
test_04486,0.98172
test_04487,0.03410
test_04488,0.89266
test_04489,0.00894
test_04490,0.86045
test_04491,0.52922
test_04492,0.06552
test_04493,0.18887
test_04494,0.03349
test_04495,0.99168
test_04496,0.00070
test_04497,0.00106
test_04498,0.00732
test_04499,0.00221
test_04500,0.99532
test_04501,0.00009
test_04502,0.99859
test_04503,0.01355
test_04504,0.02115
test_04505,0.12219
test_04506,0.99985
test_04507,0.00071
test_04508,0.00010
test_04509,0.02094
test_04510,0.00233
test_04511,0.05056
test_04512,0.99972
test_04513,0.00216
test_04514,0.99983
test_04515,0.01235
test_04516,0.98301
test_04517,0.99865
test_04518,0.00004
test_04519,0.16571
test_04520,0.04136
test_04521,0.99998
test_04522,0.99990
test_04523,0.00129
test_04524,0.99890
test_04525,0.00789
test_04526,0.99994
test_04527,0.83045
test_04528,0.94200
test_04529,0.00072
test_04530,0.09363
test_04531,0.07609
test_04532,0.94958
test_04533,0.00718
test_04534,0.00300
test_04535,0.90590
test_04536,0.00122
test_04537,0.00288
test_04538,0.75447
test_04539,0.99771
test_04540,0.80565
test_04541,0.99996
test_04542,0.17758
test_04543,0.00002
test_04544,0.04885
test_04545,0.99979
test_04546,0.99901
test_04547,0.93636
test_04548,0.99695
test_04549,0.00001
test_04550,0.98399
test_04551,0.99408
test_04552,0.13433
test_04553,0.19720
test_04554,0.08946
test_04555,0.03872
test_04556,0.78390
test_04557,0.01064
test_04558,0.00124
test_04559,0.00000
test_04560,0.00767
test_04561,0.00497
test_04562,0.00533
test_04563,0.99756
test_04564,0.00000
test_04565,0.99089
test_04566,0.00035
test_04567,0.81231
test_04568,0.66515
test_04569,0.99296
test_04570,0.00248
test_04571,0.00008
test_04572,0.99961
test_04573,0.96862
test_04574,0.00055
test_04575,0.99263
test_04576,0.92483
test_04577,0.99974
test_04578,0.99508
test_04579,0.01295
test_04580,0.18388
test_04581,0.00307
test_04582,0.00017
test_04583,0.99667
test_04584,0.98491
test_04585,0.31999
test_04586,0.00169
test_04587,0.98794
test_04588,0.98791
test_04589,0.98644
test_04590,0.99905
test_04591,0.99718
test_04592,0.00108
test_04593,0.82941
test_04594,0.05542
test_04595,0.80411
test_04596,0.02377
test_04597,0.00878
test_04598,0.00028
test_04599,0.80562
test_04600,0.00091
test_04601,0.17896
test_04602,0.26201
test_04603,0.89123
test_04604,0.19602
test_04605,0.99972
test_04606,0.98088
test_04607,0.02897
test_04608,0.07733
test_04609,0.74046
test_04610,0.01073
test_04611,0.99909
test_04612,0.99993
test_04613,0.99534
test_04614,0.99998
test_04615,0.99967
test_04616,0.80944
test_04617,0.20161
test_04618,0.99724
test_04619,0.92033
test_04620,0.00244
test_04621,0.99343
test_04622,0.86365
test_04623,0.99864
test_04624,0.80726
test_04625,0.98528
test_04626,0.00006
test_04627,0.00268
test_04628,0.98819
test_04629,0.85503
test_04630,0.89842
test_04631,0.99973
test_04632,0.00417
test_04633,0.04115
test_04634,0.99425
test_04635,0.99979
test_04636,0.99937
test_04637,0.98992
test_04638,0.91084
test_04639,0.99749
test_04640,0.99273
test_04641,0.99430
test_04642,0.54134
test_04643,0.94405
test_04644,0.92784
test_04645,0.90252
test_04646,0.87684
test_04647,0.99987
test_04648,0.55055
test_04649,0.91574
test_04650,0.00244
test_04651,0.99963
test_04652,0.00091
test_04653,0.99991
test_04654,0.00253
test_04655,0.76694
test_04656,0.00008
test_04657,0.82731
test_04658,0.99878
test_04659,0.73552
test_04660,0.26558
test_04661,0.09589
test_04662,0.00077
test_04663,0.20469
test_04664,0.02256
test_04665,0.99958
test_04666,0.00083
test_04667,0.97496
test_04668,0.00829
test_04669,0.99304
test_04670,0.98578
test_04671,0.01752
test_04672,0.00565
test_04673,0.01227
test_04674,0.00241
test_04675,0.00319
test_04676,0.04399
test_04677,0.99965
test_04678,0.89034
test_04679,0.00683
test_04680,0.99130
test_04681,0.99970
test_04682,0.00085
test_04683,0.00811
test_04684,0.00218
test_04685,0.98336
test_04686,1.00000
test_04687,0.97339
test_04688,0.60824
test_04689,0.93936
test_04690,0.99513
test_04691,0.00663
test_04692,0.00055
test_04693,0.99918
test_04694,0.98420
test_04695,0.00124
test_04696,0.99997
test_04697,0.06272
test_04698,0.00392
test_04699,0.30787
test_04700,0.99992
test_04701,0.37435
test_04702,0.02318
test_04703,0.99741
test_04704,0.25415
test_04705,0.75252
test_04706,0.00015
test_04707,0.82776
test_04708,0.00109
test_04709,0.18245
test_04710,0.98212
test_04711,0.99647
test_04712,0.99993
test_04713,0.86606
test_04714,0.00065
test_04715,0.99894
test_04716,0.00020
test_04717,0.00491
test_04718,0.00345
test_04719,0.00895
test_04720,0.99966
test_04721,0.99065
test_04722,0.94380
test_04723,0.99642
test_04724,0.92820
test_04725,0.99213
test_04726,0.61787
test_04727,0.99662
test_04728,0.99398
test_04729,0.00355
test_04730,0.19293
test_04731,0.00009
test_04732,0.87412
test_04733,0.03247
test_04734,0.91577
test_04735,0.99767
test_04736,0.00368
test_04737,0.15202
test_04738,0.01166
test_04739,0.03658
test_04740,0.99579
test_04741,0.96377
test_04742,0.99651
test_04743,0.81485
test_04744,0.91326
test_04745,0.85869
test_04746,0.00084
test_04747,0.00140
test_04748,0.07786
test_04749,0.98766
test_04750,0.67286
test_04751,0.99928
test_04752,0.00243
test_04753,0.99896
test_04754,0.00429
test_04755,0.06017
test_04756,0.00055
test_04757,0.02066
test_04758,0.00002
test_04759,0.97352
test_04760,0.89036
test_04761,0.77702
test_04762,0.00042
test_04763,0.32196
test_04764,0.97995
test_04765,0.99681
test_04766,0.05690
test_04767,0.99983
test_04768,0.01401
test_04769,0.91038
test_04770,0.99972
test_04771,0.05188
test_04772,0.59453
test_04773,0.98428
test_04774,0.00072
test_04775,0.96529
test_04776,0.99852
test_04777,0.00877
test_04778,0.77849
test_04779,0.01045
test_04780,0.98045
test_04781,0.11487
test_04782,0.00316
test_04783,0.99469
test_04784,0.00734
test_04785,0.99745
test_04786,0.00161
test_04787,0.98621
test_04788,0.12181
test_04789,0.00052
test_04790,0.99514
test_04791,0.00234
test_04792,0.81548
test_04793,0.99996
test_04794,0.00614
test_04795,0.00021
test_04796,0.10622
test_04797,0.99891
test_04798,0.80508
test_04799,0.22590
test_04800,0.99941
test_04801,0.26644
test_04802,0.19227
test_04803,0.99669
test_04804,0.98148
test_04805,0.00080
test_04806,0.99482
test_04807,0.03981
test_04808,0.44668
test_04809,0.99987
test_04810,0.32190
test_04811,0.00034
test_04812,0.86581
test_04813,0.99981
test_04814,0.19504
test_04815,0.79623
test_04816,0.63189
test_04817,0.00030
test_04818,0.00829
test_04819,0.00866
test_04820,0.17212
test_04821,0.99937
test_04822,0.98386
test_04823,0.99994
test_04824,0.00094
test_04825,0.01301
test_04826,0.97263
test_04827,0.00020
test_04828,0.99753
test_04829,0.99995
test_04830,0.22065
test_04831,0.19642
test_04832,0.98145
test_04833,0.04498
test_04834,0.00601
test_04835,0.99999
test_04836,0.06682
test_04837,0.76785
test_04838,0.00742
test_04839,0.00042
test_04840,0.00034
test_04841,0.01101
test_04842,0.97857
test_04843,0.00813
test_04844,0.00074
test_04845,1.00000
test_04846,0.00088
test_04847,0.92813
test_04848,0.30667
test_04849,0.96043
test_04850,0.97583
test_04851,0.99634
test_04852,0.99586
test_04853,0.11744
test_04854,0.06278
test_04855,0.99989
test_04856,0.08030
test_04857,0.00152
test_04858,0.91703
test_04859,0.07129
test_04860,0.01425
test_04861,0.99958
test_04862,0.01543
test_04863,0.16451
test_04864,0.95381
test_04865,0.00279
test_04866,0.00667
test_04867,0.00848
test_04868,0.00199
test_04869,0.75665
test_04870,0.99713
test_04871,0.99995
test_04872,0.87737
test_04873,0.97719
test_04874,0.00122
test_04875,0.99770
test_04876,0.02610
test_04877,0.92801
test_04878,0.06324
test_04879,0.97661
test_04880,0.00794
test_04881,0.00090
test_04882,0.96423
test_04883,0.94853
test_04884,0.00070
test_04885,0.00097
test_04886,0.99166
test_04887,0.04930
test_04888,0.02686
test_04889,0.94952
test_04890,0.00818
test_04891,0.99991
test_04892,0.24235
test_04893,0.60324
test_04894,0.00350
test_04895,0.00062
test_04896,0.00202
test_04897,0.00476
test_04898,0.00396
test_04899,0.00827
test_04900,0.97685
test_04901,0.86852
test_04902,0.00043
test_04903,0.99829
test_04904,0.93603
test_04905,0.02047
test_04906,0.99854
test_04907,0.97888
test_04908,0.06174
test_04909,0.99274
test_04910,0.99903
test_04911,0.88279
test_04912,0.99991
test_04913,0.99334
test_04914,0.00109
test_04915,0.99556
test_04916,0.03918
test_04917,0.99985
test_04918,0.99193
test_04919,0.30782
test_04920,0.49636
test_04921,0.99997
test_04922,0.00006
test_04923,0.05694
test_04924,0.00911
test_04925,0.99984
test_04926,0.99997
test_04927,0.00020
test_04928,0.00041
test_04929,0.99994
test_04930,0.06073
test_04931,0.99294
test_04932,0.99938
test_04933,0.94581
test_04934,0.03715
test_04935,0.00069
test_04936,0.99899
test_04937,0.00021
test_04938,0.00254
test_04939,0.99984
test_04940,0.99972
test_04941,0.99700
test_04942,0.44970
test_04943,0.99323
test_04944,0.98529
test_04945,0.02725
test_04946,0.00035
test_04947,0.92559
test_04948,0.99833
test_04949,0.98272
test_04950,0.02372
test_04951,0.13623
test_04952,0.83033
test_04953,0.00938
test_04954,0.97984
test_04955,0.99959
test_04956,0.97725
test_04957,0.81573
test_04958,0.00141
test_04959,0.00052
test_04960,0.65026
test_04961,0.09154
test_04962,0.98805
test_04963,0.00093
test_04964,0.63634
test_04965,0.99922
test_04966,1.00000
test_04967,0.42735
test_04968,0.45548
test_04969,0.99600
test_04970,0.99952
test_04971,0.99991
test_04972,0.00000
test_04973,0.98427
test_04974,0.98779
test_04975,0.00247
test_04976,0.00711
test_04977,0.00007
test_04978,0.00158
test_04979,0.11637
test_04980,0.98482
test_04981,0.99995
test_04982,0.99990
test_04983,0.00245
test_04984,0.23215
test_04985,0.96953
test_04986,0.02363
test_04987,0.80905
test_04988,0.00023
test_04989,0.00098
test_04990,0.99991
test_04991,0.02345
test_04992,0.00005
test_04993,0.99997
test_04994,0.03713
test_04995,0.86278
test_04996,0.73198
test_04997,0.00029
test_04998,0.10679
test_04999,0.00904
test_05000,0.99278
test_05001,0.99997
test_05002,0.17911
test_05003,0.93691
test_05004,0.09849
test_05005,0.99725
test_05006,0.00592
test_05007,0.70984
test_05008,0.99995
test_05009,0.99706
test_05010,0.03619
test_05011,0.27626
test_05012,0.99949
test_05013,0.96276
test_05014,0.99427
test_05015,0.99987
test_05016,0.38304
test_05017,0.99580
test_05018,0.12051
test_05019,0.00110
test_05020,0.84238
test_05021,0.15054
test_05022,0.99979
test_05023,0.79343
test_05024,0.96952
test_05025,0.00869
test_05026,0.99133
test_05027,0.95904
test_05028,0.99993
test_05029,0.99918
test_05030,0.97651
test_05031,0.20372
test_05032,0.99440
test_05033,0.99560
test_05034,0.11404
test_05035,0.13911
test_05036,0.99560
test_05037,0.99978
test_05038,0.01094
test_05039,0.99925
test_05040,0.67783
test_05041,0.99997
test_05042,0.99945
test_05043,0.98608
test_05044,0.97797
test_05045,0.94646
test_05046,0.20017
test_05047,0.99998
test_05048,0.00513
test_05049,0.99997
test_05050,0.57126
test_05051,0.10652
test_05052,0.94943
test_05053,0.99999
test_05054,0.00159
test_05055,0.01875
test_05056,0.88614
test_05057,0.99990
test_05058,0.99241
test_05059,0.00016
test_05060,0.99891
test_05061,0.99465
test_05062,0.00971
test_05063,0.99945
test_05064,0.86623
test_05065,0.10470
test_05066,0.05451
test_05067,0.99869
test_05068,0.99592
test_05069,0.95679
test_05070,0.16641
test_05071,0.03520
test_05072,0.24690
test_05073,0.14904
test_05074,0.00106
test_05075,0.99989
test_05076,0.99164
test_05077,0.00003
test_05078,0.99987
test_05079,0.01620
test_05080,0.99992
test_05081,0.00662
test_05082,0.00239
test_05083,0.99080
test_05084,0.88502
test_05085,0.99994
test_05086,0.97972
test_05087,0.62156
test_05088,0.79265
test_05089,0.01350
test_05090,0.02680
test_05091,0.99987
test_05092,0.00399
test_05093,0.00014
test_05094,0.86872
test_05095,0.99473
test_05096,0.00218
test_05097,0.99875
test_05098,0.00431
test_05099,0.99878
test_05100,0.00443
test_05101,0.12916
test_05102,0.00071
test_05103,0.79987
test_05104,0.00020
test_05105,0.79951
test_05106,0.98385
test_05107,0.00170
test_05108,0.00396
test_05109,0.00037
test_05110,0.98328
test_05111,0.95373
test_05112,0.98376
test_05113,0.39212
test_05114,0.06120
test_05115,0.00019
test_05116,0.08298
test_05117,0.81030
test_05118,0.00241
test_05119,0.99241
test_05120,0.96842
test_05121,0.00105
test_05122,0.00444
test_05123,0.03222
test_05124,0.06662
test_05125,0.94084
test_05126,0.95985
test_05127,0.99681
test_05128,0.02956
test_05129,0.80336
test_05130,0.02286
test_05131,0.15477
test_05132,0.06648
test_05133,0.00840
test_05134,0.77819
test_05135,0.04767
test_05136,0.14072
test_05137,0.99894
test_05138,0.91760
test_05139,0.95767
test_05140,0.80179
test_05141,0.28183
test_05142,0.98649
test_05143,0.12127
test_05144,0.77880
test_05145,0.99971
test_05146,0.99918
test_05147,0.95032
test_05148,0.03057
test_05149,0.00364
test_05150,0.07158
test_05151,0.99935
test_05152,0.99936
test_05153,0.02647
test_05154,0.00297
test_05155,0.31402
test_05156,0.98967
test_05157,0.01298
test_05158,0.99425
test_05159,0.00181
test_05160,0.94922
test_05161,0.91700
test_05162,0.14034
test_05163,0.00054
test_05164,0.17879
test_05165,0.00087
test_05166,0.99280
test_05167,0.07443
test_05168,0.88583
test_05169,0.73893
test_05170,0.00006
test_05171,0.99928
test_05172,0.93696
test_05173,0.04916
test_05174,0.98720
test_05175,0.02101
test_05176,0.00009
test_05177,0.99461
test_05178,0.84100
test_05179,0.00334
test_05180,0.00377
test_05181,0.33956
test_05182,0.00194
test_05183,0.11453
test_05184,0.99142
test_05185,0.89653
test_05186,0.89119
test_05187,0.99920
test_05188,0.99968
test_05189,0.82826
test_05190,0.82683
test_05191,0.99903
test_05192,0.00035
test_05193,0.00950
test_05194,0.99025
test_05195,0.06867
test_05196,0.00118
test_05197,0.00777
test_05198,0.99479
test_05199,0.97666
test_05200,0.99994
test_05201,0.99727
test_05202,0.99151
test_05203,0.99484
test_05204,0.00001
test_05205,0.01308
test_05206,0.99828
test_05207,0.00156
test_05208,0.99727
test_05209,0.08367
test_05210,0.94963
test_05211,0.92060
test_05212,0.99998
test_05213,0.01800
test_05214,0.11971
test_05215,0.87302
test_05216,0.99720
test_05217,0.84431
test_05218,0.99338
test_05219,0.38752
test_05220,0.99949
test_05221,0.00194
test_05222,0.01462
test_05223,0.99997
test_05224,0.00031
test_05225,0.99999
test_05226,0.00003
test_05227,0.99936
test_05228,0.56589
test_05229,0.20399
test_05230,0.02015
test_05231,0.00508
test_05232,0.00024
test_05233,0.77454
test_05234,0.00100
test_05235,0.99951
test_05236,0.96732
test_05237,0.99915
test_05238,0.00015
test_05239,0.99564
test_05240,0.99970
test_05241,0.00102
test_05242,0.43317
test_05243,0.99987
test_05244,0.60770
test_05245,0.00011
test_05246,0.06493
test_05247,0.07448
test_05248,0.01268
test_05249,0.60042
test_05250,0.93952
test_05251,0.99947
test_05252,0.00212
test_05253,0.00060
test_05254,0.96463
test_05255,0.99509
test_05256,0.00138
test_05257,0.79743
test_05258,0.07540
test_05259,0.00011
test_05260,0.94885
test_05261,0.99364
test_05262,0.75100
test_05263,0.99896
test_05264,0.86276
test_05265,0.00007
test_05266,0.99857
test_05267,0.99873
test_05268,0.92546
test_05269,0.98881
test_05270,0.99769
test_05271,0.97514
test_05272,0.99898
test_05273,0.01151
test_05274,0.07535
test_05275,0.03903
test_05276,0.91373
test_05277,0.24781
test_05278,0.97560
test_05279,0.00034
test_05280,0.01523
test_05281,0.99491
test_05282,0.00757
test_05283,0.99571
test_05284,0.83737
test_05285,0.00089
test_05286,0.99869
test_05287,0.00082
test_05288,0.99985
test_05289,0.99722
test_05290,0.99496
test_05291,0.00000
test_05292,0.99493
test_05293,0.00002
test_05294,0.94368
test_05295,0.99976
test_05296,0.00593
test_05297,0.00005
test_05298,0.99901
test_05299,0.82176
test_05300,0.00278
test_05301,0.00001
test_05302,0.00930
test_05303,0.99974
test_05304,0.00312
test_05305,0.99457
test_05306,0.23905
test_05307,0.95400
test_05308,0.99903
test_05309,0.00001
test_05310,0.19546
test_05311,0.99826
test_05312,0.99986
test_05313,0.99942
test_05314,0.92050
test_05315,0.00448
test_05316,0.97857
test_05317,0.99995
test_05318,0.27579
test_05319,0.99924
test_05320,0.99738
test_05321,0.99966
test_05322,0.43612
test_05323,0.81572
test_05324,0.99923
test_05325,0.98758
test_05326,0.99998
test_05327,0.99105
test_05328,0.00266
test_05329,0.99997
test_05330,0.00043
test_05331,0.00338
test_05332,0.00243
test_05333,0.87846
test_05334,0.04114
test_05335,0.19266
test_05336,0.97993
test_05337,0.85698
test_05338,0.99975
test_05339,0.01399
test_05340,0.99974
test_05341,0.03804
test_05342,0.00613
test_05343,0.90911
test_05344,0.00022
test_05345,0.01178
test_05346,0.99724
test_05347,0.36376
test_05348,0.80940
test_05349,0.64112
test_05350,0.20712
test_05351,0.96752
test_05352,0.00388
test_05353,0.01555
test_05354,0.00006
test_05355,0.05232
test_05356,0.00132
test_05357,0.94948
test_05358,0.06350
test_05359,0.00110
test_05360,0.00005
test_05361,0.92336
test_05362,0.99815
test_05363,0.00140
test_05364,0.99998
test_05365,0.13017
test_05366,0.16928
test_05367,0.00014
test_05368,0.08857
test_05369,0.00375
test_05370,0.99993
test_05371,0.02374
test_05372,0.67827
test_05373,0.97780
test_05374,0.13502
test_05375,0.00008
test_05376,0.00826
test_05377,0.97404
test_05378,0.99993
test_05379,0.99908
test_05380,0.01316
test_05381,0.80059
test_05382,0.59853
test_05383,0.98431
test_05384,0.24019
test_05385,0.99448
test_05386,0.44399
test_05387,0.99898
test_05388,0.99862
test_05389,0.00256
test_05390,0.99631
test_05391,0.99998
test_05392,0.66004
test_05393,0.79968
test_05394,0.98736
test_05395,0.99849
test_05396,0.14252
test_05397,0.16528
test_05398,0.99746
test_05399,0.82934
test_05400,0.82691
test_05401,0.25365
test_05402,0.99662
test_05403,0.96486
test_05404,0.98543
test_05405,0.00167
test_05406,0.99966
test_05407,0.92518
test_05408,0.99785
test_05409,0.00051
test_05410,0.96809
test_05411,0.99974
test_05412,0.79655
test_05413,0.00362
test_05414,0.00364
test_05415,0.04585
test_05416,0.81272
test_05417,0.13108
test_05418,0.99989
test_05419,0.99996
test_05420,0.00005
test_05421,0.97184
test_05422,0.98990
test_05423,0.10933
test_05424,0.00009
test_05425,0.26869
test_05426,0.00065
test_05427,0.00008
test_05428,0.99978
test_05429,0.99401
test_05430,0.99051
test_05431,0.00178
test_05432,0.99998
test_05433,0.99626
test_05434,0.99992
test_05435,0.99978
test_05436,0.03707
test_05437,0.98110
test_05438,0.10398
test_05439,0.00045
test_05440,0.00042
test_05441,0.99999
test_05442,0.99938
test_05443,0.00089
test_05444,0.99983
test_05445,0.01744
test_05446,0.00687
test_05447,0.97675
test_05448,0.99933
test_05449,0.00172
test_05450,0.99879
test_05451,0.26958
test_05452,0.99181
test_05453,0.99990
test_05454,0.02649
test_05455,0.00070
test_05456,0.00006
test_05457,0.00044
test_05458,0.00912
test_05459,0.00002
test_05460,0.80864
test_05461,0.00777
test_05462,0.99252
test_05463,0.99999
test_05464,0.99979
test_05465,0.37709
test_05466,0.98960
test_05467,0.20704
test_05468,0.98533
test_05469,0.93564
test_05470,0.03073
test_05471,0.01140
test_05472,0.88575
test_05473,0.79761
test_05474,0.00002
test_05475,0.17049
test_05476,0.00138
test_05477,0.17137
test_05478,0.87245
test_05479,0.98857
test_05480,0.00761
test_05481,0.99777
test_05482,0.02847
test_05483,0.99486
test_05484,0.07089
test_05485,0.00009
test_05486,0.75351
test_05487,0.69460
test_05488,0.99997
test_05489,0.01695
test_05490,0.01287
test_05491,0.56473
test_05492,0.00038
test_05493,0.00375
test_05494,0.99188
test_05495,0.99779
test_05496,0.96268
test_05497,0.01509
test_05498,0.10138
test_05499,0.01469
test_05500,0.99986
test_05501,0.99972
test_05502,0.00002
test_05503,0.03966
test_05504,0.99913
test_05505,0.86988
test_05506,0.02545
test_05507,0.00178
test_05508,0.99915
test_05509,0.00070
test_05510,0.99803
test_05511,0.99839
test_05512,0.00096
test_05513,0.00516
test_05514,0.01180
test_05515,0.00392
test_05516,0.19931
test_05517,0.10970
test_05518,0.00004
test_05519,0.14917
test_05520,0.62533
test_05521,0.81508
test_05522,0.00269
test_05523,0.99799
test_05524,0.81764
test_05525,0.00145
test_05526,0.00778
test_05527,0.99058
test_05528,0.00120
test_05529,0.94974
test_05530,0.00357
test_05531,0.00226
test_05532,0.99487
test_05533,0.99203
test_05534,0.93213
test_05535,0.83544
test_05536,0.97528
test_05537,0.99967
test_05538,0.56995
test_05539,0.99920
test_05540,0.85759
test_05541,0.05340
test_05542,0.18788
test_05543,0.00004
test_05544,0.99974
test_05545,0.00077
test_05546,0.01514
test_05547,0.00236
test_05548,0.99752
test_05549,0.73167
test_05550,0.00006
test_05551,0.99732
test_05552,0.48930
test_05553,0.99854
test_05554,0.99866
test_05555,0.99993
test_05556,0.99997
test_05557,0.80114
test_05558,0.08173
test_05559,0.00007
test_05560,0.99966
test_05561,0.00739
test_05562,0.96119
test_05563,0.72739
test_05564,0.99547
test_05565,0.99524
test_05566,0.00108
test_05567,0.99645
test_05568,0.99984
test_05569,0.43401
test_05570,0.01695
test_05571,0.80832
test_05572,0.99991
test_05573,0.99933
test_05574,0.10927
test_05575,0.88643
test_05576,0.06895
test_05577,0.99989
test_05578,0.99579
test_05579,0.00010
test_05580,0.07811
test_05581,0.02679
test_05582,0.99692
test_05583,0.01132
test_05584,0.99989
test_05585,0.00698
test_05586,0.14413
test_05587,0.00191
test_05588,0.99827
test_05589,0.00053
test_05590,0.99117
test_05591,0.01059
test_05592,0.00109
test_05593,0.99785
test_05594,0.80666
test_05595,0.99345
test_05596,0.83730
test_05597,0.00074
test_05598,0.21896
test_05599,0.00732
test_05600,0.99933
test_05601,0.99990
test_05602,0.21867
test_05603,0.84404
test_05604,0.96566
test_05605,0.95203
test_05606,0.00174
test_05607,0.11954
test_05608,0.00420
test_05609,0.00268
test_05610,0.99963
test_05611,0.02121
test_05612,0.98117
test_05613,0.05525
test_05614,0.10390
test_05615,0.99784
test_05616,0.06921
test_05617,0.04168
test_05618,0.00016
test_05619,0.00601
test_05620,0.00353
test_05621,0.74610
test_05622,0.99605
test_05623,0.00024
test_05624,0.96753
test_05625,0.00032
test_05626,0.99833
test_05627,0.00080
test_05628,0.19502
test_05629,0.20209
test_05630,0.00044
test_05631,0.00134
test_05632,0.99987
test_05633,0.99998
test_05634,0.99955
test_05635,0.00093
test_05636,0.99858
test_05637,0.99635
test_05638,0.23071
test_05639,0.79508
test_05640,0.99936
test_05641,0.02354
test_05642,0.99971
test_05643,0.35300
test_05644,0.10390
test_05645,0.99547
test_05646,0.26977
test_05647,0.00267
test_05648,0.00006
test_05649,0.00411
test_05650,0.99965
test_05651,0.00171
test_05652,0.99923
test_05653,0.01612
test_05654,0.87124
test_05655,0.99920
test_05656,0.70622
test_05657,0.00090
test_05658,0.00002
test_05659,0.99843
test_05660,0.99915
test_05661,0.00184
test_05662,0.99937
test_05663,0.92065
test_05664,0.97647
test_05665,0.18128
test_05666,0.00037
test_05667,0.15853
test_05668,0.25281
test_05669,0.99798
test_05670,0.01923
test_05671,0.66670
test_05672,0.99733
test_05673,0.00029
test_05674,0.01508
test_05675,0.46454
test_05676,0.00504
test_05677,0.34164
test_05678,0.00013
test_05679,0.99465
test_05680,0.00022
test_05681,0.00055
test_05682,0.99935
test_05683,0.01148
test_05684,0.20217
test_05685,0.45118
test_05686,0.99135
test_05687,0.00923
test_05688,0.94112
test_05689,0.99993
test_05690,0.01249
test_05691,0.99954
test_05692,0.60390
test_05693,0.97847
test_05694,0.74098
test_05695,0.00001
test_05696,0.99916
test_05697,0.44932
test_05698,0.00459
test_05699,0.98169
test_05700,0.99998
test_05701,0.99880
test_05702,0.01619
test_05703,0.99995
test_05704,0.99992
test_05705,0.00293
test_05706,0.00285
test_05707,0.98722
test_05708,0.03991
test_05709,0.16208
test_05710,0.94372
test_05711,0.00175
test_05712,0.84583
test_05713,0.02451
test_05714,0.99732
test_05715,0.07039
test_05716,0.96899
test_05717,0.91724
test_05718,0.99886
test_05719,0.00025
test_05720,0.00067
test_05721,0.99975
test_05722,0.96120
test_05723,0.00022
test_05724,0.99990
test_05725,0.03749
test_05726,0.00048
test_05727,0.99872
test_05728,0.96519
test_05729,0.02981
test_05730,0.99999
test_05731,0.99872
test_05732,0.01088
test_05733,0.99903
test_05734,0.76157
test_05735,0.02083
test_05736,0.17578
test_05737,0.00273
test_05738,0.31954
test_05739,0.28816
test_05740,0.58779
test_05741,0.02735
test_05742,0.04066
test_05743,0.02123
test_05744,0.10494
test_05745,0.97282
test_05746,0.00492
test_05747,0.88904
test_05748,0.00837
test_05749,0.99829
test_05750,0.00795
test_05751,0.00033
test_05752,0.00052
test_05753,0.00821
test_05754,0.99997
test_05755,0.99788
test_05756,0.17249
test_05757,0.50678
test_05758,0.02659
test_05759,0.45002
test_05760,0.99842
test_05761,0.41192
test_05762,0.00287
test_05763,0.89836
test_05764,0.99980
test_05765,0.99944
test_05766,0.10349
test_05767,0.10105
test_05768,0.00435
test_05769,0.06120
test_05770,0.99846
test_05771,0.43716
test_05772,0.57244
test_05773,0.99287
test_05774,0.99590
test_05775,0.89847
test_05776,0.00003
test_05777,0.86426
test_05778,0.99720
test_05779,0.10047
test_05780,0.95263
test_05781,0.86023
test_05782,0.97027
test_05783,0.84126
test_05784,0.96945
test_05785,0.99799
test_05786,0.73286
test_05787,0.24744
test_05788,0.99562
test_05789,0.98358
test_05790,0.79581
test_05791,0.00126
test_05792,0.19115
test_05793,0.99974
test_05794,0.99054
test_05795,0.90779
test_05796,0.99940
test_05797,0.99613
test_05798,0.99691
test_05799,0.99961
test_05800,0.88871
test_05801,0.11521
test_05802,0.06558
test_05803,0.99318
test_05804,0.99691
test_05805,0.99323
test_05806,0.01934
test_05807,0.01167
test_05808,0.88203
test_05809,0.76247
test_05810,0.99987
test_05811,0.08691
test_05812,0.99957
test_05813,0.98859
test_05814,0.99420
test_05815,0.97343
test_05816,0.01065
test_05817,0.99453
test_05818,0.99999
test_05819,0.98280
test_05820,0.00418
test_05821,0.98681
test_05822,0.00298
test_05823,0.72982
test_05824,0.00278
test_05825,0.00262
test_05826,0.47800
test_05827,0.00004
test_05828,0.01156
test_05829,0.02777
test_05830,0.00076
test_05831,0.00066
test_05832,0.94719
test_05833,0.70603
test_05834,0.03878
test_05835,0.99997
test_05836,0.99719
test_05837,0.00370
test_05838,0.00038
test_05839,0.99776
test_05840,0.99998
test_05841,0.19054
test_05842,0.00005
test_05843,0.99919
test_05844,0.02958
test_05845,0.00167
test_05846,0.49690
test_05847,0.99537
test_05848,0.06594
test_05849,0.00037
test_05850,0.16361
test_05851,0.16311
test_05852,0.99964
test_05853,0.97179
test_05854,0.28751
test_05855,0.95511
test_05856,0.99787
test_05857,0.99976
test_05858,0.02718
test_05859,0.11937
test_05860,0.00054
test_05861,0.00027
test_05862,0.00641
test_05863,0.01056
test_05864,0.15796
test_05865,0.00054
test_05866,0.46852
test_05867,0.99901
test_05868,0.81964
test_05869,0.99954
test_05870,0.00244
test_05871,0.99527
test_05872,0.91281
test_05873,0.04960
test_05874,0.00706
test_05875,0.00367
test_05876,0.00153
test_05877,0.99411
test_05878,0.99992
test_05879,0.99976
test_05880,0.99815
test_05881,0.99993
test_05882,0.99991
test_05883,0.99995
test_05884,0.99364
test_05885,0.04904
test_05886,0.03569
test_05887,0.01563
test_05888,0.00037
test_05889,0.01222
test_05890,0.00002
test_05891,0.00036
test_05892,0.99471
test_05893,0.00300
test_05894,0.97312
test_05895,0.00095
test_05896,0.98781
test_05897,0.92256
test_05898,0.00010
test_05899,0.99952
test_05900,0.96564
test_05901,0.97882
test_05902,0.99973
test_05903,0.67484
test_05904,0.00228
test_05905,0.57020
test_05906,0.21205
test_05907,0.16463
test_05908,0.02106
test_05909,0.20127
test_05910,0.99892
test_05911,0.00015
test_05912,0.00164
test_05913,0.00108
test_05914,0.00807
test_05915,0.39846
test_05916,0.00994
test_05917,0.01424
test_05918,0.61992
test_05919,0.99759
test_05920,0.00416
test_05921,0.99014
test_05922,0.99996
test_05923,0.99918
test_05924,0.00011
test_05925,0.00002
test_05926,0.01329
test_05927,0.06759
test_05928,0.99977
test_05929,0.00117
test_05930,0.01587
test_05931,0.99920
test_05932,0.00902
test_05933,0.00036
test_05934,0.00004
test_05935,0.00084
test_05936,0.86344
test_05937,0.01870
test_05938,0.99998
test_05939,0.00228
test_05940,0.10089
test_05941,0.99983
test_05942,0.00056
test_05943,0.99998
test_05944,0.99894
test_05945,0.00109
test_05946,0.00651
test_05947,0.99576
test_05948,0.96752
test_05949,0.99970
test_05950,0.03169
test_05951,0.02686
test_05952,0.00148
test_05953,0.99997
test_05954,0.06458
test_05955,0.99743
test_05956,0.13238
test_05957,0.00068
test_05958,0.00289
test_05959,0.99822
test_05960,0.00029
test_05961,0.96034
test_05962,0.99869
test_05963,0.99900
test_05964,0.42485
test_05965,0.00001
test_05966,0.00650
test_05967,0.81429
test_05968,0.99987
test_05969,0.00047
test_05970,0.99738
test_05971,0.00749
test_05972,0.98930
test_05973,0.00630
test_05974,0.00055
test_05975,0.96932
test_05976,0.37702
test_05977,0.85218
test_05978,0.93502
test_05979,0.00307
test_05980,0.00019
test_05981,0.95319
test_05982,0.99718
test_05983,0.00045
test_05984,0.00060
test_05985,0.01348
test_05986,0.91240
test_05987,0.99865
test_05988,0.98926
test_05989,0.99987
test_05990,0.99961
test_05991,0.99901
test_05992,0.97748
test_05993,0.99483
test_05994,0.00682
test_05995,0.20002
test_05996,0.42743
test_05997,0.99937
test_05998,0.77010
test_05999,0.04646
test_06000,0.99631
test_06001,0.99990
test_06002,0.99706
test_06003,0.99777
test_06004,0.00015
test_06005,0.99892
test_06006,0.99982
test_06007,0.00049
test_06008,0.00272
test_06009,0.00859
test_06010,0.89704
test_06011,0.67858
test_06012,0.99755
test_06013,0.79448
test_06014,0.00339
test_06015,0.00057
test_06016,0.03948
test_06017,0.00048
test_06018,0.19651
test_06019,0.99151
test_06020,0.48833
test_06021,0.01145
test_06022,0.00693
test_06023,0.22732
test_06024,0.94080
test_06025,0.99688
test_06026,0.02445
test_06027,0.99760
test_06028,0.00557
test_06029,0.15320
test_06030,0.99964
test_06031,0.05141
test_06032,0.00353
test_06033,0.00628
test_06034,0.83422
test_06035,0.01014
test_06036,0.98717
test_06037,0.07124
test_06038,0.99274
test_06039,0.00076
test_06040,0.10753
test_06041,0.23456
test_06042,0.99038
test_06043,0.06820
test_06044,0.99972
test_06045,0.52128
test_06046,0.00014
test_06047,0.00086
test_06048,0.97907
test_06049,0.06219
test_06050,0.02105
test_06051,0.00057
test_06052,0.99982
test_06053,0.00232
test_06054,0.01525
test_06055,0.00230
test_06056,0.99963
test_06057,0.99516
test_06058,0.99996
test_06059,0.99037
test_06060,0.99757
test_06061,0.00048
test_06062,0.89747
test_06063,0.99822
test_06064,0.99517
test_06065,0.07950
test_06066,0.04686
test_06067,0.62569
test_06068,0.99996
test_06069,0.99012
test_06070,0.00009
test_06071,0.00175
test_06072,0.99944
test_06073,0.99874
test_06074,0.02988
test_06075,0.00019
test_06076,0.99960
test_06077,0.91210
test_06078,0.09926
test_06079,0.81029
test_06080,0.99577
test_06081,0.99328
test_06082,0.99643
test_06083,0.09317
test_06084,0.03468
test_06085,0.99552
test_06086,0.00594
test_06087,0.53589
test_06088,0.02503
test_06089,0.91352
test_06090,0.86052
test_06091,0.99959
test_06092,0.00023
test_06093,0.24517
test_06094,0.99972
test_06095,0.56413
test_06096,0.99946
test_06097,0.00348
test_06098,0.00268
test_06099,0.00008
test_06100,0.00003
test_06101,0.00057
test_06102,0.99811
test_06103,0.99974
test_06104,0.99934
test_06105,0.99923
test_06106,0.99983
test_06107,0.80477
test_06108,0.45297
test_06109,0.03898
test_06110,0.79987
test_06111,0.15734
test_06112,0.86535
test_06113,0.00513
test_06114,0.00729
test_06115,0.99957
test_06116,0.99997
test_06117,0.01141
test_06118,0.18544
test_06119,0.99969
test_06120,0.56425
test_06121,0.88278
test_06122,0.00753
test_06123,0.01307
test_06124,0.08935
test_06125,0.99295
test_06126,0.34198
test_06127,0.01750
test_06128,0.95874
test_06129,0.65547
test_06130,0.47973
test_06131,0.00089
test_06132,0.96914
test_06133,0.29046
test_06134,0.00132
test_06135,0.00025
test_06136,0.99992
test_06137,0.99860
test_06138,0.96529
test_06139,0.99791
test_06140,0.92422
test_06141,0.97959
test_06142,0.99518
test_06143,0.00122
test_06144,0.99528
test_06145,0.06639
test_06146,0.00008
test_06147,0.94843
test_06148,0.00276
test_06149,0.02246
test_06150,0.03801
test_06151,0.35143
test_06152,0.00058
test_06153,0.99824
test_06154,0.00034
test_06155,0.99992
test_06156,0.00103
test_06157,0.00350
test_06158,0.03259
test_06159,0.51254
test_06160,0.99775
test_06161,0.10485
test_06162,0.80314
test_06163,0.98688
test_06164,0.97868
test_06165,0.00018
test_06166,0.07379
test_06167,0.35355
test_06168,0.26239
test_06169,0.99890
test_06170,0.92845
test_06171,0.00022
test_06172,0.99424
test_06173,0.99942
test_06174,0.00001
test_06175,0.00013
test_06176,0.88447
test_06177,0.99998
test_06178,0.99992
test_06179,0.57959
test_06180,0.99906
test_06181,0.00306
test_06182,0.00021
test_06183,0.99971
test_06184,0.87809
test_06185,0.62994
test_06186,0.99993
test_06187,0.01354
test_06188,0.70967
test_06189,0.00334
test_06190,0.79435
test_06191,0.00013
test_06192,0.00013
test_06193,0.87663
test_06194,0.98858
test_06195,0.04998
test_06196,0.00152
test_06197,0.99348
test_06198,0.00123
test_06199,0.99999
test_06200,0.99734
test_06201,0.99965
test_06202,0.02801
test_06203,0.16202
test_06204,0.07591
test_06205,0.79222
test_06206,0.00302
test_06207,0.96220
test_06208,0.00159
test_06209,0.02606
test_06210,0.99934
test_06211,0.80363
test_06212,0.99997
test_06213,0.00229
test_06214,0.08585
test_06215,0.97388
test_06216,0.94065
test_06217,0.87621
test_06218,0.85109
test_06219,0.42406
test_06220,0.00002
test_06221,0.00124
test_06222,0.00010
test_06223,0.00344
test_06224,0.90118
test_06225,0.79589
test_06226,0.99757
test_06227,0.00135
test_06228,0.98184
test_06229,0.00003
test_06230,0.16775
test_06231,0.11563
test_06232,0.02390
test_06233,0.00001
test_06234,0.99810
test_06235,0.00041
test_06236,0.00035
test_06237,0.90591
test_06238,0.05406
test_06239,0.99707
test_06240,0.99639
test_06241,0.95643
test_06242,0.51770
test_06243,0.99705
test_06244,0.29748
test_06245,0.79929
test_06246,0.99956
test_06247,0.88015
test_06248,0.99998
test_06249,0.99531
test_06250,0.99998
test_06251,0.04342
test_06252,0.67167
test_06253,0.27779
test_06254,0.91355
test_06255,0.00146
test_06256,0.99971
test_06257,0.99982
test_06258,0.99197
test_06259,0.88762
test_06260,0.99984
test_06261,0.06607
test_06262,0.55022
test_06263,0.79761
test_06264,0.82768
test_06265,0.98499
test_06266,0.99521
test_06267,0.99407
test_06268,0.99997
test_06269,0.23774
test_06270,0.69463
test_06271,0.99881
test_06272,0.99971
test_06273,0.84002
test_06274,0.96296
test_06275,0.85034
test_06276,0.03302
test_06277,0.99861
test_06278,0.00255
test_06279,0.12497
test_06280,0.05454
test_06281,0.99784
test_06282,0.99936
test_06283,0.00442
test_06284,0.21450
test_06285,0.04920
test_06286,0.99688
test_06287,0.00580
test_06288,0.97866
test_06289,0.13589
test_06290,0.09110
test_06291,0.00774
test_06292,0.00043
test_06293,0.00309
test_06294,0.41750
test_06295,0.00025
test_06296,0.00165
test_06297,0.98059
test_06298,0.99994
test_06299,0.99989
test_06300,0.98887
test_06301,0.25092
test_06302,0.98501
test_06303,0.00590
test_06304,0.98138
test_06305,0.12714
test_06306,0.00486
test_06307,0.17176
test_06308,0.70267
test_06309,0.91338
test_06310,0.00053
test_06311,0.00135
test_06312,0.08701
test_06313,0.07224
test_06314,0.00018
test_06315,0.00941
test_06316,0.25426
test_06317,0.91021
test_06318,0.99825
test_06319,0.21041
test_06320,0.99997
test_06321,0.87085
test_06322,0.99975
test_06323,0.52221
test_06324,0.00207
test_06325,0.99916
test_06326,0.99007
test_06327,0.00091
test_06328,0.98410
test_06329,0.20597
test_06330,0.00003
test_06331,0.00112
test_06332,0.01977
test_06333,0.97190
test_06334,0.03427
test_06335,0.76805
test_06336,0.03723
test_06337,0.19793
test_06338,0.93629
test_06339,0.99953
test_06340,0.99990
test_06341,0.00224
test_06342,0.82039
test_06343,0.00369
test_06344,0.00139
test_06345,0.03583
test_06346,0.99752
test_06347,0.00273
test_06348,0.99971
test_06349,0.21707
test_06350,0.04758
test_06351,0.99989
test_06352,0.76481
test_06353,0.00012
test_06354,0.46369
test_06355,0.78309
test_06356,0.99564
test_06357,0.00065
test_06358,0.98740
test_06359,0.99997
test_06360,0.99972
test_06361,0.12972
test_06362,0.02635
test_06363,0.38294
test_06364,0.95992
test_06365,0.02713
test_06366,0.66348
test_06367,0.71074
test_06368,0.99943
test_06369,0.99789
test_06370,0.99995
test_06371,0.00005
test_06372,0.95787
test_06373,0.99806
test_06374,0.99995
test_06375,0.10496
test_06376,0.00778
test_06377,0.98430
test_06378,0.99504
test_06379,0.00006
test_06380,0.20602
test_06381,0.00002
test_06382,0.97111
test_06383,0.20613
test_06384,0.79900
test_06385,0.55638
test_06386,0.99998
test_06387,0.99892
test_06388,0.95239
test_06389,0.01895
test_06390,0.37065
test_06391,0.00836
test_06392,0.03025
test_06393,0.00152
test_06394,0.99997
test_06395,0.02301
test_06396,0.54080
test_06397,0.00130
test_06398,0.59600
test_06399,0.00619
test_06400,0.00009
test_06401,0.82532
test_06402,0.96493
test_06403,0.00587
test_06404,0.54569
test_06405,0.00428
test_06406,0.00000
test_06407,0.00211
test_06408,0.00201
test_06409,0.99680
test_06410,0.80601
test_06411,0.36939
test_06412,0.66879
test_06413,0.00723
test_06414,0.99402
test_06415,0.00278
test_06416,0.97036
test_06417,0.85255
test_06418,0.02833
test_06419,0.99347
test_06420,0.00006
test_06421,0.99608
test_06422,0.99965
test_06423,0.99265
test_06424,0.79984
test_06425,0.15780
test_06426,0.02440
test_06427,0.18473
test_06428,0.99889
test_06429,0.00010
test_06430,0.00282
test_06431,0.99718
test_06432,0.00153
test_06433,0.70098
test_06434,0.99910
test_06435,0.99896
test_06436,0.03571
test_06437,0.43643
test_06438,0.01178
test_06439,0.99914
test_06440,0.04416
test_06441,0.98664
test_06442,0.00620
test_06443,0.00298
test_06444,0.00028
test_06445,0.03137
test_06446,0.86396
test_06447,0.99393
test_06448,0.98203
test_06449,0.00009
test_06450,0.99921
test_06451,0.99912
test_06452,0.99741
test_06453,0.00064
test_06454,0.99948
test_06455,0.99951
test_06456,0.00000
test_06457,0.95835
test_06458,0.00437
test_06459,0.99985
test_06460,0.00101
test_06461,0.00220
test_06462,0.99907
test_06463,0.99918
test_06464,0.00239
test_06465,0.01827
test_06466,0.05586
test_06467,0.09164
test_06468,0.00169
test_06469,0.99617
test_06470,0.91499
test_06471,0.00270
test_06472,0.01915
test_06473,0.99972
test_06474,0.00023
test_06475,0.99893
test_06476,0.00006
test_06477,0.00548
test_06478,0.99904
test_06479,0.99907
test_06480,0.97349
test_06481,0.00006
test_06482,0.96786
test_06483,0.01318
test_06484,0.00000
test_06485,0.82776
test_06486,0.99945
test_06487,0.00061
test_06488,0.99990
test_06489,0.00028
test_06490,0.99998
test_06491,0.00201
test_06492,0.99708
test_06493,0.00024
test_06494,0.83702
test_06495,0.05683
test_06496,0.07214
test_06497,0.97687
test_06498,0.99837
test_06499,0.00010
test_06500,0.11443
test_06501,0.00418
test_06502,0.99987
test_06503,0.00115
test_06504,0.02006
test_06505,0.00076
test_06506,0.98383
test_06507,0.99285
test_06508,0.99997
test_06509,0.00047
test_06510,0.96728
test_06511,0.92226
test_06512,0.90107
test_06513,0.98445
test_06514,0.00253
test_06515,0.99998
test_06516,0.99998
test_06517,0.52596
test_06518,0.47205
test_06519,0.01912
test_06520,0.00018
test_06521,0.87018
test_06522,0.98912
test_06523,0.99908
test_06524,0.05176
test_06525,0.02252
test_06526,0.98743
test_06527,0.00821
test_06528,0.97293
test_06529,0.00662
test_06530,0.45922
test_06531,0.99901
test_06532,0.99317
test_06533,0.99990
test_06534,0.98800
test_06535,0.93081
test_06536,0.24655
test_06537,0.00082
test_06538,0.95488
test_06539,0.37379
test_06540,0.00194
test_06541,0.77763
test_06542,0.00007
test_06543,0.00413
test_06544,0.99878
test_06545,0.87323
test_06546,0.02132
test_06547,0.96505
test_06548,0.99510
test_06549,0.00072
test_06550,0.99819
test_06551,0.04381
test_06552,0.91353
test_06553,0.99769
test_06554,0.61990
test_06555,0.15684
test_06556,0.99979
test_06557,0.07067
test_06558,0.98491
test_06559,0.19804
test_06560,0.09639
test_06561,0.14577
test_06562,0.13180
test_06563,0.02109
test_06564,0.90883
test_06565,0.95913
test_06566,0.97341
test_06567,0.73629
test_06568,0.05757
test_06569,0.17090
test_06570,0.00203
test_06571,0.00103
test_06572,0.00205
test_06573,0.01606
test_06574,0.03113
test_06575,0.02516
test_06576,0.06566
test_06577,0.16487
test_06578,0.99970
test_06579,0.00459
test_06580,0.39456
test_06581,0.00048
test_06582,0.99944
test_06583,0.04841
test_06584,0.91295
test_06585,0.20053
test_06586,0.21340
test_06587,0.99801
test_06588,0.00289
test_06589,0.99970
test_06590,0.00309
test_06591,0.00040
test_06592,0.79928
test_06593,0.99839
test_06594,0.99939
test_06595,0.11578
test_06596,0.32042
test_06597,0.34991
test_06598,0.00114
test_06599,0.00017
test_06600,0.07737
test_06601,0.00154
test_06602,0.00631
test_06603,0.01674
test_06604,0.26468
test_06605,0.02550
test_06606,0.92586
test_06607,0.00007
test_06608,0.99776
test_06609,0.91575
test_06610,0.00041
test_06611,0.84405
test_06612,0.00546
test_06613,0.00052
test_06614,0.00485
test_06615,0.27387
test_06616,0.99232
test_06617,0.99759
test_06618,0.00126
test_06619,0.00061
test_06620,0.42783
test_06621,0.00044
test_06622,0.02711
test_06623,0.08539
test_06624,0.99986
test_06625,0.97477
test_06626,0.00193
test_06627,0.00003
test_06628,0.93288
test_06629,0.00095
test_06630,0.00778
test_06631,0.00238
test_06632,0.00053
test_06633,0.00503
test_06634,0.99715
test_06635,0.00500
test_06636,0.00028
test_06637,0.00486
test_06638,0.00429
test_06639,0.91056
test_06640,0.99983
test_06641,0.02474
test_06642,0.98877
test_06643,0.96107
test_06644,0.99955
test_06645,0.99887
test_06646,0.99996
test_06647,0.99164
test_06648,0.00878
test_06649,0.32545
test_06650,0.00589
test_06651,0.80065
test_06652,0.00023
test_06653,0.99963
test_06654,0.44687
test_06655,0.00006
test_06656,0.99788
test_06657,0.99962
test_06658,0.00106
test_06659,0.87053
test_06660,0.80385
test_06661,0.01732
test_06662,0.17643
test_06663,0.00309
test_06664,0.00147
test_06665,0.03716
test_06666,0.00207
test_06667,0.99988
test_06668,0.43343
test_06669,0.00252
test_06670,0.08979
test_06671,0.99969
test_06672,0.00955
test_06673,0.00239
test_06674,0.99998
test_06675,0.10572
test_06676,0.90155
test_06677,0.99927
test_06678,0.98870
test_06679,0.00198
test_06680,0.01507
test_06681,0.92544
test_06682,0.00010
test_06683,0.97859
test_06684,0.00061
test_06685,0.93616
test_06686,0.99582
test_06687,0.01344
test_06688,0.41494
test_06689,0.99627
test_06690,0.88227
test_06691,0.00434
test_06692,0.98711
test_06693,0.85063
test_06694,0.99510
test_06695,0.02886
test_06696,0.98428
test_06697,0.99936
test_06698,0.00047
test_06699,0.20175
test_06700,0.99991
test_06701,0.99761
test_06702,0.99928
test_06703,0.00757
test_06704,0.99990
test_06705,0.99897
test_06706,0.37785
test_06707,0.00479
test_06708,0.94939
test_06709,0.87282
test_06710,0.90527
test_06711,0.99965
test_06712,0.03594
test_06713,0.99968
test_06714,0.57920
test_06715,0.00382
test_06716,0.99982
test_06717,0.99420
test_06718,0.98143
test_06719,0.96766
test_06720,0.99054
test_06721,0.06096
test_06722,0.99958
test_06723,0.99845
test_06724,0.00371
test_06725,0.30144
test_06726,0.99276
test_06727,0.17928
test_06728,0.00109
test_06729,0.00011
test_06730,0.00274
test_06731,0.79445
test_06732,0.07337
test_06733,0.97474
test_06734,0.00022
test_06735,0.99956
test_06736,0.99988
test_06737,0.99989
test_06738,0.99982
test_06739,0.98233
test_06740,0.71085
test_06741,0.99896
test_06742,0.99979
test_06743,0.99917
test_06744,0.00110
test_06745,0.00003
test_06746,0.99394
test_06747,0.99153
test_06748,0.02021
test_06749,0.99791
test_06750,0.95710
test_06751,0.00569
test_06752,0.00088
test_06753,0.00834
test_06754,0.00011
test_06755,0.97739
test_06756,0.07385
test_06757,0.96157
test_06758,0.00184
test_06759,0.00550
test_06760,0.00188
test_06761,0.99681
test_06762,0.99533
test_06763,0.99844
test_06764,0.89262
test_06765,0.99958
test_06766,0.00057
test_06767,0.00004
test_06768,0.99992
test_06769,0.00021
test_06770,0.09777
test_06771,0.84912
test_06772,0.00344
test_06773,0.99540
test_06774,0.15660
test_06775,0.00238
test_06776,0.99942
test_06777,0.99921
test_06778,0.00009
test_06779,0.82012
test_06780,0.99995
test_06781,0.99658
test_06782,0.86983
test_06783,0.94634
test_06784,0.00001
test_06785,0.99343
test_06786,0.99787
test_06787,0.00148
test_06788,0.00593
test_06789,0.17153
test_06790,0.99301
test_06791,0.78442
test_06792,0.99957
test_06793,0.19419
test_06794,0.92223
test_06795,0.00049
test_06796,0.98711
test_06797,0.37574
test_06798,0.99995
test_06799,0.14717
test_06800,0.00258
test_06801,0.90219
test_06802,0.01076
test_06803,0.04248
test_06804,0.69824
test_06805,0.00172
test_06806,0.99965
test_06807,0.98137
test_06808,0.99949
test_06809,0.99819
test_06810,0.66468
test_06811,0.99983
test_06812,0.00639
test_06813,0.78440
test_06814,0.99998
test_06815,0.99628
test_06816,0.99953
test_06817,0.00127
test_06818,0.99964
test_06819,0.97726
test_06820,0.00102
test_06821,0.81098
test_06822,0.10328
test_06823,0.10239
test_06824,0.94066
test_06825,0.00865
test_06826,0.19161
test_06827,0.06116
test_06828,0.99856
test_06829,0.99970
test_06830,0.00124
test_06831,0.38038
test_06832,0.00048
test_06833,0.00852
test_06834,0.16052
test_06835,0.00087
test_06836,0.01153
test_06837,0.01234
test_06838,0.00027
test_06839,0.10548
test_06840,0.99257
test_06841,0.00729
test_06842,0.98171
test_06843,0.00466
test_06844,0.00003
test_06845,0.00007
test_06846,0.99959
test_06847,0.80635
test_06848,0.00309
test_06849,0.97165
test_06850,0.00294
test_06851,0.00037
test_06852,0.19859
test_06853,0.02830
test_06854,0.94289
test_06855,0.00016
test_06856,0.00120
test_06857,0.24019
test_06858,0.07722
test_06859,0.79007
test_06860,0.93593
test_06861,0.00002
test_06862,0.99863
test_06863,0.97237
test_06864,0.97718
test_06865,0.36868
test_06866,0.01033
test_06867,0.20100
test_06868,0.81438
test_06869,0.04162
test_06870,0.99508
test_06871,0.96214
test_06872,0.11866
test_06873,0.00354
test_06874,0.98689
test_06875,0.04849
test_06876,0.00132
test_06877,0.99926
test_06878,0.01559
test_06879,0.96003
test_06880,0.19928
test_06881,0.80796
test_06882,0.00965
test_06883,0.26283
test_06884,0.00034
test_06885,0.74530
test_06886,0.02209
test_06887,0.96020
test_06888,0.11211
test_06889,0.96908
test_06890,0.16374
test_06891,0.00009
test_06892,0.12471
test_06893,0.24052
test_06894,0.00208
test_06895,0.00099
test_06896,0.99289
test_06897,0.47378
test_06898,0.33947
test_06899,0.04165
test_06900,0.00040
test_06901,0.95079
test_06902,0.10233
test_06903,0.99956
test_06904,0.99991
test_06905,0.99953
test_06906,0.04115
test_06907,0.99743
test_06908,0.99916
test_06909,0.00013
test_06910,0.99991
test_06911,0.99997
test_06912,0.00130
test_06913,0.00044
test_06914,0.79951
test_06915,0.24821
test_06916,0.99961
test_06917,0.00032
test_06918,0.88540
test_06919,0.97738
test_06920,0.17415
test_06921,0.99789
test_06922,0.99827
test_06923,0.99421
test_06924,0.38367
test_06925,0.01040
test_06926,0.00137
test_06927,0.00104
test_06928,0.00066
test_06929,0.43532
test_06930,0.00161
test_06931,0.13364
test_06932,0.99977
test_06933,0.99691
test_06934,0.00106
test_06935,0.00068
test_06936,0.99570
test_06937,0.85294
test_06938,0.12060
test_06939,0.01458
test_06940,0.98414
test_06941,0.55561
test_06942,0.01070
test_06943,0.03070
test_06944,0.13929
test_06945,0.00102
test_06946,0.00443
test_06947,0.90898
test_06948,0.87676
test_06949,0.99926
test_06950,0.04776
test_06951,0.00025
test_06952,0.89925
test_06953,0.00270
test_06954,0.81333
test_06955,0.99742
test_06956,0.91542
test_06957,0.85071
test_06958,0.99840
test_06959,0.00032
test_06960,0.00030
test_06961,0.93395
test_06962,0.00273
test_06963,0.11793
test_06964,0.99998
test_06965,0.04949
test_06966,0.02048
test_06967,0.00368
test_06968,0.00125
test_06969,0.00005
test_06970,0.99999
test_06971,0.99533
test_06972,0.00179
test_06973,0.93939
test_06974,0.00028
test_06975,0.98997
test_06976,0.99892
test_06977,0.98314
test_06978,0.00010
test_06979,0.65584
test_06980,0.99808
test_06981,0.99733
test_06982,0.99727
test_06983,0.00116
test_06984,0.01627
test_06985,0.00011
test_06986,0.90806
test_06987,0.00118
test_06988,0.00056
test_06989,0.00303
test_06990,0.99945
test_06991,0.99171
test_06992,0.02627
test_06993,0.00020
test_06994,0.00231
test_06995,0.00041
test_06996,0.08305
test_06997,0.78801
test_06998,0.00001
test_06999,0.98293
test_07000,0.13554
test_07001,0.78895
test_07002,0.99839
test_07003,0.09985
test_07004,0.75734
test_07005,0.81180
test_07006,0.63656
test_07007,0.00001
test_07008,0.00342
test_07009,0.99288
test_07010,0.79977
test_07011,0.99979
test_07012,0.98085
test_07013,0.22814
test_07014,0.99987
test_07015,0.98542
test_07016,0.99907
test_07017,0.00017
test_07018,0.98903
test_07019,0.99024
test_07020,0.00208
test_07021,0.99974
test_07022,0.00137
test_07023,0.96840
test_07024,0.00648
test_07025,0.99999
test_07026,0.99930
test_07027,0.07261
test_07028,0.95033
test_07029,0.79733
test_07030,0.71143
test_07031,0.00004
test_07032,0.94883
test_07033,0.99994
test_07034,0.00249
test_07035,0.00031
test_07036,0.00111
test_07037,0.09996
test_07038,0.99873
test_07039,0.02750
test_07040,0.01320
test_07041,0.98515
test_07042,0.99991
test_07043,0.11424
test_07044,0.99518
test_07045,0.05101
test_07046,0.98537
test_07047,0.99985
test_07048,0.00011
test_07049,0.16973
test_07050,0.16099
test_07051,0.00025
test_07052,0.99015
test_07053,0.00011
test_07054,0.99867
test_07055,0.99940
test_07056,0.99649
test_07057,0.00297
test_07058,0.83963
test_07059,0.71347
test_07060,0.99974
test_07061,0.98292
test_07062,0.00499
test_07063,0.14917
test_07064,0.00006
test_07065,0.25989
test_07066,0.35874
test_07067,0.99997
test_07068,0.89174
test_07069,0.96828
test_07070,0.00185
test_07071,0.00273
test_07072,0.99620
test_07073,0.79456
test_07074,0.99361
test_07075,0.99862
test_07076,0.99981
test_07077,0.05392
test_07078,0.99758
test_07079,0.99945
test_07080,0.11016
test_07081,0.03937
test_07082,0.99805
test_07083,0.01118
test_07084,0.20430
test_07085,0.01866
test_07086,0.80783
test_07087,0.00056
test_07088,0.99014
test_07089,0.13089
test_07090,0.60508
test_07091,0.00105
test_07092,0.99931
test_07093,0.97771
test_07094,0.79958
test_07095,0.02983
test_07096,0.98411
test_07097,0.02359
test_07098,0.08276
test_07099,0.00246
test_07100,0.79853
test_07101,0.99873
test_07102,0.99189
test_07103,0.99946
test_07104,0.81977
test_07105,0.00003
test_07106,0.88678
test_07107,0.00790
test_07108,0.64118
test_07109,0.21809
test_07110,0.71124
test_07111,0.06979
test_07112,0.99243
test_07113,0.00044
test_07114,0.99593
test_07115,0.64840
test_07116,0.43926
test_07117,0.11785
test_07118,0.01940
test_07119,0.00367
test_07120,0.00594
test_07121,0.01648
test_07122,0.95616
test_07123,0.27469
test_07124,0.99797
test_07125,0.87970
test_07126,0.99660
test_07127,0.99998
test_07128,0.00038
test_07129,0.00012
test_07130,0.96298
test_07131,0.98898
test_07132,0.00015
test_07133,0.00329
test_07134,0.78806
test_07135,0.00010
test_07136,0.99989
test_07137,0.99311
test_07138,0.00018
test_07139,0.00076
test_07140,0.01417
test_07141,0.02555
test_07142,0.07038
test_07143,0.02946
test_07144,0.00102
test_07145,0.30321
test_07146,0.99990
test_07147,0.02247
test_07148,0.99846
test_07149,0.00048
test_07150,0.49131
test_07151,0.01700
test_07152,0.99941
test_07153,0.98230
test_07154,0.77400
test_07155,0.00194
test_07156,0.12314
test_07157,0.99409
test_07158,0.99845
test_07159,0.08414
test_07160,0.00308
test_07161,0.00058
test_07162,0.79125
test_07163,0.99647
test_07164,0.91211
test_07165,0.73169
test_07166,0.99980
test_07167,0.00138
test_07168,0.99927
test_07169,0.00042
test_07170,0.99953
test_07171,0.76695
test_07172,0.99978
test_07173,0.98795
test_07174,0.96279
test_07175,0.99941
test_07176,0.00110
test_07177,0.00015
test_07178,0.90744
test_07179,0.04951
test_07180,0.00162
test_07181,0.27372
test_07182,0.00162
test_07183,0.18833
test_07184,0.00083
test_07185,0.99668
test_07186,0.95262
test_07187,0.05267
test_07188,0.96907
test_07189,0.00604
test_07190,0.67453
test_07191,0.00803
test_07192,0.00234
test_07193,0.04957
test_07194,0.99147
test_07195,0.73123
test_07196,0.99645
test_07197,0.01241
test_07198,0.00029
test_07199,0.00166
test_07200,0.99945
test_07201,0.04822
test_07202,0.01788
test_07203,0.97669
test_07204,0.77210
test_07205,0.00002
test_07206,0.19052
test_07207,0.99447
test_07208,0.11203
test_07209,0.59267
test_07210,0.00242
test_07211,0.02140
test_07212,0.83955
test_07213,0.20026
test_07214,0.99978
test_07215,0.94131
test_07216,0.09220
test_07217,0.00004
test_07218,0.05121
test_07219,0.99995
test_07220,0.00071
test_07221,0.97512
test_07222,0.00323
test_07223,0.20165
test_07224,0.82619
test_07225,0.05274
test_07226,0.98583
test_07227,0.99998
test_07228,0.00380
test_07229,0.00007
test_07230,0.09043
test_07231,0.00135
test_07232,0.34591
test_07233,0.79861
test_07234,0.99813
test_07235,0.90116
test_07236,0.00089
test_07237,0.99997
test_07238,0.00135
test_07239,0.85875
test_07240,0.01857
test_07241,0.00427
test_07242,0.89894
test_07243,0.03989
test_07244,0.99965
test_07245,0.10428
test_07246,0.83450
test_07247,0.86747
test_07248,0.99950
test_07249,0.03366
test_07250,0.00114
test_07251,0.00062
test_07252,0.99501
test_07253,0.00106
test_07254,0.11331
test_07255,0.69750
test_07256,0.00783
test_07257,0.90296
test_07258,0.03590
test_07259,0.92306
test_07260,0.99956
test_07261,0.00042
test_07262,0.00121
test_07263,0.99999
test_07264,0.00015
test_07265,0.98854
test_07266,0.00066
test_07267,0.64162
test_07268,0.98641
test_07269,0.96538
test_07270,0.90300
test_07271,0.88106
test_07272,0.05745
test_07273,0.95575
test_07274,0.91695
test_07275,0.02351
test_07276,0.01006
test_07277,0.99906
test_07278,0.95037
test_07279,0.16069
test_07280,0.00007
test_07281,0.00002
test_07282,0.58310
test_07283,0.00079
test_07284,0.77099
test_07285,0.99641
test_07286,0.01224
test_07287,0.97941
test_07288,0.00178
test_07289,0.12080
test_07290,0.00176
test_07291,0.99882
test_07292,0.00103
test_07293,0.00059
test_07294,0.99896
test_07295,0.86724
test_07296,0.23182
test_07297,0.99509
test_07298,0.18030
test_07299,0.71224
test_07300,0.01765
test_07301,0.99198
test_07302,0.00034
test_07303,0.99996
test_07304,0.02061
test_07305,0.01027
test_07306,0.18260
test_07307,0.00109
test_07308,0.00241
test_07309,0.00105
test_07310,0.11669
test_07311,0.00522
test_07312,0.99777
test_07313,0.00197
test_07314,0.95842
test_07315,0.17594
test_07316,0.41855
test_07317,0.99784
test_07318,0.00017
test_07319,0.79147
test_07320,0.99973
test_07321,0.37528
test_07322,0.47820
test_07323,0.01015
test_07324,0.49684
test_07325,0.56455
test_07326,0.90670
test_07327,0.99987
test_07328,0.99997
test_07329,0.00495
test_07330,0.20538
test_07331,0.00007
test_07332,0.00049
test_07333,0.11374
test_07334,0.92826
test_07335,0.86532
test_07336,0.03462
test_07337,0.47647
test_07338,0.99237
test_07339,0.00060
test_07340,0.99992
test_07341,0.27241
test_07342,0.00619
test_07343,0.99975
test_07344,0.51222
test_07345,0.00022
test_07346,0.00236
test_07347,0.00038
test_07348,0.72330
test_07349,0.00591
test_07350,0.99835
test_07351,0.01040
test_07352,0.57845
test_07353,0.92736
test_07354,0.98883
test_07355,0.99999
test_07356,0.99998
test_07357,0.99888
test_07358,0.80150
test_07359,0.08352
test_07360,0.99835
test_07361,0.94427
test_07362,0.02366
test_07363,0.98958
test_07364,0.01437
test_07365,0.90822
test_07366,0.99953
test_07367,0.99440
test_07368,0.17317
test_07369,0.19973
test_07370,0.99920
test_07371,0.00317
test_07372,0.04584
test_07373,0.94769
test_07374,0.04060
test_07375,0.46639
test_07376,0.40998
test_07377,0.00264
test_07378,0.80509
test_07379,0.00534
test_07380,0.19978
test_07381,0.01846
test_07382,0.81677
test_07383,0.99300
test_07384,0.73257
test_07385,0.01015
test_07386,0.00848
test_07387,0.00098
test_07388,0.93590
test_07389,0.00390
test_07390,0.00296
test_07391,0.99999
test_07392,0.84700
test_07393,0.98604
test_07394,0.65141
test_07395,0.99997
test_07396,0.00017
test_07397,0.82431
test_07398,0.99946
test_07399,0.98906
test_07400,0.99039
test_07401,0.02666
test_07402,0.99938
test_07403,0.17362
test_07404,0.00125
test_07405,0.99957
test_07406,0.02960
test_07407,0.00009
test_07408,0.12074
test_07409,0.99384
test_07410,0.98115
test_07411,0.06461
test_07412,0.00089
test_07413,0.99957
test_07414,0.00006
test_07415,0.56471
test_07416,0.02497
test_07417,0.13163
test_07418,0.99804
test_07419,0.00046
test_07420,0.00014
test_07421,0.15282
test_07422,0.99882
test_07423,0.99976
test_07424,0.02142
test_07425,0.00133
test_07426,0.05388
test_07427,0.15429
test_07428,0.09827
test_07429,0.16164
test_07430,0.00027
test_07431,0.98284
test_07432,0.00004
test_07433,0.07667
test_07434,0.00145
test_07435,0.00124
test_07436,0.00165
test_07437,0.99530
test_07438,0.82928
test_07439,0.12747
test_07440,0.00044
test_07441,0.01172
test_07442,0.00488
test_07443,0.99994
test_07444,0.15863
test_07445,0.03956
test_07446,0.00001
test_07447,0.00014
test_07448,0.01352
test_07449,0.99931
test_07450,0.99384
test_07451,0.99887
test_07452,0.00187
test_07453,0.00262
test_07454,0.99510
test_07455,0.28426
test_07456,0.99812
test_07457,0.97876
test_07458,0.99994
test_07459,0.99997
test_07460,0.01323
test_07461,0.86333
test_07462,0.98826
test_07463,0.00316
test_07464,0.48667
test_07465,0.99360
test_07466,0.05746
test_07467,0.99114
test_07468,0.99988
test_07469,0.01732
test_07470,0.99999
test_07471,0.65214
test_07472,0.94744
test_07473,0.00001
test_07474,0.00010
test_07475,0.84759
test_07476,0.01276
test_07477,0.01261
test_07478,0.99816
test_07479,0.99946
test_07480,0.10919
test_07481,0.00123
test_07482,0.78405
test_07483,0.88084
test_07484,0.65832
test_07485,0.94775
test_07486,0.99992
test_07487,0.00011
test_07488,0.00134
test_07489,0.99956
test_07490,0.46573
test_07491,0.01661
test_07492,0.01830
test_07493,0.97824
test_07494,0.98844
test_07495,0.99868
test_07496,0.00011
test_07497,0.03133
test_07498,0.71815
test_07499,0.00105
test_07500,0.03215
test_07501,0.02799
test_07502,0.85530
test_07503,0.01077
test_07504,0.15796
test_07505,0.97822
test_07506,0.89411
test_07507,0.00232
test_07508,0.00071
test_07509,0.99544
test_07510,0.86532
test_07511,0.98702
test_07512,0.00013
test_07513,0.99759
test_07514,0.99849
test_07515,0.90436
test_07516,0.99997
test_07517,0.99999
test_07518,0.00144
test_07519,0.18779
test_07520,0.02215
test_07521,0.00409
test_07522,0.99738
test_07523,0.00340
test_07524,0.43577
test_07525,0.30944
test_07526,0.00018
test_07527,0.31533
test_07528,0.99994
test_07529,0.00069
test_07530,0.99940
test_07531,0.94374
test_07532,0.99552
test_07533,0.03305
test_07534,0.29076
test_07535,0.22297
test_07536,0.07369
test_07537,0.00179
test_07538,0.20292
test_07539,0.99948
test_07540,0.00334
test_07541,0.90764
test_07542,0.83651
test_07543,0.00619
test_07544,0.98098
test_07545,0.02977
test_07546,0.98766
test_07547,0.99968
test_07548,0.04477
test_07549,0.98560
test_07550,0.99950
test_07551,0.84296
test_07552,0.00525
test_07553,0.99445
test_07554,0.99895
test_07555,0.00000
test_07556,0.00027
test_07557,0.99895
test_07558,0.84732
test_07559,0.97267
test_07560,0.26103
test_07561,0.00004
test_07562,0.56306
test_07563,0.99985
test_07564,0.99144
test_07565,0.03011
test_07566,0.03104
test_07567,0.00220
test_07568,0.00021
test_07569,0.91472
test_07570,0.60614
test_07571,0.00903
test_07572,0.99466
test_07573,0.99999
test_07574,0.99819
test_07575,0.17130
test_07576,0.06327
test_07577,0.00549
test_07578,0.00082
test_07579,0.00057
test_07580,0.98122
test_07581,0.00092
test_07582,0.00087
test_07583,0.99902
test_07584,0.95366
test_07585,0.57941
test_07586,0.99863
test_07587,0.26629
test_07588,0.97373
test_07589,0.98941
test_07590,0.00482
test_07591,0.99939
test_07592,0.00114
test_07593,0.99960
test_07594,0.05937
test_07595,0.02767
test_07596,0.01236
test_07597,0.88545
test_07598,0.41109
test_07599,0.99851
test_07600,0.00150
test_07601,0.00029
test_07602,0.01712
test_07603,0.99994
test_07604,0.02796
test_07605,0.00087
test_07606,0.00008
test_07607,0.00356
test_07608,0.31595
test_07609,0.99967
test_07610,0.00031
test_07611,0.00047
test_07612,0.00005
test_07613,0.01675
test_07614,0.99278
test_07615,0.97521
test_07616,0.99400
test_07617,0.82652
test_07618,0.99836
test_07619,0.00035
test_07620,0.27772
test_07621,0.00052
test_07622,0.00065
test_07623,0.99998
test_07624,0.00208
test_07625,0.00166
test_07626,0.99959
test_07627,0.99425
test_07628,0.99973
test_07629,0.00484
test_07630,0.99838
test_07631,0.00012
test_07632,0.04200
test_07633,0.18605
test_07634,0.99955
test_07635,0.99977
test_07636,0.00035
test_07637,0.79718
test_07638,0.99930
test_07639,0.00132
test_07640,0.05902
test_07641,0.99510
test_07642,0.01967
test_07643,0.82193
test_07644,0.99958
test_07645,0.00078
test_07646,0.97432
test_07647,0.99999
test_07648,0.00347
test_07649,0.94477
test_07650,0.99600
test_07651,0.55645
test_07652,0.78343
test_07653,0.99992
test_07654,0.99804
test_07655,0.02630
test_07656,0.13231
test_07657,0.99963
test_07658,0.00289
test_07659,0.99990
test_07660,0.74382
test_07661,0.99888
test_07662,0.02614
test_07663,0.00645
test_07664,0.00123
test_07665,0.00107
test_07666,0.99972
test_07667,0.08911
test_07668,0.00045
test_07669,0.99859
test_07670,0.00617
test_07671,0.00054
test_07672,0.10735
test_07673,0.00280
test_07674,0.95120
test_07675,0.00424
test_07676,0.18517
test_07677,0.15725
test_07678,0.04243
test_07679,0.00296
test_07680,0.85362
test_07681,0.26243
test_07682,0.02806
test_07683,0.99990
test_07684,0.92274
test_07685,0.02785
test_07686,0.04146
test_07687,0.92263
test_07688,0.78399
test_07689,0.99996
test_07690,0.99789
test_07691,0.00762
test_07692,0.99990
test_07693,0.99762
test_07694,0.15436
test_07695,0.29057
test_07696,0.19369
test_07697,0.99918
test_07698,0.98602
test_07699,0.00481
test_07700,0.94016
test_07701,0.03105
test_07702,0.00419
test_07703,0.99982
test_07704,0.99579
test_07705,0.03608
test_07706,0.94807
test_07707,0.20071
test_07708,0.99979
test_07709,0.72290
test_07710,0.99999
test_07711,0.99366
test_07712,0.00039
test_07713,0.00079
test_07714,0.00012
test_07715,0.90583
test_07716,0.99118
test_07717,0.00267
test_07718,0.00736
test_07719,0.00752
test_07720,0.00258
test_07721,0.09206
test_07722,0.00678
test_07723,0.19929
test_07724,0.99977
test_07725,0.98751
test_07726,0.77617
test_07727,0.01279
test_07728,0.01848
test_07729,0.99890
test_07730,0.03664
test_07731,0.00114
test_07732,0.50976
test_07733,0.99959
test_07734,0.03843
test_07735,0.00088
test_07736,0.00080
test_07737,0.99989
test_07738,0.04988
test_07739,0.32441
test_07740,0.04017
test_07741,0.00168
test_07742,0.63980
test_07743,0.99078
test_07744,0.00396
test_07745,0.60919
test_07746,0.75691
test_07747,0.04601
test_07748,0.00302
test_07749,0.91008
test_07750,0.98470
test_07751,0.21375
test_07752,0.00073
test_07753,0.77693
test_07754,0.01557
test_07755,0.01217
test_07756,0.99541
test_07757,0.00107
test_07758,0.05410
test_07759,0.88466
test_07760,0.29496
test_07761,0.94056
test_07762,0.99420
test_07763,0.99937
test_07764,0.99610
test_07765,0.42526
test_07766,0.99894
test_07767,0.00019
test_07768,0.27937
test_07769,0.00061
test_07770,0.00202
test_07771,0.81982
test_07772,0.99997
test_07773,0.99836
test_07774,0.00115
test_07775,0.01389
test_07776,0.54583
test_07777,0.99977
test_07778,0.57757
test_07779,0.99784
test_07780,0.41322
test_07781,0.00099
test_07782,0.15778
test_07783,0.00004
test_07784,0.03397
test_07785,0.19792
test_07786,0.07401
test_07787,0.99701
test_07788,0.99995
test_07789,0.98544
test_07790,0.00319
test_07791,0.03724
test_07792,0.02330
test_07793,0.00004
test_07794,0.01739
test_07795,0.95933
test_07796,0.00027
test_07797,0.00146
test_07798,0.98479
test_07799,0.98391
test_07800,0.53019
test_07801,0.00002
test_07802,0.83829
test_07803,0.97208
test_07804,0.99966
test_07805,0.00193
test_07806,0.00953
test_07807,0.03815
test_07808,0.00092
test_07809,0.00010
test_07810,0.00439
test_07811,0.84678
test_07812,0.32618
test_07813,0.99037
test_07814,0.19081
test_07815,0.00004
test_07816,0.00133
test_07817,0.99890
test_07818,0.17671
test_07819,0.90021
test_07820,0.02669
test_07821,0.99715
test_07822,0.02896
test_07823,0.01155
test_07824,0.99041
test_07825,0.99993
test_07826,0.09901
test_07827,0.35049
test_07828,0.00266
test_07829,0.85079
test_07830,0.02401
test_07831,0.99971
test_07832,0.92582
test_07833,0.72164
test_07834,0.95515
test_07835,0.93140
test_07836,0.11044
test_07837,0.00006
test_07838,0.99995
test_07839,0.99987
test_07840,0.95587
test_07841,0.00006
test_07842,0.06940
test_07843,0.00022
test_07844,0.99805
test_07845,0.99991
test_07846,0.01843
test_07847,0.96590
test_07848,0.00276
test_07849,0.91032
test_07850,0.99989
test_07851,0.20909
test_07852,0.82286
test_07853,0.00137
test_07854,0.99064
test_07855,0.01403
test_07856,0.00373
test_07857,0.17527
test_07858,0.00049
test_07859,0.71929
test_07860,0.00027
test_07861,0.00706
test_07862,0.00012
test_07863,0.33138
test_07864,0.27923
test_07865,0.95996
test_07866,0.29071
test_07867,0.00001
test_07868,0.99974
test_07869,0.86927
test_07870,0.47333
test_07871,0.99907
test_07872,0.07167
test_07873,0.00306
test_07874,0.00607
test_07875,0.09614
test_07876,0.73322
test_07877,0.00369
test_07878,0.02524
test_07879,0.00063
test_07880,0.79125
test_07881,0.80399
test_07882,0.97259
test_07883,0.99417
test_07884,0.57439
test_07885,0.93754
test_07886,0.00002
test_07887,0.99364
test_07888,0.01106
test_07889,0.99994
test_07890,0.97331
test_07891,0.87752
test_07892,0.15408
test_07893,0.85604
test_07894,0.00201
test_07895,0.17950
test_07896,0.99031
test_07897,0.00252
test_07898,0.99968
test_07899,0.99995
test_07900,0.99988
test_07901,0.99962
test_07902,0.00083
test_07903,0.14637
test_07904,0.00023
test_07905,0.91580
test_07906,0.00133
test_07907,0.76934
test_07908,0.16500
test_07909,0.98830
test_07910,0.91838
test_07911,0.99075
test_07912,0.06682
test_07913,0.00055
test_07914,0.00008
test_07915,0.00024
test_07916,0.97462
test_07917,0.00017
test_07918,0.06608
test_07919,0.00238
test_07920,0.00578
test_07921,0.99991
test_07922,0.10937
test_07923,0.98525
test_07924,0.00536
test_07925,0.00025
test_07926,0.00454
test_07927,0.98898
test_07928,0.62928
test_07929,0.00015
test_07930,0.17225
test_07931,0.00744
test_07932,0.99888
test_07933,0.99706
test_07934,0.00049
test_07935,0.27440
test_07936,0.00989
test_07937,0.30867
test_07938,0.97016
test_07939,0.00231
test_07940,0.00274
test_07941,0.49014
test_07942,0.00026
test_07943,0.92285
test_07944,0.00591
test_07945,0.00105
test_07946,0.00011
test_07947,0.99907
test_07948,0.62371
test_07949,0.99903
test_07950,0.99561
test_07951,0.00001
test_07952,0.05106
test_07953,0.00288
test_07954,0.00819
test_07955,0.00003
test_07956,0.16706
test_07957,0.59918
test_07958,0.07725
test_07959,0.99473
test_07960,0.00006
test_07961,0.98657
test_07962,0.00174
test_07963,0.97444
test_07964,0.00002
test_07965,0.00017
test_07966,0.78038
test_07967,0.99791
test_07968,0.00372
test_07969,0.00222
test_07970,0.06745
test_07971,0.00143
test_07972,0.97904
test_07973,0.00018
test_07974,0.99811
test_07975,0.00173
test_07976,0.26437
test_07977,0.05751
test_07978,0.97599
test_07979,0.00313
test_07980,0.91234
test_07981,0.15802
test_07982,0.00088
test_07983,0.00439
test_07984,0.88463
test_07985,0.99987
test_07986,0.10550
test_07987,0.00534
test_07988,0.00525
test_07989,0.00091
test_07990,0.33965
test_07991,0.94186
test_07992,0.00138
test_07993,0.99970
test_07994,0.80927
test_07995,0.95833
test_07996,0.99995
test_07997,0.99916
test_07998,0.99799
test_07999,0.99976
test_08000,0.02554
test_08001,0.00004
test_08002,0.00343
test_08003,0.62169
test_08004,0.00221
test_08005,0.99943
test_08006,0.88538
test_08007,0.00234
test_08008,0.96332
test_08009,0.00383
test_08010,0.79899
test_08011,0.99977
test_08012,0.99672
test_08013,0.00132
test_08014,0.12095
test_08015,0.00006
test_08016,0.80603
test_08017,0.45318
test_08018,0.99991
test_08019,0.99960
test_08020,0.99797
test_08021,0.40653
test_08022,0.19130
test_08023,0.00050
test_08024,0.01170
test_08025,0.77764
test_08026,0.99869
test_08027,0.05108
test_08028,0.04994
test_08029,0.97398
test_08030,0.19344
test_08031,0.00024
test_08032,0.99849
test_08033,0.00466
test_08034,0.99999
test_08035,0.01881
test_08036,0.89306
test_08037,0.03589
test_08038,0.88018
test_08039,0.99718
test_08040,0.84895
test_08041,0.85146
test_08042,0.83912
test_08043,0.01600
test_08044,0.03603
test_08045,0.09425
test_08046,0.18761
test_08047,0.00193
test_08048,0.21054
test_08049,0.98990
test_08050,0.00090
test_08051,0.01768
test_08052,0.99738
test_08053,0.78086
test_08054,0.00052
test_08055,0.99997
test_08056,0.99872
test_08057,0.02242
test_08058,0.03788
test_08059,0.01618
test_08060,0.99949
test_08061,0.07156
test_08062,0.99900
test_08063,0.21343
test_08064,0.38038
test_08065,0.99638
test_08066,0.04304
test_08067,0.91924
test_08068,0.56260
test_08069,0.77928
test_08070,0.00017
test_08071,0.87685
test_08072,0.00691
test_08073,0.95596
test_08074,0.18307
test_08075,0.77103
test_08076,0.00185
test_08077,0.00075
test_08078,0.78906
test_08079,0.00176
test_08080,0.99904
test_08081,0.00176
test_08082,0.00188
test_08083,0.99943
test_08084,0.00561
test_08085,0.00035
test_08086,0.00460
test_08087,0.99185
test_08088,0.98784
test_08089,0.01844
test_08090,0.01397
test_08091,0.99884
test_08092,0.88528
test_08093,0.54578
test_08094,0.00027
test_08095,0.82290
test_08096,0.00501
test_08097,0.99624
test_08098,0.00506
test_08099,0.03555
test_08100,0.99982
test_08101,0.00060
test_08102,0.00001
test_08103,0.99814
test_08104,0.00081
test_08105,0.99875
test_08106,0.99996
test_08107,0.87192
test_08108,0.00367
test_08109,0.80588
test_08110,0.99966
test_08111,0.00203
test_08112,0.99999
test_08113,0.00194
test_08114,0.03792
test_08115,0.00143
test_08116,0.99888
test_08117,0.00772
test_08118,0.00130
test_08119,0.65883
test_08120,0.00064
test_08121,0.11648
test_08122,0.99867
test_08123,0.04612
test_08124,0.38624
test_08125,0.99937
test_08126,0.14517
test_08127,0.00289
test_08128,0.49020
test_08129,0.00733
test_08130,0.09144
test_08131,0.99886
test_08132,0.00035
test_08133,0.00276
test_08134,0.00152
test_08135,0.00229
test_08136,0.99876
test_08137,0.00386
test_08138,0.00100
test_08139,0.99640
test_08140,0.99280
test_08141,0.97255
test_08142,0.99999
test_08143,0.78431
test_08144,0.86102
test_08145,0.01888
test_08146,0.98056
test_08147,0.08454
test_08148,0.02619
test_08149,0.01556
test_08150,0.97952
test_08151,0.87278
test_08152,0.02022
test_08153,0.77607
test_08154,0.17760
test_08155,0.04125
test_08156,0.00037
test_08157,0.00569
test_08158,0.00772
test_08159,0.99993
test_08160,0.99936
test_08161,0.96726
test_08162,0.08398
test_08163,0.99988
test_08164,0.19996
test_08165,0.06528
test_08166,0.18397
test_08167,0.00931
test_08168,0.99980
test_08169,0.97703
test_08170,0.00047
test_08171,0.99496
test_08172,0.88376
test_08173,0.00102
test_08174,0.08199
test_08175,0.87819
test_08176,0.98279
test_08177,0.99052
test_08178,0.99401
test_08179,0.93537
test_08180,0.00006
test_08181,0.04797
test_08182,0.15493
test_08183,0.99719
test_08184,0.99857
test_08185,0.81600
test_08186,0.98813
test_08187,0.78403
test_08188,0.00587
test_08189,0.00338
test_08190,0.07635
test_08191,0.98379
test_08192,0.98809
test_08193,0.99997
test_08194,0.31881
test_08195,0.00003
test_08196,0.00910
test_08197,0.99991
test_08198,0.98244
test_08199,0.00160
test_08200,0.98424
test_08201,0.16830
test_08202,0.85156
test_08203,0.60891
test_08204,0.88204
test_08205,0.92867
test_08206,0.07126
test_08207,0.77067
test_08208,0.46313
test_08209,0.00151
test_08210,0.00387
test_08211,0.00020
test_08212,0.99964
test_08213,0.99991
test_08214,0.00070
test_08215,0.09186
test_08216,0.00096
test_08217,0.99802
test_08218,0.96124
test_08219,0.43849
test_08220,0.00259
test_08221,0.07182
test_08222,0.99000
test_08223,0.00094
test_08224,0.02764
test_08225,0.00032
test_08226,0.95711
test_08227,0.99426
test_08228,0.96424
test_08229,0.00002
test_08230,0.01517
test_08231,0.00126
test_08232,0.00339
test_08233,0.00047
test_08234,0.03727
test_08235,0.00266
test_08236,0.05294
test_08237,0.99652
test_08238,0.99961
test_08239,0.99522
test_08240,0.50712
test_08241,0.90976
test_08242,0.98955
test_08243,0.00015
test_08244,0.93920
test_08245,0.13559
test_08246,0.21150
test_08247,0.03214
test_08248,0.38846
test_08249,0.96405
test_08250,0.19123
test_08251,0.99757
test_08252,0.99882
test_08253,0.00013
test_08254,0.81757
test_08255,0.19328
test_08256,0.00093
test_08257,0.00033
test_08258,0.83647
test_08259,0.99832
test_08260,0.54604
test_08261,0.99950
test_08262,0.96968
test_08263,0.99885
test_08264,0.88934
test_08265,0.98987
test_08266,0.85225
test_08267,0.00806
test_08268,0.03666
test_08269,0.99176
test_08270,0.03625
test_08271,0.74329
test_08272,0.92843
test_08273,0.77933
test_08274,0.97824
test_08275,0.12476
test_08276,0.99981
test_08277,0.00246
test_08278,0.00993
test_08279,0.23519
test_08280,0.00055
test_08281,0.99283
test_08282,0.98310
test_08283,0.98460
test_08284,0.97905
test_08285,0.98060
test_08286,0.00041
test_08287,0.07721
test_08288,0.00348
test_08289,0.01322
test_08290,0.01059
test_08291,0.05372
test_08292,0.00029
test_08293,0.98327
test_08294,0.37812
test_08295,0.99968
test_08296,0.99859
test_08297,0.99989
test_08298,0.00656
test_08299,0.00003
test_08300,0.98321
test_08301,0.50007
test_08302,0.99783
test_08303,0.99973
test_08304,0.99134
test_08305,0.29704
test_08306,0.00115
test_08307,0.80425
test_08308,0.98245
test_08309,0.14554
test_08310,0.88317
test_08311,0.12928
test_08312,0.99890
test_08313,0.96671
test_08314,0.00232
test_08315,0.99815
test_08316,0.99973
test_08317,0.98153
test_08318,0.07952
test_08319,0.99762
test_08320,0.90374
test_08321,0.28715
test_08322,0.99890
test_08323,0.99871
test_08324,0.58201
test_08325,0.99801
test_08326,0.02118
test_08327,0.00042
test_08328,0.00372
test_08329,0.99764
test_08330,0.99589
test_08331,0.95045
test_08332,0.00085
test_08333,0.00320
test_08334,0.98760
test_08335,0.57213
test_08336,0.31852
test_08337,0.88799
test_08338,0.98499
test_08339,0.00725
test_08340,0.00006
test_08341,0.99496
test_08342,0.02673
test_08343,0.79589
test_08344,0.71809
test_08345,0.99975
test_08346,0.00105
test_08347,0.19358
test_08348,0.99958
test_08349,0.00055
test_08350,0.91988
test_08351,0.99950
test_08352,0.02121
test_08353,0.99862
test_08354,0.00113
test_08355,0.98581
test_08356,0.87663
test_08357,0.10837
test_08358,0.98562
test_08359,0.99976
test_08360,0.95419
test_08361,0.83675
test_08362,0.00004
test_08363,0.99993
test_08364,0.01046
test_08365,0.00792
test_08366,0.49770
test_08367,0.95644
test_08368,0.99955
test_08369,0.00826
test_08370,0.99926
test_08371,0.00023
test_08372,0.00169
test_08373,0.98069
test_08374,0.99688
test_08375,0.00033
test_08376,0.97800
test_08377,0.75717
test_08378,0.79762
test_08379,0.99950
test_08380,0.99465
test_08381,0.99906
test_08382,0.96814
test_08383,0.07447
test_08384,0.00101
test_08385,0.00082
test_08386,0.00003
test_08387,0.00258
test_08388,0.00065
test_08389,0.93635
test_08390,0.00708
test_08391,0.02078
test_08392,0.98090
test_08393,0.99987
test_08394,0.00106
test_08395,0.12675
test_08396,0.02264
test_08397,0.01216
test_08398,0.99912
test_08399,0.00510
test_08400,0.02379
test_08401,0.01543
test_08402,0.12850
test_08403,0.06587
test_08404,0.99496
test_08405,0.00133
test_08406,0.00044
test_08407,0.99895
test_08408,0.18543
test_08409,0.00008
test_08410,0.82779
test_08411,0.99966
test_08412,0.99854
test_08413,0.00065
test_08414,0.02413
test_08415,0.00063
test_08416,0.99986
test_08417,0.94692
test_08418,0.99891
test_08419,0.02899
test_08420,0.79860
test_08421,0.00969
test_08422,0.98877
test_08423,0.99964
test_08424,0.00126
test_08425,0.00977
test_08426,0.00029
test_08427,0.99831
test_08428,0.99971
test_08429,0.01339
test_08430,0.93947
test_08431,0.14714
test_08432,0.05622
test_08433,0.27214
test_08434,0.99451
test_08435,0.00336
test_08436,0.99947
test_08437,0.00014
test_08438,0.81509
test_08439,0.81804
test_08440,0.99383
test_08441,0.26223
test_08442,0.78935
test_08443,0.00609
test_08444,0.00173
test_08445,0.99133
test_08446,0.17593
test_08447,0.09706
test_08448,0.35708
test_08449,0.98444
test_08450,0.38859
test_08451,0.00271
test_08452,0.00358
test_08453,0.00183
test_08454,0.00078
test_08455,0.80925
test_08456,0.99982
test_08457,0.99264
test_08458,0.00027
test_08459,0.98201
test_08460,0.99981
test_08461,0.00119
test_08462,0.01106
test_08463,0.98343
test_08464,0.01858
test_08465,0.99997
test_08466,0.00730
test_08467,0.00047
test_08468,0.99784
test_08469,0.00108
test_08470,0.00099
test_08471,0.03814
test_08472,0.99992
test_08473,0.00454
test_08474,0.97424
test_08475,0.00050
test_08476,0.96864
test_08477,0.99955
test_08478,0.98406
test_08479,0.64601
test_08480,0.05406
test_08481,0.02791
test_08482,0.99823
test_08483,0.02295
test_08484,0.99993
test_08485,0.29894
test_08486,0.82277
test_08487,0.87095
test_08488,0.04525
test_08489,0.00726
test_08490,0.97022
test_08491,0.99568
test_08492,0.99998
test_08493,0.58381
test_08494,0.21099
test_08495,0.07484
test_08496,0.21298
test_08497,0.97383
test_08498,0.00014
test_08499,0.61771
test_08500,0.98125
test_08501,0.00218
test_08502,0.99644
test_08503,0.00080
test_08504,0.79527
test_08505,0.00230
test_08506,0.47986
test_08507,0.00007
test_08508,0.99499
test_08509,0.82114
test_08510,0.99902
test_08511,0.21651
test_08512,0.97131
test_08513,0.99959
test_08514,0.00256
test_08515,0.99734
test_08516,0.99998
test_08517,0.99997
test_08518,0.99824
test_08519,0.99979
test_08520,0.08795
test_08521,0.00614
test_08522,0.07352
test_08523,0.00061
test_08524,0.01678
test_08525,0.97823
test_08526,0.00094
test_08527,0.03051
test_08528,0.00009
test_08529,0.99472
test_08530,0.00000
test_08531,0.21222
test_08532,0.98674
test_08533,0.90982
test_08534,0.00416
test_08535,0.99876
test_08536,0.00531
test_08537,0.99893
test_08538,0.81619
test_08539,0.24591
test_08540,0.99938
test_08541,0.00016
test_08542,0.98508
test_08543,0.02966
test_08544,0.99733
test_08545,0.99034
test_08546,0.60886
test_08547,0.99973
test_08548,0.01926
test_08549,0.00390
test_08550,0.97562
test_08551,0.99767
test_08552,0.56651
test_08553,0.82893
test_08554,0.00027
test_08555,0.99817
test_08556,0.00008
test_08557,0.00261
test_08558,0.00860
test_08559,0.99552
test_08560,0.03026
test_08561,0.99855
test_08562,0.92134
test_08563,0.00005
test_08564,0.00102
test_08565,0.99996
test_08566,0.81238
test_08567,0.86485
test_08568,0.99604
test_08569,0.04348
test_08570,0.01530
test_08571,0.13383
test_08572,0.99463
test_08573,0.88439
test_08574,0.00299
test_08575,0.97989
test_08576,0.84607
test_08577,0.99988
test_08578,0.00024
test_08579,0.90388
test_08580,0.99033
test_08581,0.99771
test_08582,0.10136
test_08583,0.00743
test_08584,0.07219
test_08585,0.00587
test_08586,0.69914
test_08587,0.00237
test_08588,0.82108
test_08589,0.49012
test_08590,0.99213
test_08591,0.00023
test_08592,0.96839
test_08593,0.01573
test_08594,0.02582
test_08595,0.97032
test_08596,0.79471
test_08597,0.58061
test_08598,0.99279
test_08599,0.31253
test_08600,0.99888
test_08601,0.99987
test_08602,0.99748
test_08603,0.94556
test_08604,0.99949
test_08605,0.11649
test_08606,0.99975
test_08607,0.99982
test_08608,0.22094
test_08609,0.03413
test_08610,0.89391
test_08611,0.00116
test_08612,0.99897
test_08613,0.34697
test_08614,0.98771
test_08615,0.03857
test_08616,0.99880
test_08617,0.00231
test_08618,0.00072
test_08619,0.99915
test_08620,0.99760
test_08621,0.99998
test_08622,0.99458
test_08623,0.00149
test_08624,0.82509
test_08625,0.99425
test_08626,0.27784
test_08627,0.01143
test_08628,0.98663
test_08629,0.01238
test_08630,0.99940
test_08631,0.18626
test_08632,0.00048
test_08633,0.99868
test_08634,0.99944
test_08635,0.81967
test_08636,0.12925
test_08637,0.99273
test_08638,0.99915
test_08639,0.02951
test_08640,0.00758
test_08641,0.22732
test_08642,0.99129
test_08643,0.01108
test_08644,0.99938
test_08645,0.00006
test_08646,0.15765
test_08647,0.00062
test_08648,0.00013
test_08649,0.98514
test_08650,0.99467
test_08651,0.85558
test_08652,0.96442
test_08653,0.97418
test_08654,0.00032
test_08655,0.91499
test_08656,0.01426
test_08657,0.91952
test_08658,0.97958
test_08659,0.01173
test_08660,0.08436
test_08661,0.67670
test_08662,0.00558
test_08663,0.00007
test_08664,0.00039
test_08665,0.00000
test_08666,0.99992
test_08667,0.99894
test_08668,0.99907
test_08669,0.99931
test_08670,0.79206
test_08671,0.67004
test_08672,0.99921
test_08673,0.99980
test_08674,0.99992
test_08675,0.00009
test_08676,0.84427
test_08677,0.89258
test_08678,0.98402
test_08679,0.99927
test_08680,0.99974
test_08681,0.03209
test_08682,0.04009
test_08683,0.74831
test_08684,0.10870
test_08685,0.93929
test_08686,0.99891
test_08687,0.00140
test_08688,0.99925
test_08689,0.99839
test_08690,0.08271
test_08691,0.99943
test_08692,0.99907
test_08693,0.02865
test_08694,0.04730
test_08695,0.98507
test_08696,0.00055
test_08697,0.02954
test_08698,0.91755
test_08699,0.24471
test_08700,0.99914
test_08701,0.99832
test_08702,0.00052
test_08703,0.07880
test_08704,0.00205
test_08705,0.15294
test_08706,0.00279
test_08707,0.99548
test_08708,0.88553
test_08709,0.99684
test_08710,0.00002
test_08711,0.99721
test_08712,0.00178
test_08713,0.99965
test_08714,0.99297
test_08715,0.00105
test_08716,0.99869
test_08717,0.29100
test_08718,0.73517
test_08719,0.96856
test_08720,0.99426
test_08721,0.99432
test_08722,0.99283
test_08723,0.99665
test_08724,0.00811
test_08725,0.97367
test_08726,0.99914
test_08727,0.00970
test_08728,0.00004
test_08729,0.79130
test_08730,0.15633
test_08731,0.99986
test_08732,0.49789
test_08733,0.02899
test_08734,0.80018
test_08735,0.01719
test_08736,0.99978
test_08737,0.01797
test_08738,0.39012
test_08739,0.00408
test_08740,0.00553
test_08741,0.17081
test_08742,0.62573
test_08743,0.00284
test_08744,0.39671
test_08745,0.80844
test_08746,0.02337
test_08747,0.99971
test_08748,0.00115
test_08749,0.00796
test_08750,0.93753
test_08751,0.00652
test_08752,0.01821
test_08753,0.96712
test_08754,0.00014
test_08755,0.99232
test_08756,0.84766
test_08757,0.99953
test_08758,0.00080
test_08759,0.00008
test_08760,0.00358
test_08761,0.45967
test_08762,0.97825
test_08763,0.08083
test_08764,0.80507
test_08765,0.00655
test_08766,0.99978
test_08767,0.00053
test_08768,0.99878
test_08769,0.00605
test_08770,0.98410
test_08771,0.65650
test_08772,0.01320
test_08773,0.00956
test_08774,0.00004
test_08775,0.76967
test_08776,0.99960
test_08777,0.00014
test_08778,0.94597
test_08779,0.90330
test_08780,0.12415
test_08781,0.98963
test_08782,0.15781
test_08783,0.99999
test_08784,0.83799
test_08785,0.32084
test_08786,0.77938
test_08787,0.01423
test_08788,0.12615
test_08789,0.73903
test_08790,0.00041
test_08791,0.00204
test_08792,0.00086
test_08793,0.00125
test_08794,0.04183
test_08795,0.99975
test_08796,0.99982
test_08797,0.74477
test_08798,0.89497
test_08799,0.96363
test_08800,0.99786
test_08801,0.99939
test_08802,0.84870
test_08803,0.99966
test_08804,0.06226
test_08805,0.99942
test_08806,0.76157
test_08807,0.15633
test_08808,0.99968
test_08809,0.99627
test_08810,0.00082
test_08811,0.99987
test_08812,0.05751
test_08813,0.99776
test_08814,0.00216
test_08815,0.00001
test_08816,0.00027
test_08817,0.96547
test_08818,0.12878
test_08819,0.99905
test_08820,0.98070
test_08821,0.08772
test_08822,0.99456
test_08823,0.08565
test_08824,0.40838
test_08825,0.99402
test_08826,0.00140
test_08827,0.99948
test_08828,0.94978
test_08829,0.17115
test_08830,0.90074
test_08831,0.85100
test_08832,0.00360
test_08833,0.99936
test_08834,0.82268
test_08835,0.98262
test_08836,0.31749
test_08837,0.72420
test_08838,0.90305
test_08839,0.99901
test_08840,0.92618
test_08841,0.94218
test_08842,0.01040
test_08843,0.95418
test_08844,0.17939
test_08845,0.00038
test_08846,0.98971
test_08847,0.93086
test_08848,0.06173
test_08849,0.03189
test_08850,0.99874
test_08851,0.00064
test_08852,0.03498
test_08853,0.99711
test_08854,0.79750
test_08855,0.88652
test_08856,0.80126
test_08857,0.82371
test_08858,0.96734
test_08859,0.16855
test_08860,0.99971
test_08861,0.96442
test_08862,0.00197
test_08863,0.01264
test_08864,0.07721
test_08865,0.01191
test_08866,0.99901
test_08867,0.99895
test_08868,0.00003
test_08869,0.72913
test_08870,0.95036
test_08871,0.99870
test_08872,0.00718
test_08873,0.99436
test_08874,0.00627
test_08875,0.99952
test_08876,0.99818
test_08877,0.87505
test_08878,0.97843
test_08879,0.99866
test_08880,0.91646
test_08881,0.99077
test_08882,0.02246
test_08883,0.01158
test_08884,0.99986
test_08885,0.00646
test_08886,0.00004
test_08887,0.00125
test_08888,0.51348
test_08889,0.99983
test_08890,0.32040
test_08891,0.16022
test_08892,0.26245
test_08893,0.25285
test_08894,0.99979
test_08895,0.15079
test_08896,0.99996
test_08897,0.00004
test_08898,0.97759
test_08899,0.00188
test_08900,0.99782
test_08901,0.99703
test_08902,0.90095
test_08903,0.85164
test_08904,0.99918
test_08905,0.99373
test_08906,0.99938
test_08907,0.78141
test_08908,0.99936
test_08909,0.00981
test_08910,0.00011
test_08911,0.99978
test_08912,0.01239
test_08913,0.00144
test_08914,0.00105
test_08915,0.34205
test_08916,0.98329
test_08917,0.99531
test_08918,0.99898
test_08919,0.79712
test_08920,0.00006
test_08921,0.84990
test_08922,0.00651
test_08923,0.95077
test_08924,0.99805
test_08925,0.99148
test_08926,0.00030
test_08927,0.07315
test_08928,0.01152
test_08929,0.99917
test_08930,0.84477
test_08931,0.02831
test_08932,0.42955
test_08933,0.85153
test_08934,0.60872
test_08935,0.99357
test_08936,0.93486
test_08937,0.96981
test_08938,0.80179
test_08939,0.00012
test_08940,0.00560
test_08941,0.02838
test_08942,0.79574
test_08943,0.96071
test_08944,0.99948
test_08945,0.99986
test_08946,0.79998
test_08947,0.79352
test_08948,0.99512
test_08949,0.01497
test_08950,0.00346
test_08951,0.99993
test_08952,0.99704
test_08953,0.95683
test_08954,0.99665
test_08955,0.96734
test_08956,0.97957
test_08957,0.00144
test_08958,0.00298
test_08959,0.00032
test_08960,0.77125
test_08961,0.00202
test_08962,0.00056
test_08963,0.00139
test_08964,0.00394
test_08965,0.00314
test_08966,0.98877
test_08967,0.01921
test_08968,0.81350
test_08969,0.00415
test_08970,0.99969
test_08971,0.00418
test_08972,0.00014
test_08973,0.99913
test_08974,0.16566
test_08975,0.15465
test_08976,0.05320
test_08977,0.93482
test_08978,0.21689
test_08979,0.81496
test_08980,0.99470
test_08981,0.99989
test_08982,0.81616
test_08983,0.92180
test_08984,0.06157
test_08985,0.00050
test_08986,0.94903
test_08987,0.00010
test_08988,0.00022
test_08989,0.99951
test_08990,0.00151
test_08991,0.00192
test_08992,0.05632
test_08993,0.42572
test_08994,0.99955
test_08995,0.00002
test_08996,0.99988
test_08997,0.96688
test_08998,0.92639
test_08999,0.81052
test_09000,0.99925
test_09001,0.85784
test_09002,0.19643
test_09003,0.90654
test_09004,0.00677
test_09005,0.99983
test_09006,0.99786
test_09007,0.98770
test_09008,0.18868
test_09009,0.90062
test_09010,0.99748
test_09011,0.00003
test_09012,0.98652
test_09013,0.99727
test_09014,0.00061
test_09015,0.96907
test_09016,0.99348
test_09017,0.80198
test_09018,0.99950
test_09019,0.80403
test_09020,0.00150
test_09021,0.42101
test_09022,0.99631
test_09023,0.00264
test_09024,0.99889
test_09025,0.99965
test_09026,0.99961
test_09027,0.99806
test_09028,0.14315
test_09029,0.00031
test_09030,0.98439
test_09031,0.00761
test_09032,0.99738
test_09033,0.67832
test_09034,0.00000
test_09035,0.00251
test_09036,0.00523
test_09037,0.00069
test_09038,0.00051
test_09039,0.00348
test_09040,0.94704
test_09041,0.52541
test_09042,0.99934
test_09043,0.19527
test_09044,0.93484
test_09045,0.00260
test_09046,0.99899
test_09047,0.12096
test_09048,0.03998
test_09049,0.99993
test_09050,0.01479
test_09051,0.93624
test_09052,0.99990
test_09053,0.99930
test_09054,0.92513
test_09055,0.00167
test_09056,0.00684
test_09057,0.00208
test_09058,0.83678
test_09059,0.15599
test_09060,0.99988
test_09061,0.00727
test_09062,0.19344
test_09063,0.99924
test_09064,0.00156
test_09065,0.98824
test_09066,0.50214
test_09067,0.99935
test_09068,0.00052
test_09069,0.06048
test_09070,0.01026
test_09071,0.91893
test_09072,0.99950
test_09073,0.99936
test_09074,0.99957
test_09075,0.80319
test_09076,0.01027
test_09077,0.98966
test_09078,0.99999
test_09079,0.99620
test_09080,0.99899
test_09081,0.78675
test_09082,0.18670
test_09083,0.99251
test_09084,0.19987
test_09085,0.99790
test_09086,0.99771
test_09087,0.00882
test_09088,0.00123
test_09089,0.86166
test_09090,0.66591
test_09091,0.00051
test_09092,0.00003
test_09093,0.05442
test_09094,0.99854
test_09095,0.99320
test_09096,0.00015
test_09097,0.10588
test_09098,0.99591
test_09099,0.17554
test_09100,0.06971
test_09101,0.11389
test_09102,0.01688
test_09103,0.00980
test_09104,0.99934
test_09105,0.01338
test_09106,0.66700
test_09107,0.00070
test_09108,0.99976
test_09109,0.00013
test_09110,0.99801
test_09111,0.99855
test_09112,0.99961
test_09113,0.99595
test_09114,0.00123
test_09115,0.01760
test_09116,0.99716
test_09117,0.11186
test_09118,0.99129
test_09119,0.00388
test_09120,0.99945
test_09121,0.78792
test_09122,0.99630
test_09123,0.00083
test_09124,0.99574
test_09125,0.99982
test_09126,0.00114
test_09127,0.99227
test_09128,0.00015
test_09129,0.00020
test_09130,0.00081
test_09131,0.00435
test_09132,0.02886
test_09133,0.01310
test_09134,0.00238
test_09135,0.99816
test_09136,0.99981
test_09137,0.99999
test_09138,0.81012
test_09139,0.13940
test_09140,0.99965
test_09141,0.20300
test_09142,0.00037
test_09143,0.02814
test_09144,0.95531
test_09145,0.98336
test_09146,0.00052
test_09147,0.96109
test_09148,0.00006
test_09149,0.99852
test_09150,0.09420
test_09151,0.02840
test_09152,0.00319
test_09153,0.54287
test_09154,0.94706
test_09155,0.07719
test_09156,0.26744
test_09157,0.00153
test_09158,0.98650
test_09159,0.05780
test_09160,0.91793
test_09161,0.99890
test_09162,0.00048
test_09163,0.99654
test_09164,0.01863
test_09165,0.00086
test_09166,0.89761
test_09167,0.04374
test_09168,0.99980
test_09169,0.99675
test_09170,0.28248
test_09171,0.49077
test_09172,0.98602
test_09173,0.99910
test_09174,0.06717
test_09175,0.00043
test_09176,0.05055
test_09177,0.33102
test_09178,0.99989
test_09179,0.00354
test_09180,0.07036
test_09181,0.14020
test_09182,0.99675
test_09183,0.00019
test_09184,0.00033
test_09185,0.19237
test_09186,0.04900
test_09187,0.99482
test_09188,0.12709
test_09189,0.00069
test_09190,0.99259
test_09191,0.98898
test_09192,0.00107
test_09193,0.99785
test_09194,0.01937
test_09195,0.99970
test_09196,0.99997
test_09197,0.94965
test_09198,0.00163
test_09199,0.99255
test_09200,0.00009
test_09201,0.01050
test_09202,0.00711
test_09203,0.99774
test_09204,0.98015
test_09205,0.84844
test_09206,0.86406
test_09207,0.00231
test_09208,0.52122
test_09209,0.00027
test_09210,0.68944
test_09211,0.86538
test_09212,0.00008
test_09213,0.99451
test_09214,0.81817
test_09215,0.66531
test_09216,0.06501
test_09217,0.82508
test_09218,0.99815
test_09219,0.99914
test_09220,0.98335
test_09221,0.84495
test_09222,0.00784
test_09223,0.77318
test_09224,0.99050
test_09225,0.99958
test_09226,0.99868
test_09227,0.00059
test_09228,0.00212
test_09229,0.00109
test_09230,0.71588
test_09231,0.92318
test_09232,0.00510
test_09233,0.00501
test_09234,0.99571
test_09235,0.00318
test_09236,0.00442
test_09237,0.98382
test_09238,0.99983
test_09239,0.58669
test_09240,0.10836
test_09241,0.03318
test_09242,0.99790
test_09243,0.00022
test_09244,0.47023
test_09245,0.99997
test_09246,0.99094
test_09247,0.14844
test_09248,0.65785
test_09249,0.99468
test_09250,0.00816
test_09251,0.00091
test_09252,0.00014
test_09253,0.99999
test_09254,0.27160
test_09255,0.51066
test_09256,0.99252
test_09257,0.17849
test_09258,0.08769
test_09259,0.99772
test_09260,0.00872
test_09261,0.03640
test_09262,0.60480
test_09263,0.19374
test_09264,0.26207
test_09265,0.54531
test_09266,0.99919
test_09267,0.99236
test_09268,0.99360
test_09269,0.09171
test_09270,0.02566
test_09271,0.98806
test_09272,0.99539
test_09273,0.99945
test_09274,0.02057
test_09275,0.00063
test_09276,0.50991
test_09277,0.99987
test_09278,0.01591
test_09279,0.00041
test_09280,0.00132
test_09281,0.63701
test_09282,0.15394
test_09283,0.00000
test_09284,0.99842
test_09285,0.00056
test_09286,0.01668
test_09287,0.98382
test_09288,0.10231
test_09289,0.98328
test_09290,0.00072
test_09291,0.99792
test_09292,0.97792
test_09293,0.00635
test_09294,0.01729
test_09295,0.01881
test_09296,0.01935
test_09297,0.89458
test_09298,0.92133
test_09299,0.00168
test_09300,0.00003
test_09301,0.00217
test_09302,0.92232
test_09303,0.99942
test_09304,0.21150
test_09305,0.95922
test_09306,0.00182
test_09307,0.04763
test_09308,0.00012
test_09309,0.99863
test_09310,0.99992
test_09311,0.14774
test_09312,0.90731
test_09313,0.76763
test_09314,0.00000
test_09315,0.05300
test_09316,0.88336
test_09317,0.99992
test_09318,0.81008
test_09319,0.65058
test_09320,0.98531
test_09321,0.97183
test_09322,0.97977
test_09323,0.99998
test_09324,0.87866
test_09325,0.99944
test_09326,0.66181
test_09327,0.00036
test_09328,0.51924
test_09329,0.11923
test_09330,0.00047
test_09331,0.99999
test_09332,0.21002
test_09333,0.74673
test_09334,0.99933
test_09335,0.01273
test_09336,0.03129
test_09337,0.07406
test_09338,0.39030
test_09339,0.02392
test_09340,0.96322
test_09341,0.00383
test_09342,0.79169
test_09343,0.00009
test_09344,0.99909
test_09345,0.98561
test_09346,0.77697
test_09347,0.00070
test_09348,0.86868
test_09349,0.19409
test_09350,0.99786
test_09351,0.97862
test_09352,0.00159
test_09353,0.00003
test_09354,0.99765
test_09355,0.99953
test_09356,0.99438
test_09357,0.91590
test_09358,0.00002
test_09359,0.00037
test_09360,0.44006
test_09361,0.13224
test_09362,0.00057
test_09363,0.99183
test_09364,0.00011
test_09365,0.00023
test_09366,0.96399
test_09367,0.30988
test_09368,0.52934
test_09369,0.04660
test_09370,0.02629
test_09371,0.00649
test_09372,0.99996
test_09373,0.00098
test_09374,0.99985
test_09375,0.04061
test_09376,0.01010
test_09377,0.43970
test_09378,0.97324
test_09379,0.99998
test_09380,0.00124
test_09381,0.98897
test_09382,0.99974
test_09383,0.78979
test_09384,0.00960
test_09385,0.99996
test_09386,0.81195
test_09387,0.99843
test_09388,0.60943
test_09389,0.88596
test_09390,0.91371
test_09391,0.00258
test_09392,0.00067
test_09393,0.00846
test_09394,0.99983
test_09395,0.33580
test_09396,0.56437
test_09397,0.03132
test_09398,0.79350
test_09399,0.00037
test_09400,0.79824
test_09401,0.72643
test_09402,0.99845
test_09403,0.00373
test_09404,0.96058
test_09405,0.00670
test_09406,0.95059
test_09407,0.93403
test_09408,0.11891
test_09409,0.09675
test_09410,0.99959
test_09411,0.99994
test_09412,0.99918
test_09413,0.99908
test_09414,0.00107
test_09415,0.99971
test_09416,0.99985
test_09417,0.18783
test_09418,0.99981
test_09419,0.01060
test_09420,0.99938
test_09421,0.00031
test_09422,0.00008
test_09423,0.20088
test_09424,0.99904
test_09425,0.03495
test_09426,0.85960
test_09427,0.01336
test_09428,0.00473
test_09429,0.97354
test_09430,0.89627
test_09431,0.99775
test_09432,0.02663
test_09433,0.86218
test_09434,0.99874
test_09435,0.66649
test_09436,0.05956
test_09437,0.00155
test_09438,0.93806
test_09439,0.16731
test_09440,0.99971
test_09441,0.00642
test_09442,0.00261
test_09443,0.99766
test_09444,0.99987
test_09445,0.36815
test_09446,0.16618
test_09447,0.16712
test_09448,0.77826
test_09449,0.99245
test_09450,0.99934
test_09451,0.01068
test_09452,0.99990
test_09453,0.99665
test_09454,0.29025
test_09455,0.99999
test_09456,0.98857
test_09457,0.00079
test_09458,0.00298
test_09459,0.99973
test_09460,0.99867
test_09461,0.99316
test_09462,0.00134
test_09463,0.09467
test_09464,0.17486
test_09465,0.99917
test_09466,0.00872
test_09467,0.99322
test_09468,0.03555
test_09469,0.00950
test_09470,0.99994
test_09471,0.12386
test_09472,0.99993
test_09473,0.00466
test_09474,0.01721
test_09475,0.99991
test_09476,0.88424
test_09477,0.28495
test_09478,0.00032
test_09479,0.63079
test_09480,0.15581
test_09481,0.00026
test_09482,0.00240
test_09483,0.92568
test_09484,0.06721
test_09485,0.02269
test_09486,0.25378
test_09487,0.99936
test_09488,0.00021
test_09489,0.98029
test_09490,0.00353
test_09491,0.21610
test_09492,0.99981
test_09493,0.04713
test_09494,0.82557
test_09495,0.16946
test_09496,0.00353
test_09497,0.00049
test_09498,0.99936
test_09499,0.89341
test_09500,0.99985
test_09501,0.99792
test_09502,0.01033
test_09503,0.85240
test_09504,0.21213
test_09505,0.99961
test_09506,0.78265
test_09507,0.99963
test_09508,0.99923
test_09509,0.00659
test_09510,0.29513
test_09511,0.00435
test_09512,0.00370
test_09513,0.36458
test_09514,0.99887
test_09515,0.02292
test_09516,0.98445
test_09517,0.84601
test_09518,0.00025
test_09519,0.99599
test_09520,0.64955
test_09521,0.99948
test_09522,0.12320
test_09523,0.00453
test_09524,0.99221
test_09525,0.99732
test_09526,0.99739
test_09527,0.03763
test_09528,0.00770
test_09529,0.99837
test_09530,0.00725
test_09531,0.00057
test_09532,0.02398
test_09533,0.96684
test_09534,0.96945
test_09535,0.05225
test_09536,0.00011
test_09537,0.98023
test_09538,0.00140
test_09539,0.90682
test_09540,0.00067
test_09541,0.00535
test_09542,0.00367
test_09543,0.97476
test_09544,0.99800
test_09545,0.98174
test_09546,0.02845
test_09547,0.00090
test_09548,0.00187
test_09549,0.99833
test_09550,0.00005
test_09551,0.14438
test_09552,0.99671
test_09553,0.00136
test_09554,0.03200
test_09555,0.00051
test_09556,0.18937
test_09557,0.66344
test_09558,0.04635
test_09559,0.98290
test_09560,0.24947
test_09561,0.02015
test_09562,0.99838
test_09563,0.09053
test_09564,0.99151
test_09565,0.99986
test_09566,0.05106
test_09567,0.99857
test_09568,0.99951
test_09569,0.00894
test_09570,0.02137
test_09571,0.00818
test_09572,0.13463
test_09573,0.99469
test_09574,0.99999
test_09575,0.60603
test_09576,0.00949
test_09577,0.00176
test_09578,0.06178
test_09579,0.99956
test_09580,0.00311
test_09581,0.99721
test_09582,0.99695
test_09583,0.00708
test_09584,0.99573
test_09585,0.61085
test_09586,0.83627
test_09587,0.00132
test_09588,0.99838
test_09589,0.98874
test_09590,0.99684
test_09591,0.99934
test_09592,0.99090
test_09593,0.00590
test_09594,0.99747
test_09595,0.86538
test_09596,0.99838
test_09597,0.99267
test_09598,0.83759
test_09599,0.00093
test_09600,0.00016
test_09601,0.94919
test_09602,0.00656
test_09603,0.17087
test_09604,0.06770
test_09605,0.98623
test_09606,0.80055
test_09607,0.11526
test_09608,0.11960
test_09609,0.95948
test_09610,0.99547
test_09611,0.16400
test_09612,0.99952
test_09613,0.02570
test_09614,0.21549
test_09615,0.13014
test_09616,0.00218
test_09617,0.99995
test_09618,0.02283
test_09619,0.21991
test_09620,0.99997
test_09621,0.99998
test_09622,0.00127
test_09623,0.99968
test_09624,0.00541
test_09625,0.99986
test_09626,0.99831
test_09627,0.00631
test_09628,0.00356
test_09629,0.98994
test_09630,0.99961
test_09631,0.00009
test_09632,0.01641
test_09633,0.86443
test_09634,0.30420
test_09635,0.83278
test_09636,0.02131
test_09637,0.15173
test_09638,0.00764
test_09639,0.99781
test_09640,0.00011
test_09641,0.00019
test_09642,0.22771
test_09643,0.88234
test_09644,0.15357
test_09645,0.71375
test_09646,0.19993
test_09647,0.18434
test_09648,0.87384
test_09649,0.00050
test_09650,0.44423
test_09651,0.01237
test_09652,0.98511
test_09653,0.98173
test_09654,0.00994
test_09655,0.92839
test_09656,0.99938
test_09657,0.00084
test_09658,0.00625
test_09659,0.45312
test_09660,0.96123
test_09661,0.99709
test_09662,0.00037
test_09663,0.99961
test_09664,0.87728
test_09665,0.00203
test_09666,0.77309
test_09667,0.00982
test_09668,0.00002
test_09669,0.90459
test_09670,0.00591
test_09671,0.12440
test_09672,0.99935
test_09673,0.01963
test_09674,0.04477
test_09675,0.00088
test_09676,0.99971
test_09677,0.03932
test_09678,0.93076
test_09679,0.20816
test_09680,0.98627
test_09681,0.75503
test_09682,0.03482
test_09683,0.16360
test_09684,0.94712
test_09685,0.17635
test_09686,0.09828
test_09687,0.00007
test_09688,0.77372
test_09689,0.09648
test_09690,0.99921
test_09691,0.99924
test_09692,0.86826
test_09693,0.07080
test_09694,0.89864
test_09695,0.00199
test_09696,0.00210
test_09697,0.89089
test_09698,0.99730
test_09699,0.18395
test_09700,0.87061
test_09701,0.02948
test_09702,0.99986
test_09703,0.66099
test_09704,0.96940
test_09705,0.99961
test_09706,0.30716
test_09707,0.99795
test_09708,0.90350
test_09709,0.00402
test_09710,0.02117
test_09711,0.00134
test_09712,0.00016
test_09713,0.99204
test_09714,0.82208
test_09715,0.00095
test_09716,0.05159
test_09717,0.99290
test_09718,0.52457
test_09719,0.02911
test_09720,0.81859
test_09721,0.00699
test_09722,0.00325
test_09723,0.97868
test_09724,0.16053
test_09725,0.98962
test_09726,0.07387
test_09727,0.99916
test_09728,0.00089
test_09729,0.00956
test_09730,0.99986
test_09731,0.04789
test_09732,0.10322
test_09733,0.60893
test_09734,0.10615
test_09735,0.00193
test_09736,0.00093
test_09737,0.99949
test_09738,0.00004
test_09739,0.00754
test_09740,0.00009
test_09741,0.00009
test_09742,0.00014
test_09743,0.99930
test_09744,0.99980
test_09745,0.99840
test_09746,0.99742
test_09747,0.99637
test_09748,0.31977
test_09749,0.99871
test_09750,0.88204
test_09751,0.78872
test_09752,0.89045
test_09753,0.99912
test_09754,0.00027
test_09755,0.38433
test_09756,0.84906
test_09757,0.81846
test_09758,0.88152
test_09759,0.99994
test_09760,0.00379
test_09761,0.01365
test_09762,0.00010
test_09763,0.99796
test_09764,0.01457
test_09765,0.00280
test_09766,0.00111
test_09767,0.00384
test_09768,0.97924
test_09769,0.00014
test_09770,0.02263
test_09771,0.71423
test_09772,0.94405
test_09773,0.99882
test_09774,0.00658
test_09775,0.07274
test_09776,0.95706
test_09777,0.87836
test_09778,0.00030
test_09779,0.99594
test_09780,0.00161
test_09781,0.00643
test_09782,0.99996
test_09783,0.98652
test_09784,0.00080
test_09785,0.99832
test_09786,0.00101
test_09787,0.87408
test_09788,0.87589
test_09789,0.95316
test_09790,0.01911
test_09791,0.95809
test_09792,0.11523
test_09793,0.97182
test_09794,0.00062
test_09795,0.23947
test_09796,0.00415
test_09797,0.05528
test_09798,0.99966
test_09799,0.99708
test_09800,0.76465
test_09801,0.00663
test_09802,0.99975
test_09803,0.99952
test_09804,0.99437
test_09805,0.98067
test_09806,0.98659
test_09807,0.99936
test_09808,0.99652
test_09809,0.00739
test_09810,0.99986
test_09811,0.00428
test_09812,0.20999
test_09813,0.00003
test_09814,0.99116
test_09815,0.05273
test_09816,0.06276
test_09817,0.05867
test_09818,0.98661
test_09819,0.99536
test_09820,0.96365
test_09821,0.00025
test_09822,0.99999
test_09823,0.99998
test_09824,0.99833
test_09825,0.99831
test_09826,0.99919
test_09827,0.99701
test_09828,0.99948
test_09829,0.56486
test_09830,0.99842
test_09831,0.99991
test_09832,0.99639
test_09833,0.99974
test_09834,0.98612
test_09835,0.00005
test_09836,0.99967
test_09837,0.99941
test_09838,0.99891
test_09839,0.96938
test_09840,0.10248
test_09841,0.99830
test_09842,0.00346
test_09843,0.00026
test_09844,0.00739
test_09845,0.97532
test_09846,0.99684
test_09847,0.00296
test_09848,0.02516
test_09849,0.98545
test_09850,0.99874
test_09851,0.80655
test_09852,0.94121
test_09853,0.93461
test_09854,0.83210
test_09855,0.00206
test_09856,0.01009
test_09857,0.99766
test_09858,0.74453
test_09859,0.07954
test_09860,0.00398
test_09861,0.99959
test_09862,0.13771
test_09863,0.99760
test_09864,0.96826
test_09865,0.25124
test_09866,0.01565
test_09867,0.00151
test_09868,0.99092
test_09869,0.99648
test_09870,0.18032
test_09871,0.00210
test_09872,0.04907
test_09873,0.99798
test_09874,0.04792
test_09875,0.99991
test_09876,0.99883
test_09877,0.37445
test_09878,0.00009
test_09879,0.00248
test_09880,0.00111
test_09881,0.99978
test_09882,0.19889
test_09883,0.00564
test_09884,0.98668
test_09885,0.99965
test_09886,0.99389
test_09887,0.08131
test_09888,0.00003
test_09889,0.99904
test_09890,0.15458
test_09891,0.00948
test_09892,0.99963
test_09893,0.00065
test_09894,0.99385
test_09895,0.00151
test_09896,0.04085
test_09897,0.93765
test_09898,0.99520
test_09899,0.99505
test_09900,0.08133
test_09901,0.00107
test_09902,0.93885
test_09903,0.00545
test_09904,0.00264
test_09905,0.98629
test_09906,0.24743
test_09907,0.99903
test_09908,0.00341
test_09909,0.00087
test_09910,0.00116
test_09911,0.99653
test_09912,0.41632
test_09913,0.19683
test_09914,0.08063
test_09915,0.00347
test_09916,0.99739
test_09917,0.08123
test_09918,0.42408
test_09919,0.00192
test_09920,0.03165
test_09921,0.98019
test_09922,0.00064
test_09923,0.68389
test_09924,0.99463
test_09925,0.99966
test_09926,0.99981
test_09927,0.04125
test_09928,0.07436
test_09929,0.98854
test_09930,1.00000
test_09931,0.94877
test_09932,0.99978
test_09933,0.07053
test_09934,0.01271
test_09935,0.11669
test_09936,0.99960
test_09937,0.98826
test_09938,0.97005
test_09939,0.15883
test_09940,0.69133
test_09941,0.99986
test_09942,0.35910
test_09943,0.98702
test_09944,0.95518
test_09945,0.99821
test_09946,0.00069
test_09947,0.92126
test_09948,0.99243
test_09949,0.00220
test_09950,0.00843
test_09951,0.99948
test_09952,0.00268
test_09953,0.00941
test_09954,0.00747
test_09955,0.00087
test_09956,0.99887
test_09957,0.00545
test_09958,0.92266
test_09959,0.96475
test_09960,0.99941
test_09961,0.01428
test_09962,0.89367
test_09963,0.98783
test_09964,0.01842
test_09965,0.00531
test_09966,0.99790
test_09967,0.00127
test_09968,0.00171
test_09969,0.89600
test_09970,0.00057
test_09971,0.00027
test_09972,0.99798
test_09973,0.54258
test_09974,0.99951
test_09975,0.00042
test_09976,0.99118
test_09977,0.00003
test_09978,0.66828
test_09979,0.98024
test_09980,0.01935
test_09981,0.80777
test_09982,0.99998
test_09983,0.84742
test_09984,0.00006
test_09985,0.00011
test_09986,0.99877
test_09987,0.01909
test_09988,0.99932
test_09989,0.99120
test_09990,0.01834
test_09991,0.99975
test_09992,0.01443
test_09993,0.00011
test_09994,1.00000
test_09995,0.99998
test_09996,0.99979
test_09997,0.72374
test_09998,0.00061
test_09999,0.99985
test_10000,0.90111
test_10001,0.99963
test_10002,0.99972
test_10003,0.98146
test_10004,0.99883
test_10005,0.00021
test_10006,0.99775
test_10007,0.97336
test_10008,0.93164
test_10009,0.00001
test_10010,0.98937
test_10011,0.82639
test_10012,0.00014
test_10013,0.01256
test_10014,0.00008
test_10015,0.00379
test_10016,0.56073
test_10017,0.23237
test_10018,0.97120
test_10019,0.00207
test_10020,0.00055
test_10021,0.08904
test_10022,0.01090
test_10023,0.00135
test_10024,0.99859
test_10025,0.00047
test_10026,0.89537
test_10027,0.00698
test_10028,0.00056
test_10029,0.99675
test_10030,0.96333
test_10031,0.04533
test_10032,0.00104
test_10033,0.00439
test_10034,0.01160
test_10035,0.74001
test_10036,0.05228
test_10037,0.99998
test_10038,0.99196
test_10039,0.01987
test_10040,0.85438
test_10041,0.95547
test_10042,0.11046
test_10043,0.99069
test_10044,0.99925
test_10045,0.09617
test_10046,0.99997
test_10047,0.74073
test_10048,0.03740
test_10049,0.99929
test_10050,0.95974
test_10051,0.80026
test_10052,0.87254
test_10053,0.09219
test_10054,0.99917
test_10055,0.10659
test_10056,0.89489
test_10057,0.99979
test_10058,0.83382
test_10059,0.99704
test_10060,0.84192
test_10061,0.00049
test_10062,0.00119
test_10063,0.99902
test_10064,0.00026
test_10065,0.00045
test_10066,0.99987
test_10067,0.79110
test_10068,0.99901
test_10069,0.03314
test_10070,0.19797
test_10071,0.99600
test_10072,0.41951
test_10073,0.39616
test_10074,0.00001
test_10075,0.99187
test_10076,0.00386
test_10077,0.99270
test_10078,0.00780
test_10079,0.99284
test_10080,0.07800
test_10081,0.00833
test_10082,1.00000
test_10083,0.99837
test_10084,0.95373
test_10085,0.65107
test_10086,0.79946
test_10087,0.90191
test_10088,0.64029
test_10089,0.12791
test_10090,0.79900
test_10091,0.99413
test_10092,0.98658
test_10093,0.91335
test_10094,0.00154
test_10095,0.80482
test_10096,0.00003
test_10097,0.97871
test_10098,0.00239
test_10099,0.00042
test_10100,0.99998
test_10101,0.83816
test_10102,0.00197
test_10103,0.03362
test_10104,0.99943
test_10105,0.99908
test_10106,0.00009
test_10107,0.13968
test_10108,0.95565
test_10109,0.00136
test_10110,0.00172
test_10111,0.15662
test_10112,0.00054
test_10113,0.98935
test_10114,0.60540
test_10115,0.00003
test_10116,0.00006
test_10117,0.01056
test_10118,0.99648
test_10119,0.99863
test_10120,0.00441
test_10121,0.99787
test_10122,0.00815
test_10123,0.02087
test_10124,0.97259
test_10125,0.00014
test_10126,0.00077
test_10127,0.00923
test_10128,0.00413
test_10129,0.99830
test_10130,0.11605
test_10131,0.00099
test_10132,0.02012
test_10133,0.00058
test_10134,0.00058
test_10135,0.00048
test_10136,0.09618
test_10137,0.00321
test_10138,0.99677
test_10139,0.01529
test_10140,0.00172
test_10141,0.01596
test_10142,0.00072
test_10143,0.01534
test_10144,0.68976
test_10145,0.00120
test_10146,0.00581
test_10147,0.99951
test_10148,0.92772
test_10149,0.03418
test_10150,0.97698
test_10151,0.00130
test_10152,0.02784
test_10153,0.99997
test_10154,0.99934
test_10155,0.01160
test_10156,0.99520
test_10157,0.74144
test_10158,0.00329
test_10159,0.00457
test_10160,0.36873
test_10161,0.66087
test_10162,0.95147
test_10163,0.99916
test_10164,0.05351
test_10165,0.00014
test_10166,0.99998
test_10167,0.99996
test_10168,0.96288
test_10169,0.99833
test_10170,0.00066
test_10171,0.00498
test_10172,0.00016
test_10173,0.98115
test_10174,0.99879
test_10175,0.61442
test_10176,0.00036
test_10177,0.00011
test_10178,0.34021
test_10179,0.00012
test_10180,0.96078
test_10181,0.00901
test_10182,0.99750
test_10183,0.00036
test_10184,0.00100
test_10185,0.86809
test_10186,0.00192
test_10187,0.99711
test_10188,0.99883
test_10189,0.98697
test_10190,0.96168
test_10191,0.16187
test_10192,0.00382
test_10193,0.62319
test_10194,0.08918
test_10195,0.98330
test_10196,0.00463
test_10197,0.99033
test_10198,0.00174
test_10199,0.00039
test_10200,0.05812
test_10201,0.00019
test_10202,0.99592
test_10203,0.91639
test_10204,0.00333
test_10205,0.92538
test_10206,0.01501
test_10207,0.00035
test_10208,0.94093
test_10209,1.00000
test_10210,0.95814
test_10211,0.12059
test_10212,0.99988
test_10213,0.00124
test_10214,0.96637
test_10215,0.19422
test_10216,0.99793
test_10217,0.99885
test_10218,0.86778
test_10219,0.94685
test_10220,0.81438
test_10221,0.14692
test_10222,0.99992
test_10223,0.73523
test_10224,0.31468
test_10225,0.03366
test_10226,0.00010
test_10227,0.21096
test_10228,0.02018
test_10229,0.03222
test_10230,0.00014
test_10231,0.95063
test_10232,0.99974
test_10233,0.87870
test_10234,0.00041
test_10235,0.43205
test_10236,0.66423
test_10237,0.96742
test_10238,0.00186
test_10239,0.37126
test_10240,0.99946
test_10241,0.16121
test_10242,0.99426
test_10243,0.99634
test_10244,0.14022
test_10245,0.66365
test_10246,0.98886
test_10247,0.66451
test_10248,0.82920
test_10249,0.00116
test_10250,0.17685
test_10251,0.98982
test_10252,0.00788
test_10253,0.99727
test_10254,0.00069
test_10255,0.00005
test_10256,0.83245
test_10257,0.00231
test_10258,0.10851
test_10259,0.00188
test_10260,0.99844
test_10261,0.99959
test_10262,0.76888
test_10263,0.99893
test_10264,0.98131
test_10265,0.01334
test_10266,0.00602
test_10267,0.97890
test_10268,0.99372
test_10269,0.14727
test_10270,0.00022
test_10271,0.04154
test_10272,0.04838
test_10273,0.91664
test_10274,0.99806
test_10275,0.99983
test_10276,0.99847
test_10277,0.96242
test_10278,0.99760
test_10279,0.55874
test_10280,0.82341
test_10281,0.00014
test_10282,0.00162
test_10283,0.00002
test_10284,0.99970
test_10285,0.99887
test_10286,0.00450
test_10287,0.01345
test_10288,0.99973
test_10289,0.95491
test_10290,0.99057
test_10291,0.97070
test_10292,0.13429
test_10293,0.99999
test_10294,0.79309
test_10295,0.73822
test_10296,0.98230
test_10297,0.17545
test_10298,0.00895
test_10299,0.07912
test_10300,0.02572
test_10301,0.01824
test_10302,0.99987
test_10303,0.99999
test_10304,0.99602
test_10305,0.76494
test_10306,0.01104
test_10307,0.00531
test_10308,0.00008
test_10309,0.93414
test_10310,0.09574
test_10311,0.27792
test_10312,0.00107
test_10313,0.02060
test_10314,0.99937
test_10315,0.00068
test_10316,0.99961
test_10317,0.01321
test_10318,0.99304
test_10319,0.86658
test_10320,0.99564
test_10321,0.99978
test_10322,0.00243
test_10323,0.00058
test_10324,0.00003
test_10325,0.99995
test_10326,0.99998
test_10327,0.99960
test_10328,0.00095
test_10329,0.99970
test_10330,0.14359
test_10331,0.79534
test_10332,0.99923
test_10333,0.99750
test_10334,0.11439
test_10335,0.00011
test_10336,0.91625
test_10337,0.00347
test_10338,0.98538
test_10339,0.88651
test_10340,0.99977
test_10341,0.00223
test_10342,0.97610
test_10343,0.76163
test_10344,0.90399
test_10345,0.00468
test_10346,0.99961
test_10347,0.91714
test_10348,0.80322
test_10349,0.00316
test_10350,0.44100
test_10351,0.00008
test_10352,0.00168
test_10353,0.19634
test_10354,0.99991
test_10355,0.57103
test_10356,0.00007
test_10357,0.00893
test_10358,0.96063
test_10359,0.12680
test_10360,0.00004
test_10361,0.99943
test_10362,0.84213
test_10363,0.88710
test_10364,0.55140
test_10365,0.02588
test_10366,0.10118
test_10367,0.20451
test_10368,0.00234
test_10369,0.96158
test_10370,0.91881
test_10371,0.99728
test_10372,0.00031
test_10373,0.97776
test_10374,0.00751
test_10375,0.44283
test_10376,0.99788
test_10377,0.00038
test_10378,0.05862
test_10379,0.11415
test_10380,0.99556
test_10381,0.62659
test_10382,0.99972
test_10383,0.83342
test_10384,0.00085
test_10385,0.01703
test_10386,0.97476
test_10387,0.99933
test_10388,0.00656
test_10389,0.00099
test_10390,0.00075
test_10391,0.02242
test_10392,0.03348
test_10393,0.00003
test_10394,0.07244
test_10395,0.99987
test_10396,0.01761
test_10397,0.00337
test_10398,0.97176
test_10399,0.00038
test_10400,0.99953
test_10401,0.03549
test_10402,0.00193
test_10403,0.10645
test_10404,0.01923
test_10405,0.72574
test_10406,0.99976
test_10407,0.98465
test_10408,0.99310
test_10409,0.02425
test_10410,0.00057
test_10411,0.87727
test_10412,0.00829
test_10413,0.00388
test_10414,0.00107
test_10415,0.96609
test_10416,0.06102
test_10417,0.97858
test_10418,0.84114
test_10419,0.99908
test_10420,0.69641
test_10421,0.99084
test_10422,0.01452
test_10423,0.99942
test_10424,0.99992
test_10425,0.01929
test_10426,0.85849
test_10427,0.99986
test_10428,0.50781
test_10429,0.00831
test_10430,0.03260
test_10431,0.03137
test_10432,0.00319
test_10433,0.99877
test_10434,0.99864
test_10435,0.00117
test_10436,0.49419
test_10437,0.01433
test_10438,0.99991
test_10439,0.08911
test_10440,0.00010
test_10441,0.30426
test_10442,0.77027
test_10443,0.99337
test_10444,0.88218
test_10445,0.12207
test_10446,0.99966
test_10447,0.99977
test_10448,0.00036
test_10449,0.99509
test_10450,0.99948
test_10451,0.99722
test_10452,0.97288
test_10453,0.99072
test_10454,0.01975
test_10455,0.01169
test_10456,0.00548
test_10457,0.99902
test_10458,0.20911
test_10459,0.13384
test_10460,0.97015
test_10461,0.98212
test_10462,0.09691
test_10463,0.00062
test_10464,0.62857
test_10465,0.00291
test_10466,0.99972
test_10467,0.99977
test_10468,0.99608
test_10469,0.32080
test_10470,0.99939
test_10471,0.18488
test_10472,0.99724
test_10473,0.99692
test_10474,0.99885
test_10475,0.92675
test_10476,0.00000
test_10477,0.91958
test_10478,0.00057
test_10479,0.99953
test_10480,0.79372
test_10481,0.02515
test_10482,0.00243
test_10483,0.64539
test_10484,0.49779
test_10485,0.00020
test_10486,0.00666
test_10487,0.99981
test_10488,0.00856
test_10489,0.20630
test_10490,0.99979
test_10491,0.00403
test_10492,0.05465
test_10493,0.99818
test_10494,0.17511
test_10495,0.99996
test_10496,0.69301
test_10497,0.00001
test_10498,0.00002
test_10499,0.99451
test_10500,0.99990
test_10501,0.74640
test_10502,0.00779
test_10503,0.69003
test_10504,0.00482
test_10505,0.98128
test_10506,0.99963
test_10507,0.00351
test_10508,0.37096
test_10509,0.99212
test_10510,0.99442
test_10511,0.00015
test_10512,0.00029
test_10513,0.99926
test_10514,0.99978
test_10515,0.00042
test_10516,0.94545
test_10517,0.80355
test_10518,0.76776
test_10519,0.00121
test_10520,0.99998
test_10521,0.99970
test_10522,0.98664
test_10523,0.99999
test_10524,0.99918
test_10525,0.90661
test_10526,0.99981
test_10527,0.88464
test_10528,0.99269
test_10529,0.96392
test_10530,0.09570
test_10531,0.99970
test_10532,0.00585
test_10533,0.98498
test_10534,0.00423
test_10535,0.19651
test_10536,0.99205
test_10537,0.85337
test_10538,0.00058
test_10539,0.97496
test_10540,0.03133
test_10541,0.01825
test_10542,0.99990
test_10543,0.99936
test_10544,0.00173
test_10545,0.22552
test_10546,0.38791
test_10547,0.99979
test_10548,0.00015
test_10549,0.04351
test_10550,0.99653
test_10551,0.00018
test_10552,0.99981
test_10553,0.00325
test_10554,0.99997
test_10555,0.99175
test_10556,0.04539
test_10557,0.43140
test_10558,0.02055
test_10559,0.87604
test_10560,0.99919
test_10561,0.81552
test_10562,0.98948
test_10563,0.99915
test_10564,0.99963
test_10565,0.71855
test_10566,0.99754
test_10567,0.05459
test_10568,0.99989
test_10569,0.01076
test_10570,0.08722
test_10571,0.99992
test_10572,0.99997
test_10573,0.99998
test_10574,0.81836
test_10575,0.99503
test_10576,0.95155
test_10577,0.85267
test_10578,0.00167
test_10579,0.21974
test_10580,0.01631
test_10581,0.01868
test_10582,0.99806
test_10583,0.04787
test_10584,0.86556
test_10585,0.00348
test_10586,0.00404
test_10587,0.18212
test_10588,0.00868
test_10589,0.08730
test_10590,0.14275
test_10591,0.00062
test_10592,0.10783
test_10593,0.99890
test_10594,0.99884
test_10595,0.00128
test_10596,0.99717
test_10597,0.00032
test_10598,0.99747
test_10599,0.99644
test_10600,0.00074
test_10601,0.00142
test_10602,0.99157
test_10603,0.99972
test_10604,0.99602
test_10605,0.99310
test_10606,0.99919
test_10607,0.20172
test_10608,0.20880
test_10609,0.99130
test_10610,0.20843
test_10611,0.75664
test_10612,0.00781
test_10613,0.00005
test_10614,0.01089
test_10615,0.99977
test_10616,0.99994
test_10617,0.82339
test_10618,0.99964
test_10619,0.98479
test_10620,0.99964
test_10621,0.99388
test_10622,0.97409
test_10623,0.01875
test_10624,0.03431
test_10625,0.01372
test_10626,0.00014
test_10627,0.24717
test_10628,0.99808
test_10629,0.85240
test_10630,0.83811
test_10631,0.78543
test_10632,0.71209
test_10633,0.99986
test_10634,0.99938
test_10635,0.00040
test_10636,0.99974
test_10637,0.84786
test_10638,0.00029
test_10639,0.92115
test_10640,0.00005
test_10641,0.99986
test_10642,0.99522
test_10643,0.99880
test_10644,0.67539
test_10645,0.29792
test_10646,0.19807
test_10647,0.23756
test_10648,0.88296
test_10649,0.99116
test_10650,0.78610
test_10651,0.87964
test_10652,0.00156
test_10653,0.99912
test_10654,0.06680
test_10655,0.03889
test_10656,0.99885
test_10657,0.00944
test_10658,0.85468
test_10659,0.06761
test_10660,0.89764
test_10661,0.99488
test_10662,0.00984
test_10663,0.03786
test_10664,0.99980
test_10665,0.84637
test_10666,0.97437
test_10667,0.79715
test_10668,0.97011
test_10669,0.58553
test_10670,0.00004
test_10671,0.55661
test_10672,0.00068
test_10673,0.03789
test_10674,0.00805
test_10675,0.06064
test_10676,0.99792
test_10677,0.99987
test_10678,0.97522
test_10679,0.97528
test_10680,0.09422
test_10681,0.99932
test_10682,0.99889
test_10683,0.18052
test_10684,0.00176
test_10685,0.36211
test_10686,0.99919
test_10687,0.00754
test_10688,0.00984
test_10689,0.01132
test_10690,0.93183
test_10691,0.10340
test_10692,0.96289
test_10693,0.00016
test_10694,0.98386
test_10695,0.99883
test_10696,0.72005
test_10697,0.00064
test_10698,0.88739
test_10699,0.99938
test_10700,0.00021
test_10701,0.89179
test_10702,0.02856
test_10703,0.19145
test_10704,0.99342
test_10705,0.99721
test_10706,0.01130
test_10707,0.99748
test_10708,0.99987
test_10709,0.99740
test_10710,0.98941
test_10711,0.99838
test_10712,0.99987
test_10713,0.00166
test_10714,0.99237
test_10715,0.07888
test_10716,0.97654
test_10717,0.99998
test_10718,0.11289
test_10719,0.82980
test_10720,0.99792
test_10721,0.00008
test_10722,0.94519
test_10723,0.19705
test_10724,0.02195
test_10725,0.09219
test_10726,0.99763
test_10727,0.00076
test_10728,0.00006
test_10729,0.00017
test_10730,0.20531
test_10731,0.00921
test_10732,0.89481
test_10733,0.00056
test_10734,0.00138
test_10735,0.99994
test_10736,0.00033
test_10737,0.00033
test_10738,0.99022
test_10739,0.99992
test_10740,0.99529
test_10741,0.99960
test_10742,0.09306
test_10743,0.99648
test_10744,0.00210
test_10745,0.00106
test_10746,0.01633
test_10747,0.99994
test_10748,0.97725
test_10749,0.99933
test_10750,0.99516
test_10751,0.00127
test_10752,0.99950
test_10753,0.99996
test_10754,0.99994
test_10755,0.00019
test_10756,0.98751
test_10757,0.00161
test_10758,0.00134
test_10759,0.99156
test_10760,0.00794
test_10761,0.01166
test_10762,0.94744
test_10763,0.98385
test_10764,0.94529
test_10765,0.65448
test_10766,0.87795
test_10767,0.40066
test_10768,0.96781
test_10769,0.00116
test_10770,0.00017
test_10771,0.97379
test_10772,0.00735
test_10773,0.99943
test_10774,0.79888
test_10775,0.04695
test_10776,0.58460
test_10777,0.00118
test_10778,0.90811
test_10779,0.86941
test_10780,0.82292
test_10781,0.96061
test_10782,0.00711
test_10783,0.04114
test_10784,0.02475
test_10785,0.99680
test_10786,0.99858
test_10787,0.99521
test_10788,0.01900
test_10789,0.00004
test_10790,0.07869
test_10791,0.08080
test_10792,0.92351
test_10793,0.92966
test_10794,0.60913
test_10795,0.00013
test_10796,0.99618
test_10797,0.38274
test_10798,0.99998
test_10799,0.01176
test_10800,0.99750
test_10801,0.00002
test_10802,0.15692
test_10803,0.96245
test_10804,0.83969
test_10805,0.03018
test_10806,0.99504
test_10807,0.99997
test_10808,0.99992
test_10809,0.99980
test_10810,0.89946
test_10811,0.79624
test_10812,0.00716
test_10813,0.00187
test_10814,0.00011
test_10815,0.98723
test_10816,0.07903
test_10817,0.97604
test_10818,0.99985
test_10819,0.87448
test_10820,0.00196
test_10821,0.19722
test_10822,0.70571
test_10823,0.34456
test_10824,0.00132
test_10825,0.87923
test_10826,0.99999
test_10827,0.88159
test_10828,0.99802
test_10829,0.07700
test_10830,0.99794
test_10831,0.08883
test_10832,0.35288
test_10833,0.79664
test_10834,0.83988
test_10835,0.12433
test_10836,0.00025
test_10837,0.12988
test_10838,0.00409
test_10839,0.02249
test_10840,0.99788
test_10841,0.71521
test_10842,0.81062
test_10843,0.00004
test_10844,0.00639
test_10845,0.00140
test_10846,0.99998
test_10847,0.00692
test_10848,0.06230
test_10849,0.00094
test_10850,0.00077
test_10851,0.00016
test_10852,0.00243
test_10853,0.03554
test_10854,0.95589
test_10855,0.13604
test_10856,0.01720
test_10857,0.99594
test_10858,0.15355
test_10859,0.95897
test_10860,0.00819
test_10861,0.06428
test_10862,0.82157
test_10863,0.91967
test_10864,0.01973
test_10865,0.99020
test_10866,0.99809
test_10867,0.99032
test_10868,0.00141
test_10869,0.19272
test_10870,0.05867
test_10871,0.00038
test_10872,0.99838
test_10873,0.97820
test_10874,0.31082
test_10875,0.38457
test_10876,0.00148
test_10877,0.99958
test_10878,0.99703
test_10879,0.00056
test_10880,0.10726
test_10881,0.00001
test_10882,0.28876
test_10883,0.92303
test_10884,0.99911
test_10885,0.10167
test_10886,0.12670
test_10887,0.99986
test_10888,0.86005
test_10889,0.06557
test_10890,0.11881
test_10891,0.05827
test_10892,0.99691
test_10893,0.00575
test_10894,0.01055
test_10895,0.99814
test_10896,0.00249
test_10897,0.01962
test_10898,0.99644
test_10899,0.51640
test_10900,0.44745
test_10901,0.99992
test_10902,0.99439
test_10903,0.79857
test_10904,0.99986
test_10905,0.99988
test_10906,0.99593
test_10907,0.00006
test_10908,0.86304
test_10909,0.99887
test_10910,0.00062
test_10911,0.00061
test_10912,0.99549
test_10913,0.00163
test_10914,0.99608
test_10915,0.06159
test_10916,0.00255
test_10917,0.63912
test_10918,0.00107
test_10919,0.08875
test_10920,0.99974
test_10921,0.03477
test_10922,0.85188
test_10923,0.95328
test_10924,0.99993
test_10925,0.97969
test_10926,0.00309
test_10927,0.99747
test_10928,0.00151
test_10929,0.00443
test_10930,0.80058
test_10931,0.02897
test_10932,0.99953
test_10933,0.99992
test_10934,0.00086
test_10935,0.00078
test_10936,0.98874
test_10937,0.99946
test_10938,0.00525
test_10939,0.95769
test_10940,0.00003
test_10941,0.01464
test_10942,0.00112
test_10943,0.00056
test_10944,0.99876
test_10945,0.00071
test_10946,0.00004
test_10947,0.91002
test_10948,0.00634
test_10949,0.00241
test_10950,0.09195
test_10951,0.99212
test_10952,0.00011
test_10953,0.98213
test_10954,0.99958
test_10955,0.99998
test_10956,0.00080
test_10957,0.00001
test_10958,0.00532
test_10959,0.00044
test_10960,0.97318
test_10961,0.58424
test_10962,0.25703
test_10963,0.00488
test_10964,0.00495
test_10965,0.00144
test_10966,0.00840
test_10967,0.40990
test_10968,0.00017
test_10969,0.79249
test_10970,0.00107
test_10971,0.98601
test_10972,0.31778
test_10973,0.00011
test_10974,0.05290
test_10975,0.90320
test_10976,0.99967
test_10977,0.95816
test_10978,0.94597
test_10979,0.00761
test_10980,0.93580
test_10981,0.99614
test_10982,0.99996
test_10983,0.00739
test_10984,0.99958
test_10985,0.97017
test_10986,0.00046
test_10987,0.99998
test_10988,0.00029
test_10989,0.00023
test_10990,0.00025
test_10991,0.00070
test_10992,0.99926
test_10993,0.99058
test_10994,0.00010
test_10995,0.09741
test_10996,0.99377
test_10997,0.99973
test_10998,0.00039
test_10999,0.00872
test_11000,0.05805
test_11001,0.83596
test_11002,0.00450
test_11003,0.00110
test_11004,0.09872
test_11005,0.96060
test_11006,0.00006
test_11007,0.00680
test_11008,0.15723
test_11009,0.00111
test_11010,0.99701
test_11011,0.97284
test_11012,0.00429
test_11013,0.99784
test_11014,0.98560
test_11015,0.11805
test_11016,0.00221
test_11017,0.04462
test_11018,0.99994
test_11019,0.00274
test_11020,0.89990
test_11021,0.91918
test_11022,0.17103
test_11023,0.04836
test_11024,0.99989
test_11025,0.99685
test_11026,0.99379
test_11027,0.99943
test_11028,0.68218
test_11029,0.80448
test_11030,0.99898
test_11031,0.00087
test_11032,0.00011
test_11033,0.01846
test_11034,0.01096
test_11035,0.99985
test_11036,0.99965
test_11037,0.13384
test_11038,0.99714
test_11039,0.52133
test_11040,0.99962
test_11041,0.27131
test_11042,0.01365
test_11043,0.99194
test_11044,0.99869
test_11045,0.99670
test_11046,0.99921
test_11047,0.99948
test_11048,0.90966
test_11049,0.70608
test_11050,0.02330
test_11051,0.99853
test_11052,0.99833
test_11053,0.99919
test_11054,0.80166
test_11055,0.00659
test_11056,0.99852
test_11057,0.00096
test_11058,0.84719
test_11059,0.00031
test_11060,0.94868
test_11061,0.00028
test_11062,0.99989
test_11063,0.00007
test_11064,0.99990
test_11065,0.99754
test_11066,0.99976
test_11067,0.00005
test_11068,0.00693
test_11069,0.99756
test_11070,0.87376
test_11071,0.99997
test_11072,0.01225
test_11073,0.00031
test_11074,0.04375
test_11075,0.99977
test_11076,0.99853
test_11077,0.20241
test_11078,0.02406
test_11079,0.99597
test_11080,0.00258
test_11081,0.00685
test_11082,0.00918
test_11083,0.00084
test_11084,0.99967
test_11085,0.00596
test_11086,0.01122
test_11087,0.99437
test_11088,0.00301
test_11089,0.43910
test_11090,0.99070
test_11091,0.99880
test_11092,0.00328
test_11093,0.96720
test_11094,0.79977
test_11095,0.99998
test_11096,0.15675
test_11097,0.90852
test_11098,0.12486
test_11099,0.99430
test_11100,0.99916
test_11101,0.00006
test_11102,0.26409
test_11103,0.99916
test_11104,0.47830
test_11105,0.00692
test_11106,0.71595
test_11107,0.99989
test_11108,0.99843
test_11109,0.99385
test_11110,0.98785
test_11111,0.75115
test_11112,0.86032
test_11113,0.41805
test_11114,0.99583
test_11115,0.92307
test_11116,0.99328
test_11117,0.55378
test_11118,0.99641
test_11119,0.98335
test_11120,0.00296
test_11121,0.87424
test_11122,0.96275
test_11123,0.89171
test_11124,0.99910
test_11125,0.99998
test_11126,0.99999
test_11127,0.99989
test_11128,0.02646
test_11129,0.21068
test_11130,0.96430
test_11131,0.01118
test_11132,0.99657
test_11133,0.03188
test_11134,0.09049
test_11135,0.81855
test_11136,0.99926
test_11137,0.13053
test_11138,0.99259
test_11139,0.00940
test_11140,0.08800
test_11141,0.77982
test_11142,0.00609
test_11143,0.86033
test_11144,0.99592
test_11145,0.00093
test_11146,0.00005
test_11147,0.99821
test_11148,0.05149
test_11149,0.00605
test_11150,0.99942
test_11151,0.04125
test_11152,0.98097
test_11153,0.99769
test_11154,0.81742
test_11155,0.02326
test_11156,0.04592
test_11157,0.99911
test_11158,0.00152
test_11159,0.00010
test_11160,0.05242
test_11161,0.77476
test_11162,0.00108
test_11163,0.00671
test_11164,0.00619
test_11165,0.99702
test_11166,0.89088
test_11167,0.18964
test_11168,0.18674
test_11169,0.99994
test_11170,0.83196
test_11171,0.00147
test_11172,0.85290
test_11173,0.99923
test_11174,0.00082
test_11175,0.01278
test_11176,0.53181
test_11177,0.00270
test_11178,0.00553
test_11179,0.01705
test_11180,0.25066
test_11181,0.98961
test_11182,0.02257
test_11183,0.25667
test_11184,0.99818
test_11185,0.96934
test_11186,0.01244
test_11187,0.00215
test_11188,0.99972
test_11189,0.03118
test_11190,0.00550
test_11191,0.86899
test_11192,0.09134
test_11193,0.00130
test_11194,0.02495
test_11195,0.99996
test_11196,0.20381
test_11197,0.92932
test_11198,0.99947
test_11199,0.02838
test_11200,0.03484
test_11201,0.03091
test_11202,0.99930
test_11203,0.96924
test_11204,0.75184
test_11205,0.01791
test_11206,0.81176
test_11207,0.00094
test_11208,0.79767
test_11209,0.00124
test_11210,0.85485
test_11211,0.00167
test_11212,0.81720
test_11213,0.00007
test_11214,0.00282
test_11215,0.00693
test_11216,0.00293
test_11217,0.72758
test_11218,0.99311
test_11219,0.94460
test_11220,0.99651
test_11221,0.01169
test_11222,0.00110
test_11223,0.00131
test_11224,0.99741
test_11225,0.00020
test_11226,0.19184
test_11227,0.99927
test_11228,0.02602
test_11229,0.90337
test_11230,0.05580
test_11231,0.64069
test_11232,0.03525
test_11233,0.96255
test_11234,0.99983
test_11235,0.96962
test_11236,0.13879
test_11237,0.00538
test_11238,0.92737
test_11239,0.99964
test_11240,0.99678
test_11241,0.99706
test_11242,1.00000
test_11243,0.98828
test_11244,0.12258
test_11245,0.00131
test_11246,0.99908
test_11247,0.00572
test_11248,0.99972
test_11249,0.00206
test_11250,0.99978
test_11251,0.98469
test_11252,0.00013
test_11253,0.00937
test_11254,0.90505
test_11255,0.00859
test_11256,0.82392
test_11257,0.98083
test_11258,0.70471
test_11259,0.00061
test_11260,0.00216
test_11261,0.00056
test_11262,0.99992
test_11263,0.85921
test_11264,0.78718
test_11265,0.18942
test_11266,0.01308
test_11267,0.07078
test_11268,0.97071
test_11269,0.73338
test_11270,0.98132
test_11271,0.90067
test_11272,0.00071
test_11273,0.99990
test_11274,0.99570
test_11275,0.00494
test_11276,0.00074
test_11277,0.97518
test_11278,0.00004
test_11279,0.29482
test_11280,0.93247
test_11281,0.95725
test_11282,0.01895
test_11283,0.00513
test_11284,0.05043
test_11285,0.00015
test_11286,0.00015
test_11287,0.98723
test_11288,0.99928
test_11289,0.00010
test_11290,0.99856
test_11291,0.81352
test_11292,0.99911
test_11293,0.01783
test_11294,0.99782
test_11295,0.99826
test_11296,0.00008
test_11297,0.99889
test_11298,0.01322
test_11299,0.89105
test_11300,0.99321
test_11301,0.99949
test_11302,0.00055
test_11303,0.94618
test_11304,0.99272
test_11305,0.00905
test_11306,0.98392
test_11307,0.90509
test_11308,0.99720
test_11309,0.00165
test_11310,0.18395
test_11311,0.00196
test_11312,0.95587
test_11313,0.00002
test_11314,0.00228
test_11315,0.19005
test_11316,0.36222
test_11317,0.57707
test_11318,0.75073
test_11319,0.00287
test_11320,0.43353
test_11321,0.00978
test_11322,0.11871
test_11323,0.00284
test_11324,0.07640
test_11325,0.99307
test_11326,0.00348
test_11327,0.98600
test_11328,0.99847
test_11329,0.00256
test_11330,0.15378
test_11331,0.00022
test_11332,0.99980
test_11333,0.87454
test_11334,0.12247
test_11335,0.55522
test_11336,0.98702
test_11337,0.99436
test_11338,0.79862
test_11339,0.16702
test_11340,0.19736
test_11341,0.90109
test_11342,0.03131
test_11343,0.99963
test_11344,0.19228
test_11345,0.00911
test_11346,0.04907
test_11347,0.57958
test_11348,0.02010
test_11349,0.00010
test_11350,0.94271
test_11351,0.00032
test_11352,0.05374
test_11353,0.99975
test_11354,0.01133
test_11355,0.00120
test_11356,0.05523
test_11357,0.00146
test_11358,0.00293
test_11359,0.13449
test_11360,0.01875
test_11361,0.00033
test_11362,0.00216
test_11363,0.00045
test_11364,0.00024
test_11365,0.02530
test_11366,0.85603
test_11367,0.02305
test_11368,0.11810
test_11369,0.33479
test_11370,0.89073
test_11371,0.02003
test_11372,0.11222
test_11373,0.00002
test_11374,0.96877
test_11375,0.00109
test_11376,0.00083
test_11377,0.99827
test_11378,0.06235
test_11379,0.00032
test_11380,0.00085
test_11381,0.01037
test_11382,0.85728
test_11383,0.00945
test_11384,0.16106
test_11385,0.97021
test_11386,0.99989
test_11387,0.99969
test_11388,0.02144
test_11389,0.00947
test_11390,0.81365
test_11391,0.98609
test_11392,0.99991
test_11393,0.96054
test_11394,0.71495
test_11395,0.15433
test_11396,0.20097
test_11397,0.00009
test_11398,0.81024
test_11399,0.55978
test_11400,0.16984
test_11401,0.89547
test_11402,0.95755
test_11403,0.00196
test_11404,0.99951
test_11405,0.03337
test_11406,0.00011
test_11407,0.00022
test_11408,0.11692
test_11409,0.01214
test_11410,0.00019
test_11411,0.10398
test_11412,0.92967
test_11413,0.00416
test_11414,0.06841
test_11415,0.99200
test_11416,0.00338
test_11417,0.99438
test_11418,0.64985
test_11419,0.99989
test_11420,0.00892
test_11421,0.07022
test_11422,0.25413
test_11423,0.00164
test_11424,0.98843
test_11425,0.02021
test_11426,0.12240
test_11427,0.99981
test_11428,0.00122
test_11429,0.95619
test_11430,0.01894
test_11431,0.99621
test_11432,0.99144
test_11433,0.00090
test_11434,0.98071
test_11435,0.99990
test_11436,0.92296
test_11437,0.98279
test_11438,0.00077
test_11439,0.00039
test_11440,0.02939
test_11441,0.09566
test_11442,0.00857
test_11443,0.82801
test_11444,0.00562
test_11445,0.42624
test_11446,0.00845
test_11447,0.55094
test_11448,0.17499
test_11449,0.89374
test_11450,0.89771
test_11451,0.98884
test_11452,0.59904
test_11453,0.00056
test_11454,0.00051
test_11455,0.00524
test_11456,0.00013
test_11457,0.72737
test_11458,0.19497
test_11459,0.00762
test_11460,0.20084
test_11461,0.99696
test_11462,0.99846
test_11463,0.18617
test_11464,0.99990
test_11465,0.98729
test_11466,0.94205
test_11467,0.00214
test_11468,0.71538
test_11469,0.00050
test_11470,0.00103
test_11471,0.97562
test_11472,0.00022
test_11473,0.66704
test_11474,0.99571
test_11475,0.12105
test_11476,0.00325
test_11477,0.99192
test_11478,0.00195
test_11479,0.03394
test_11480,0.89963
test_11481,0.00080
test_11482,0.31521
test_11483,0.99935
test_11484,0.00086
test_11485,0.99522
test_11486,0.99056
test_11487,0.34550
test_11488,0.00029
test_11489,0.99979
test_11490,0.99896
test_11491,0.00120
test_11492,0.85164
test_11493,0.99943
test_11494,0.39084
test_11495,0.00274
test_11496,0.93650
test_11497,0.99963
test_11498,0.68214
test_11499,0.97489
test_11500,0.00096
test_11501,0.61323
test_11502,0.00053
test_11503,0.28013
test_11504,0.99260
test_11505,0.80812
test_11506,0.00044
test_11507,0.00891
test_11508,0.02741
test_11509,0.00077
test_11510,0.06726
test_11511,0.00978
test_11512,0.00636
test_11513,0.06788
test_11514,0.00208
test_11515,0.00612
test_11516,0.35241
test_11517,0.22370
test_11518,0.47789
test_11519,0.99660
test_11520,0.85756
test_11521,0.00232
test_11522,0.00001
test_11523,0.54171
test_11524,0.00004
test_11525,0.95364
test_11526,0.49929
test_11527,0.01445
test_11528,0.24894
test_11529,0.00002
test_11530,0.87391
test_11531,0.99413
test_11532,0.99968
test_11533,0.18919
test_11534,0.99967
test_11535,0.85588
test_11536,1.00000
test_11537,0.98719
test_11538,0.11069
test_11539,0.99984
test_11540,0.99948
test_11541,0.78927
test_11542,0.05220
test_11543,0.99965
test_11544,0.00614
test_11545,0.70688
test_11546,0.01279
test_11547,0.99929
test_11548,0.08525
test_11549,0.10453
test_11550,0.83389
test_11551,0.05481
test_11552,0.99854
test_11553,0.90903
test_11554,0.42410
test_11555,0.99998
test_11556,0.23147
test_11557,0.98244
test_11558,0.99996
test_11559,0.00245
test_11560,0.18433
test_11561,0.00089
test_11562,0.99899
test_11563,0.99794
test_11564,0.00427
test_11565,0.18362
test_11566,0.00005
test_11567,0.97385
test_11568,0.02216
test_11569,0.15986
test_11570,0.00911
test_11571,0.22323
test_11572,0.00108
test_11573,0.50777
test_11574,0.99797
test_11575,0.97414
test_11576,0.99261
test_11577,0.99958
test_11578,0.39955
test_11579,0.99310
test_11580,0.99998
test_11581,0.71392
test_11582,0.00003
test_11583,0.07950
test_11584,0.99944
test_11585,0.00169
test_11586,0.99995
test_11587,0.99808
test_11588,0.02168
test_11589,0.92023
test_11590,0.99983
test_11591,0.80385
test_11592,0.99863
test_11593,0.00346
test_11594,0.99875
test_11595,0.00032
test_11596,0.99949
test_11597,0.99977
test_11598,0.00011
test_11599,0.01273
test_11600,0.25435
test_11601,0.99869
test_11602,0.11658
test_11603,0.99214
test_11604,0.99974
test_11605,0.99988
test_11606,0.53501
test_11607,0.99993
test_11608,0.02591
test_11609,1.00000
test_11610,0.00079
test_11611,0.99995
test_11612,0.99869
test_11613,0.99850
test_11614,0.00177
test_11615,0.98550
test_11616,0.96648
test_11617,0.99933
test_11618,0.99985
test_11619,0.73569
test_11620,0.01032
test_11621,0.00091
test_11622,0.92940
test_11623,0.00583
test_11624,0.84394
test_11625,0.85595
test_11626,0.99996
test_11627,0.97888
test_11628,0.00122
test_11629,0.99945
test_11630,0.00216
test_11631,0.00022
test_11632,0.00125
test_11633,0.94103
test_11634,0.99772
test_11635,0.99990
test_11636,0.99169
test_11637,0.79949
test_11638,0.81050
test_11639,0.00653
test_11640,0.99188
test_11641,0.82221
test_11642,0.99751
test_11643,0.88474
test_11644,0.99960
test_11645,0.50351
test_11646,0.00001
test_11647,0.17645
test_11648,0.99915
test_11649,0.40875
test_11650,0.99910
test_11651,0.01262
test_11652,0.00031
test_11653,0.00752
test_11654,0.00873
test_11655,0.01932
test_11656,0.99898
test_11657,0.00383
test_11658,0.18089
test_11659,0.00024
test_11660,0.99659
test_11661,0.00033
test_11662,0.99998
test_11663,0.00584
test_11664,0.21399
test_11665,0.11095
test_11666,0.00074
test_11667,0.00060
test_11668,0.99998
test_11669,0.99764
test_11670,0.20142
test_11671,0.38946
test_11672,0.99950
test_11673,0.30406
test_11674,0.00007
test_11675,0.00088
test_11676,0.99631
test_11677,0.69095
test_11678,0.00005
test_11679,0.99970
test_11680,0.00043
test_11681,0.00618
test_11682,0.00253
test_11683,0.87288
test_11684,0.94664
test_11685,0.17714
test_11686,0.97501
test_11687,0.00667
test_11688,0.00642
test_11689,0.01838
test_11690,0.99973
test_11691,0.87127
test_11692,0.01913
test_11693,0.55438
test_11694,0.00373
test_11695,0.99688
test_11696,0.00346
test_11697,0.00835
test_11698,0.00898
test_11699,0.29006
test_11700,0.21908
test_11701,0.75399
test_11702,0.00067
test_11703,0.02428
test_11704,0.99949
test_11705,0.99945
test_11706,0.99964
test_11707,0.00359
test_11708,0.98942
test_11709,0.99599
test_11710,0.95291
test_11711,0.98744
test_11712,0.36812
test_11713,0.99775
test_11714,0.99251
test_11715,0.99526
test_11716,0.00501
test_11717,0.00045
test_11718,0.03032
test_11719,0.00353
test_11720,0.99923
test_11721,0.89322
test_11722,0.80002
test_11723,0.92181
test_11724,0.00003
test_11725,0.46996
test_11726,0.99623
test_11727,0.90545
test_11728,0.93192
test_11729,0.98215
test_11730,0.05965
test_11731,0.00020
test_11732,0.99731
test_11733,0.99985
test_11734,0.00379
test_11735,0.97159
test_11736,0.15753
test_11737,0.10319
test_11738,0.99966
test_11739,0.96117
test_11740,0.00730
test_11741,0.31577
test_11742,0.16309
test_11743,0.99721
test_11744,0.89169
test_11745,0.00476
test_11746,0.81253
test_11747,0.00028
test_11748,0.00625
test_11749,0.99983
test_11750,0.03329
test_11751,0.99430
test_11752,0.99964
test_11753,0.11239
test_11754,0.99478
test_11755,0.50164
test_11756,0.94499
test_11757,0.10702
test_11758,0.00419
test_11759,0.83819
test_11760,0.79893
test_11761,0.82461
test_11762,0.99943
test_11763,0.95779
test_11764,0.99991
test_11765,0.00295
test_11766,0.77513
test_11767,0.00741
test_11768,0.91387
test_11769,0.57236
test_11770,0.01646
test_11771,0.99006
test_11772,0.82720
test_11773,0.05595
test_11774,0.00023
test_11775,0.97832
test_11776,0.20290
test_11777,0.99990
test_11778,0.99858
test_11779,0.99906
test_11780,0.99901
test_11781,0.10311
test_11782,0.09273
test_11783,0.01021
test_11784,0.99850
test_11785,0.00703
test_11786,0.84497
test_11787,0.07743
test_11788,0.00472
test_11789,0.00152
test_11790,0.00308
test_11791,0.99933
test_11792,0.92802
test_11793,0.65721
test_11794,0.96403
test_11795,0.99861
test_11796,0.00004
test_11797,0.97487
test_11798,0.00016
test_11799,0.99796
test_11800,0.00810
test_11801,0.02300
test_11802,0.00534
test_11803,0.00078
test_11804,0.00034
test_11805,0.00398
test_11806,0.06607
test_11807,0.99792
test_11808,0.99419
test_11809,0.27870
test_11810,0.97076
test_11811,0.00121
test_11812,0.00722
test_11813,0.00648
test_11814,0.16447
test_11815,0.00847
test_11816,0.99488
test_11817,0.03283
test_11818,0.00991
test_11819,0.92816
test_11820,0.88846
test_11821,0.97855
test_11822,0.85151
test_11823,0.99955
test_11824,0.89761
test_11825,0.91500
test_11826,0.18638
test_11827,0.96958
test_11828,0.08230
test_11829,0.57883
test_11830,0.99156
test_11831,0.00017
test_11832,0.42423
test_11833,0.00039
test_11834,0.83366
test_11835,0.00374
test_11836,0.93076
test_11837,0.19855
test_11838,0.01505
test_11839,0.16569
test_11840,0.19552
test_11841,0.20913
test_11842,0.00301
test_11843,0.00051
test_11844,0.00589
test_11845,0.95668
test_11846,0.01460
test_11847,0.85486
test_11848,0.77748
test_11849,0.00058
test_11850,0.99986
test_11851,0.00344
test_11852,0.00792
test_11853,0.99913
test_11854,0.00025
test_11855,0.94178
test_11856,0.99312
test_11857,0.00060
test_11858,0.99995
test_11859,0.18915
test_11860,0.01717
test_11861,0.01590
test_11862,0.00331
test_11863,0.30251
test_11864,0.99761
test_11865,0.98166
test_11866,0.95748
test_11867,0.98940
test_11868,0.17839
test_11869,0.99960
test_11870,0.98920
test_11871,0.99977
test_11872,0.99977
test_11873,0.79726
test_11874,0.98980
test_11875,0.99871
test_11876,0.99841
test_11877,0.00685
test_11878,0.77483
test_11879,0.53894
test_11880,0.06017
test_11881,0.99951
test_11882,0.99907
test_11883,0.00185
test_11884,0.99962
test_11885,0.09693
test_11886,0.01659
test_11887,0.99997
test_11888,0.19726
test_11889,0.00192
test_11890,0.00160
test_11891,0.63632
test_11892,0.00033
test_11893,0.99711
test_11894,0.75545
test_11895,0.01030
test_11896,0.99990
test_11897,0.03938
test_11898,0.00354
test_11899,0.99946
test_11900,0.86976
test_11901,0.79504
test_11902,0.99968
test_11903,0.85680
test_11904,0.99916
test_11905,0.99987
test_11906,0.00042
test_11907,0.99998
test_11908,0.05144
test_11909,0.00006
test_11910,0.90412
test_11911,0.80052
test_11912,0.00039
test_11913,0.09219
test_11914,0.01376
test_11915,0.00005
test_11916,0.00079
test_11917,0.35971
test_11918,0.99408
test_11919,0.07964
test_11920,0.91883
test_11921,0.06910
test_11922,0.00034
test_11923,0.89677
test_11924,0.86473
test_11925,0.99247
test_11926,0.99987
test_11927,0.99973
test_11928,0.66953
test_11929,0.00059
test_11930,0.99997
test_11931,0.99651
test_11932,0.01844
test_11933,0.69929
test_11934,0.01375
test_11935,0.00145
test_11936,0.98374
test_11937,0.00087
test_11938,1.00000
test_11939,0.08292
test_11940,0.78814
test_11941,0.00036
test_11942,0.81190
test_11943,0.00226
test_11944,0.00035
test_11945,0.97725
test_11946,0.70103
test_11947,0.06725
test_11948,0.10930
test_11949,0.22215
test_11950,0.00027
test_11951,0.13584
test_11952,0.00022
test_11953,0.71439
test_11954,0.02847
test_11955,0.99688
test_11956,0.00836
test_11957,0.84619
test_11958,0.60265
test_11959,0.79224
test_11960,0.00015
test_11961,0.01542
test_11962,0.00019
test_11963,0.99900
test_11964,0.11260
test_11965,0.95462
test_11966,0.94272
test_11967,0.15645
test_11968,0.99983
test_11969,0.00072
test_11970,0.00272
test_11971,0.00148
test_11972,0.99735
test_11973,0.05299
test_11974,0.99913
test_11975,0.99996
test_11976,0.19995
test_11977,0.84620
test_11978,0.99266
test_11979,0.99305
test_11980,0.84346
test_11981,0.08464
test_11982,0.99921
test_11983,0.97889
test_11984,0.80329
test_11985,0.11951
test_11986,0.65400
test_11987,0.00499
test_11988,0.84350
test_11989,0.09642
test_11990,0.99973
test_11991,0.92907
test_11992,0.00846
test_11993,0.99918
test_11994,0.36663
test_11995,0.80954
test_11996,0.07959
test_11997,0.99962
test_11998,0.00951
test_11999,0.19573
test_12000,0.99991
test_12001,0.00002
test_12002,0.01612
test_12003,0.97259
test_12004,0.20038
test_12005,0.07279
test_12006,0.03408
test_12007,0.63507
test_12008,0.04328
test_12009,0.05489
test_12010,0.14098
test_12011,0.99952
test_12012,0.81608
test_12013,0.00353
test_12014,0.79798
test_12015,0.99695
test_12016,0.95411
test_12017,0.99988
test_12018,0.98142
test_12019,0.98733
test_12020,0.58816
test_12021,0.99309
test_12022,0.99432
test_12023,0.00446
test_12024,0.02005
test_12025,0.73148
test_12026,0.00777
test_12027,0.99782
test_12028,0.09700
test_12029,0.09593
test_12030,0.11296
test_12031,0.99944
test_12032,0.00667
test_12033,1.00000
test_12034,0.99997
test_12035,0.92084
test_12036,0.00417
test_12037,0.85805
test_12038,0.03911
test_12039,0.00235
test_12040,0.99621
test_12041,0.99801
test_12042,0.00128
test_12043,0.99625
test_12044,0.00202
test_12045,0.00174
test_12046,0.99979
test_12047,0.02125
test_12048,0.99825
test_12049,0.00005
test_12050,0.17287
test_12051,0.00015
test_12052,0.01031
test_12053,0.08040
test_12054,0.99847
test_12055,0.99999
test_12056,0.49602
test_12057,0.98036
test_12058,0.88396
test_12059,0.99609
test_12060,0.99978
test_12061,0.01625
test_12062,0.00077
test_12063,0.99944
test_12064,0.99862
test_12065,0.12558
test_12066,0.00832
test_12067,0.99587
test_12068,0.02866
test_12069,0.00094
test_12070,0.00419
test_12071,0.89519
test_12072,0.97563
test_12073,0.00733
test_12074,0.04202
test_12075,0.99976
test_12076,0.89806
test_12077,0.04355
test_12078,0.99924
test_12079,0.04291
test_12080,0.00295
test_12081,0.99750
test_12082,0.02500
test_12083,0.00221
test_12084,0.99756
test_12085,0.99977
test_12086,0.99922
test_12087,0.99945
test_12088,0.08337
test_12089,0.00174
test_12090,0.14192
test_12091,0.99945
test_12092,0.94357
test_12093,0.99978
test_12094,0.97100
test_12095,0.83930
test_12096,0.97929
test_12097,0.00952
test_12098,0.86384
test_12099,0.00419
test_12100,0.02833
test_12101,0.99933
test_12102,0.00115
test_12103,0.00131
test_12104,0.16896
test_12105,0.00492
test_12106,0.67514
test_12107,0.98900
test_12108,0.95971
test_12109,0.04168
test_12110,0.01635
test_12111,0.99977
test_12112,0.99740
test_12113,0.94509
test_12114,0.99932
test_12115,0.00103
test_12116,0.00010
test_12117,0.01076
test_12118,0.99981
test_12119,1.00000
test_12120,0.99985
test_12121,0.00204
test_12122,0.01141
test_12123,0.13703
test_12124,0.99821
test_12125,0.00096
test_12126,0.99973
test_12127,0.99626
test_12128,0.93990
test_12129,0.06507
test_12130,0.98696
test_12131,0.99582
test_12132,0.16178
test_12133,0.99979
test_12134,0.99995
test_12135,0.00325
test_12136,0.99605
test_12137,0.97690
test_12138,0.00201
test_12139,0.93636
test_12140,0.90406
test_12141,0.00115
test_12142,0.90511
test_12143,0.87171
test_12144,0.82521
test_12145,0.16851
test_12146,0.99995
test_12147,0.01076
test_12148,0.08347
test_12149,0.99994
test_12150,0.00046
test_12151,0.99738
test_12152,0.89929
test_12153,0.01191
test_12154,0.99996
test_12155,0.99013
test_12156,0.00218
test_12157,0.99590
test_12158,0.00049
test_12159,0.84486
test_12160,0.99990
test_12161,0.99411
test_12162,0.99976
test_12163,0.26669
test_12164,0.99686
test_12165,0.00079
test_12166,0.99942
test_12167,0.88558
test_12168,0.00014
test_12169,0.89338
test_12170,0.08199
test_12171,0.00306
test_12172,0.98243
test_12173,0.99916
test_12174,0.52443
test_12175,0.99861
test_12176,0.04512
test_12177,0.02972
test_12178,0.72956
test_12179,0.18381
test_12180,0.93375
test_12181,0.99817
test_12182,0.98357
test_12183,0.99844
test_12184,0.00218
test_12185,0.99829
test_12186,0.79925
test_12187,0.02519
test_12188,0.00644
test_12189,0.38285
test_12190,0.99877
test_12191,0.99985
test_12192,0.00071
test_12193,0.00451
test_12194,0.00131
test_12195,0.00147
test_12196,0.10277
test_12197,0.01020
test_12198,0.02423
test_12199,0.20434
test_12200,0.89042
test_12201,0.00018
test_12202,0.99948
test_12203,0.98252
test_12204,0.05487
test_12205,0.00300
test_12206,0.01762
test_12207,0.00128
test_12208,0.99897
test_12209,0.99976
test_12210,0.07189
test_12211,0.00033
test_12212,0.99829
test_12213,0.00531
test_12214,0.99996
test_12215,0.99667
test_12216,0.18784
test_12217,0.18814
test_12218,0.61455
test_12219,0.00152
test_12220,0.00008
test_12221,0.15630
test_12222,0.00022
test_12223,0.00110
test_12224,0.78646
test_12225,0.00246
test_12226,0.00797
test_12227,0.00005
test_12228,0.99982
test_12229,0.01366
test_12230,0.03411
test_12231,0.25243
test_12232,0.13313
test_12233,0.00558
test_12234,0.98926
test_12235,0.18514
test_12236,0.00553
test_12237,0.98550
test_12238,0.99841
test_12239,0.99849
test_12240,0.17145
test_12241,0.18059
test_12242,0.00254
test_12243,0.99662
test_12244,0.00624
test_12245,0.16752
test_12246,0.99811
test_12247,0.00003
test_12248,0.00680
test_12249,0.00025
test_12250,0.05220
test_12251,0.00019
test_12252,0.08057
test_12253,0.85105
test_12254,0.97084
test_12255,0.17100
test_12256,0.15364
test_12257,0.17030
test_12258,0.00071
test_12259,0.85313
test_12260,0.99763
test_12261,0.99114
test_12262,0.20046
test_12263,0.15564
test_12264,0.11642
test_12265,0.00090
test_12266,0.61303
test_12267,0.20198
test_12268,0.00090
test_12269,0.99993
test_12270,0.00315
test_12271,0.05305
test_12272,0.98517
test_12273,0.15825
test_12274,0.99471
test_12275,0.00035
test_12276,0.65831
test_12277,0.31101
test_12278,0.00028
test_12279,0.88467
test_12280,0.98784
test_12281,0.04774
test_12282,0.08929
test_12283,0.97171
test_12284,0.00727
test_12285,0.00988
test_12286,0.09215
test_12287,0.81594
test_12288,0.99691
test_12289,0.00046
test_12290,0.00086
test_12291,0.32603
test_12292,0.13535
test_12293,0.84954
test_12294,0.01168
test_12295,0.80554
test_12296,0.99160
test_12297,0.00867
test_12298,0.21091
test_12299,0.65870
test_12300,0.17699
test_12301,0.99523
test_12302,0.07788
test_12303,0.17735
test_12304,0.99990
test_12305,0.00001
test_12306,0.99310
test_12307,0.91211
test_12308,0.17379
test_12309,0.99498
test_12310,0.00813
test_12311,0.99276
test_12312,0.98234
test_12313,0.00920
test_12314,0.99993
test_12315,0.11628
test_12316,0.00798
test_12317,0.00008
test_12318,0.00020
test_12319,0.58777
test_12320,0.99907
test_12321,0.99970
test_12322,0.09899
test_12323,0.01787
test_12324,0.00127
test_12325,0.98510
test_12326,0.98988
test_12327,0.94332
test_12328,0.00008
test_12329,0.13320
test_12330,0.99538
test_12331,0.00050
test_12332,0.98339
test_12333,0.01415
test_12334,0.00240
test_12335,0.99196
test_12336,0.05710
test_12337,0.26694
test_12338,0.00055
test_12339,0.99872
test_12340,0.70889
test_12341,0.12017
test_12342,0.00101
test_12343,0.00070
test_12344,0.97519
test_12345,0.99721
test_12346,0.99995
test_12347,0.86703
test_12348,0.00744
test_12349,0.64536
test_12350,0.00053
test_12351,0.00061
test_12352,0.99971
test_12353,0.99628
test_12354,0.73558
test_12355,0.00073
test_12356,0.85106
test_12357,0.99895
test_12358,0.07435
test_12359,0.99841
test_12360,0.00343
test_12361,0.99924
test_12362,0.11622
test_12363,0.19999
test_12364,0.01190
test_12365,0.99934
test_12366,0.18141
test_12367,0.01314
test_12368,0.99964
test_12369,0.95025
test_12370,0.09815
test_12371,0.99880
test_12372,0.99910
test_12373,0.98179
test_12374,0.00677
test_12375,0.99573
test_12376,0.03103
test_12377,0.00031
test_12378,0.01862
test_12379,0.00013
test_12380,0.00090
test_12381,0.75236
test_12382,0.19395
test_12383,0.00357
test_12384,0.99951
test_12385,0.00012
test_12386,0.96469
test_12387,0.99994
test_12388,0.00042
test_12389,0.21373
test_12390,0.20089
test_12391,0.99757
test_12392,0.00002
test_12393,0.20785
test_12394,0.00546
test_12395,0.99929
test_12396,0.22613
test_12397,0.00024
test_12398,0.00845
test_12399,0.00008
test_12400,0.99999
test_12401,0.01008
test_12402,0.10125
test_12403,0.83011
test_12404,0.00006
test_12405,0.03600
test_12406,0.96809
test_12407,0.99996
test_12408,0.99995
test_12409,0.99581
test_12410,0.00027
test_12411,0.99690
test_12412,0.99897
test_12413,0.20946
test_12414,0.00077
test_12415,0.70599
test_12416,0.59999
test_12417,0.69694
test_12418,0.99899
test_12419,0.64604
test_12420,0.99996
test_12421,0.00013
test_12422,0.99998
test_12423,0.04915
test_12424,0.31733
test_12425,0.24816
test_12426,0.98011
test_12427,0.68972
test_12428,0.47280
test_12429,0.99184
test_12430,0.99917
test_12431,0.99725
test_12432,0.99843
test_12433,0.23916
test_12434,0.91723
test_12435,0.05368
test_12436,0.08552
test_12437,0.00081
test_12438,0.00006
test_12439,0.00048
test_12440,0.88202
test_12441,0.99967
test_12442,0.99772
test_12443,0.00047
test_12444,0.05121
test_12445,0.98747
test_12446,0.13137
test_12447,0.00305
test_12448,0.00012
test_12449,0.74951
test_12450,0.99486
test_12451,0.99953
test_12452,0.43662
test_12453,0.99791
test_12454,0.44256
test_12455,0.00396
test_12456,0.00458
test_12457,0.00070
test_12458,0.99421
test_12459,0.98454
test_12460,0.00103
test_12461,0.99892
test_12462,0.15718
test_12463,0.38274
test_12464,0.00082
test_12465,0.99978
test_12466,0.00221
test_12467,0.99968
test_12468,0.02645
test_12469,0.00097
test_12470,0.99857
test_12471,0.67077
test_12472,0.00885
test_12473,0.68344
test_12474,0.00139
test_12475,0.00908
test_12476,0.98972
test_12477,0.00062
test_12478,0.99842
test_12479,0.00389
test_12480,0.00144
test_12481,0.00254
test_12482,0.97174
test_12483,0.02737
test_12484,0.99596
test_12485,0.00131
test_12486,0.00252
test_12487,0.04290
test_12488,0.00086
test_12489,0.99904
test_12490,0.04402
test_12491,0.04711
test_12492,0.79612
test_12493,0.79485
test_12494,0.86520
test_12495,0.00146
test_12496,0.88888
test_12497,0.00028
test_12498,0.63373
test_12499,0.95268
test_12500,0.90360
test_12501,0.97434
test_12502,0.00009
test_12503,0.99735
test_12504,0.99983
test_12505,0.20942
test_12506,0.99997
test_12507,0.74499
test_12508,0.99979
test_12509,0.00314
test_12510,0.92899
test_12511,0.00095
test_12512,0.23050
test_12513,0.05335
test_12514,0.97231
test_12515,0.01051
test_12516,0.98206
test_12517,0.02925
test_12518,0.00018
test_12519,0.00981
test_12520,0.00655
test_12521,0.00066
test_12522,0.02669
test_12523,0.00067
test_12524,0.99962
test_12525,0.03387
test_12526,0.99833
test_12527,0.00059
test_12528,0.00010
test_12529,0.00088
test_12530,0.99398
test_12531,0.00418
test_12532,0.17408
test_12533,0.99290
test_12534,0.99390
test_12535,0.99904
test_12536,0.00176
test_12537,0.31706
test_12538,0.99981
test_12539,0.00433
test_12540,0.15649
test_12541,0.09374
test_12542,0.00013
test_12543,0.04684
test_12544,0.00145
test_12545,0.99986
test_12546,0.06912
test_12547,0.00110
test_12548,0.34894
test_12549,0.99721
test_12550,0.84972
test_12551,0.26626
test_12552,0.99928
test_12553,0.78193
test_12554,0.01666
test_12555,0.99894
test_12556,0.02254
test_12557,0.31302
test_12558,0.00050
test_12559,0.95648
test_12560,0.99774
test_12561,0.99996
test_12562,0.24799
test_12563,0.99947
test_12564,0.20058
test_12565,0.00276
test_12566,0.99947
test_12567,0.00374
test_12568,0.00811
test_12569,0.99871
test_12570,0.99952
test_12571,0.00005
test_12572,0.91365
test_12573,0.00017
test_12574,0.02860
test_12575,0.00111
test_12576,0.49018
test_12577,0.13521
test_12578,0.08318
test_12579,0.99965
test_12580,0.00008
test_12581,0.65923
test_12582,0.00024
test_12583,0.99791
test_12584,0.93019
test_12585,0.99730
test_12586,0.15561
test_12587,0.60603
test_12588,0.00061
test_12589,0.00174
test_12590,0.92252
test_12591,0.85618
test_12592,0.01664
test_12593,0.00448
test_12594,0.72452
test_12595,0.99954
test_12596,0.00202
test_12597,0.96794
test_12598,0.03336
test_12599,0.00394
test_12600,0.99339
test_12601,0.99426
test_12602,0.32984
test_12603,0.99916
test_12604,0.00195
test_12605,0.00320
test_12606,0.80240
test_12607,0.00440
test_12608,0.99873
test_12609,0.57229
test_12610,0.00415
test_12611,0.03410
test_12612,0.00671
test_12613,0.81316
test_12614,0.95050
test_12615,0.24855
test_12616,0.00296
test_12617,0.00017
test_12618,0.00982
test_12619,0.92333
test_12620,0.88322
test_12621,0.00271
test_12622,0.00850
test_12623,0.82708
test_12624,0.83534
test_12625,0.00030
test_12626,0.00025
test_12627,0.00057
test_12628,0.00014
test_12629,0.99420
test_12630,0.00023
test_12631,0.99996
test_12632,0.72398
test_12633,0.00102
test_12634,0.00076
test_12635,0.00106
test_12636,0.98383
test_12637,0.81772
test_12638,0.00002
test_12639,0.99897
test_12640,0.22158
test_12641,0.01523
test_12642,0.10776
test_12643,0.99979
test_12644,0.00138
test_12645,0.99854
test_12646,0.98759
test_12647,0.00056
test_12648,0.00063
test_12649,0.00115
test_12650,0.95153
test_12651,0.99499
test_12652,0.00001
test_12653,0.98961
test_12654,0.00657
test_12655,0.99999
test_12656,0.98640
test_12657,0.94578
test_12658,0.99970
test_12659,0.00091
test_12660,0.03140
test_12661,0.83915
test_12662,0.98122
test_12663,0.00032
test_12664,0.00149
test_12665,0.87031
test_12666,0.24297
test_12667,0.27378
test_12668,0.20605
test_12669,0.23685
test_12670,0.98997
test_12671,0.85612
test_12672,0.00004
test_12673,0.00463
test_12674,0.24217
test_12675,0.55942
test_12676,0.87201
test_12677,0.99325
test_12678,0.06187
test_12679,0.98646
test_12680,0.86837
test_12681,0.13259
test_12682,0.99670
test_12683,0.04297
test_12684,0.98245
test_12685,0.00424
test_12686,0.99995
test_12687,0.99382
test_12688,0.95041
test_12689,0.89909
test_12690,0.06501
test_12691,0.99970
test_12692,0.95874
test_12693,0.92938
test_12694,0.01604
test_12695,0.00115
test_12696,0.49150
test_12697,0.00093
test_12698,0.99105
test_12699,0.52965
test_12700,0.03180
test_12701,0.93010
test_12702,0.08779
test_12703,0.00202
test_12704,0.99843
test_12705,0.99995
test_12706,0.00718
test_12707,0.99199
test_12708,0.98507
test_12709,0.99972
test_12710,0.01692
test_12711,0.94020
test_12712,0.99953
test_12713,0.18374
test_12714,0.01469
test_12715,0.11320
test_12716,0.00001
test_12717,0.00030
test_12718,0.00303
test_12719,0.92659
test_12720,0.99987
test_12721,0.99706
test_12722,0.99983
test_12723,0.00195
test_12724,0.00033
test_12725,0.98118
test_12726,0.94127
test_12727,0.73201
test_12728,0.92695
test_12729,0.94514
test_12730,0.00124
test_12731,0.99656
test_12732,0.15090
test_12733,0.97187
test_12734,0.93330
test_12735,0.99603
test_12736,0.99917
test_12737,0.94511
test_12738,0.03244
test_12739,0.99946
test_12740,0.00733
test_12741,0.00023
test_12742,0.02437
test_12743,0.00534
test_12744,0.01829
test_12745,0.11491
test_12746,0.82157
test_12747,0.99606
test_12748,0.53657
test_12749,0.05670
test_12750,0.00002
test_12751,0.02656
test_12752,0.99823
test_12753,0.02559
test_12754,0.00030
test_12755,0.93557
test_12756,0.99879
test_12757,0.93634
test_12758,0.20430
test_12759,0.00007
test_12760,0.93639
test_12761,0.97408
test_12762,0.00110
test_12763,0.84178
test_12764,0.00005
test_12765,0.90657
test_12766,0.00020
test_12767,0.00066
test_12768,0.99963
test_12769,0.99989
test_12770,0.00069
test_12771,0.00034
test_12772,0.51595
test_12773,0.99974
test_12774,0.00008
test_12775,0.99921
test_12776,0.04078
test_12777,0.00027
test_12778,0.98041
test_12779,0.19804
test_12780,0.99990
test_12781,0.99680
test_12782,0.00013
test_12783,0.91583
test_12784,0.07320
test_12785,0.84516
test_12786,0.53151
test_12787,0.99988
test_12788,0.00216
test_12789,0.99911
test_12790,0.00117
test_12791,0.00630
test_12792,0.00028
test_12793,0.99176
test_12794,0.00212
test_12795,0.99968
test_12796,0.99927
test_12797,0.99170
test_12798,0.99608
test_12799,0.00007
test_12800,0.23511
test_12801,0.06677
test_12802,0.00188
test_12803,0.99986
test_12804,0.99996
test_12805,0.01249
test_12806,0.08279
test_12807,0.92802
test_12808,0.00108
test_12809,1.00000
test_12810,0.00670
test_12811,0.85885
test_12812,0.88318
test_12813,0.85609
test_12814,0.01640
test_12815,0.21197
test_12816,0.01384
test_12817,0.00038
test_12818,0.00003
test_12819,0.00004
test_12820,0.99754
test_12821,0.05475
test_12822,0.91615
test_12823,0.99995
test_12824,0.00005
test_12825,0.23354
test_12826,0.41577
test_12827,0.00756
test_12828,0.95020
test_12829,0.80486
test_12830,0.00122
test_12831,0.01688
test_12832,0.99938
test_12833,0.00000
test_12834,0.99361
test_12835,0.86942
test_12836,0.83122
test_12837,0.96952
test_12838,0.82192
test_12839,0.00082
test_12840,0.00581
test_12841,0.00001
test_12842,0.00555
test_12843,0.99995
test_12844,0.76536
test_12845,0.00053
test_12846,0.07311
test_12847,0.82818
test_12848,0.99206
test_12849,0.00073
test_12850,0.97118
test_12851,0.20309
test_12852,0.02403
test_12853,0.95637
test_12854,0.13435
test_12855,0.00115
test_12856,0.99918
test_12857,0.98133
test_12858,0.00037
test_12859,0.99474
test_12860,0.95954
test_12861,0.02376
test_12862,0.00263
test_12863,0.00175
test_12864,0.00072
test_12865,0.99873
test_12866,0.16637
test_12867,0.99827
test_12868,0.90048
test_12869,0.00045
test_12870,0.99989
test_12871,0.34972
test_12872,0.93502
test_12873,0.99962
test_12874,0.96627
test_12875,0.00359
test_12876,0.00002
test_12877,0.02837
test_12878,0.99789
test_12879,0.99835
test_12880,0.00904
test_12881,0.00000
test_12882,0.99790
test_12883,0.01454
test_12884,0.01020
test_12885,0.00030
test_12886,0.37479
test_12887,0.38025
test_12888,0.42198
test_12889,0.00182
test_12890,0.99993
test_12891,0.00820
test_12892,0.00108
test_12893,0.99889
test_12894,0.04567
test_12895,0.98573
test_12896,0.63581
test_12897,0.99962
test_12898,0.05292
test_12899,0.00387
test_12900,0.99821
test_12901,0.79710
test_12902,0.99780
test_12903,0.65024
test_12904,0.79604
test_12905,0.99996
test_12906,0.00120
test_12907,0.01155
test_12908,0.99888
test_12909,0.99596
test_12910,0.00095
test_12911,0.99745
test_12912,0.99996
test_12913,0.00080
test_12914,0.00014
test_12915,0.17937
test_12916,0.99999
test_12917,0.99666
test_12918,0.00138
test_12919,0.97254
test_12920,0.99838
test_12921,0.01091
test_12922,0.00116
test_12923,0.99736
test_12924,0.94620
test_12925,0.80468
test_12926,0.99990
test_12927,0.19365
test_12928,0.00187
test_12929,0.99955
test_12930,0.99893
test_12931,0.00191
test_12932,0.00018
test_12933,0.99966
test_12934,0.77958
test_12935,0.00717
test_12936,0.60156
test_12937,0.55922
test_12938,0.02408
test_12939,0.99667
test_12940,0.99671
test_12941,0.84817
test_12942,0.02303
test_12943,0.15845
test_12944,0.99960
test_12945,0.00470
test_12946,0.99999
test_12947,0.96505
test_12948,0.19843
test_12949,0.00161
test_12950,0.91041
test_12951,0.03749
test_12952,0.89063
test_12953,0.99944
test_12954,0.02143
test_12955,0.02467
test_12956,0.99875
test_12957,0.91505
test_12958,0.00029
test_12959,0.24992
test_12960,0.92178
test_12961,0.01098
test_12962,0.05839
test_12963,0.99724
test_12964,0.00203
test_12965,0.24141
test_12966,0.96366
test_12967,0.00107
test_12968,0.00452
test_12969,0.94646
test_12970,0.57329
test_12971,0.00068
test_12972,0.15112
test_12973,0.00122
test_12974,0.16054
test_12975,0.21399
test_12976,0.00633
test_12977,0.00020
test_12978,0.98606
test_12979,0.00243
test_12980,0.00004
test_12981,0.91559
test_12982,0.99768
test_12983,0.20774
test_12984,0.84838
test_12985,0.97643
test_12986,0.99554
test_12987,0.99136
test_12988,0.00038
test_12989,0.98462
test_12990,0.88127
test_12991,0.17870
test_12992,0.06903
test_12993,0.99940
test_12994,0.00567
test_12995,0.94191
test_12996,0.97471
test_12997,0.00010
test_12998,0.99991
test_12999,0.98337
test_13000,0.01885
test_13001,0.99999
test_13002,0.00019
test_13003,0.99964
test_13004,0.00009
test_13005,0.83674
test_13006,0.01092
test_13007,0.00246
test_13008,0.06873
test_13009,0.99953
test_13010,0.03102
test_13011,0.13092
test_13012,0.53415
test_13013,0.99111
test_13014,0.20257
test_13015,0.99958
test_13016,0.00022
test_13017,0.85398
test_13018,0.00034
test_13019,0.99957
test_13020,0.00048
test_13021,0.14261
test_13022,0.19860
test_13023,0.71908
test_13024,0.95778
test_13025,0.99602
test_13026,0.75551
test_13027,0.87904
test_13028,0.60718
test_13029,0.96056
test_13030,0.01083
test_13031,0.51615
test_13032,0.99500
test_13033,0.00021
test_13034,0.99659
test_13035,0.06034
test_13036,0.59065
test_13037,0.99991
test_13038,0.85647
test_13039,0.99984
test_13040,0.64849
test_13041,0.97366
test_13042,0.80439
test_13043,0.91659
test_13044,0.99640
test_13045,0.02258
test_13046,0.99932
test_13047,0.00277
test_13048,0.00011
test_13049,0.99998
test_13050,0.00003
test_13051,0.19074
test_13052,0.99727
test_13053,0.88202
test_13054,0.00013
test_13055,0.01637
test_13056,0.99720
test_13057,0.00520
test_13058,0.00075
test_13059,0.39242
test_13060,0.93760
test_13061,0.99229
test_13062,0.99999
test_13063,0.00078
test_13064,0.00138
test_13065,0.99985
test_13066,0.83541
test_13067,0.04400
test_13068,0.97269
test_13069,0.99694
test_13070,0.99519
test_13071,0.00648
test_13072,0.15324
test_13073,0.66934
test_13074,0.99937
test_13075,0.99972
test_13076,0.01851
test_13077,0.74855
test_13078,0.97683
test_13079,0.98756
test_13080,0.04389
test_13081,0.20959
test_13082,0.99249
test_13083,0.61358
test_13084,0.94454
test_13085,0.99973
test_13086,0.96907
test_13087,0.11816
test_13088,0.98306
test_13089,0.00845
test_13090,0.04538
test_13091,0.00336
test_13092,0.99961
test_13093,0.00005
test_13094,0.99382
test_13095,0.61256
test_13096,0.00007
test_13097,0.00003
test_13098,0.00079
test_13099,0.00148
test_13100,0.00107
test_13101,0.10418
test_13102,0.14558
test_13103,0.19366
test_13104,0.00005
test_13105,0.99948
test_13106,0.99310
test_13107,0.99509
test_13108,0.99062
test_13109,0.00010
test_13110,0.99906
test_13111,0.86905
test_13112,0.99285
test_13113,0.66507
test_13114,0.58510
test_13115,0.65542
test_13116,0.58673
test_13117,0.00570
test_13118,0.24575
test_13119,0.00531
test_13120,0.00523
test_13121,0.45429
test_13122,0.00010
test_13123,0.01584
test_13124,0.98562
test_13125,0.95270
test_13126,0.08861
test_13127,0.88083
test_13128,0.82665
test_13129,0.17822
test_13130,0.97618
test_13131,0.00055
test_13132,0.80004
test_13133,0.00190
test_13134,0.00086
test_13135,0.00029
test_13136,0.00175
test_13137,0.99934
test_13138,0.99874
test_13139,0.18885
test_13140,0.01735
test_13141,0.99321
test_13142,0.01559
test_13143,0.99786
test_13144,0.00047
test_13145,0.00862
test_13146,0.99957
test_13147,0.99992
test_13148,0.00044
test_13149,0.00014
test_13150,0.00626
test_13151,0.99572
test_13152,0.17590
test_13153,0.99968
test_13154,0.00308
test_13155,0.99999
test_13156,0.00155
test_13157,0.17766
test_13158,0.13614
test_13159,0.99705
test_13160,0.76169
test_13161,0.00511
test_13162,0.45048
test_13163,0.99994
test_13164,0.00154
test_13165,0.01297
test_13166,0.04499
test_13167,0.38148
test_13168,0.01799
test_13169,0.00261
test_13170,0.10412
test_13171,0.00348
test_13172,0.94630
test_13173,0.01150
test_13174,0.99843
test_13175,0.00068
test_13176,0.16616
test_13177,0.00081
test_13178,0.15652
test_13179,0.00134
test_13180,0.99439
test_13181,0.15636
test_13182,0.95132
test_13183,1.00000
test_13184,0.00272
test_13185,0.99982
test_13186,0.89825
test_13187,0.99987
test_13188,0.00023
test_13189,0.12770
test_13190,0.00151
test_13191,0.01379
test_13192,0.99999
test_13193,0.00126
test_13194,0.99994
test_13195,0.12728
test_13196,0.99990
test_13197,0.05392
test_13198,0.04665
test_13199,0.92297
test_13200,0.13920
test_13201,0.00865
test_13202,0.92489
test_13203,0.99970
test_13204,0.08565
test_13205,0.01527
test_13206,0.00002
test_13207,0.99958
test_13208,0.00003
test_13209,0.02387
test_13210,0.99991
test_13211,0.80031
test_13212,0.99852
test_13213,0.06472
test_13214,0.00016
test_13215,0.02221
test_13216,0.99870
test_13217,0.99973
test_13218,0.99994
test_13219,0.02653
test_13220,0.99791
test_13221,0.02450
test_13222,0.97832
test_13223,0.13508
test_13224,0.99960
test_13225,0.18717
test_13226,0.99930
test_13227,0.99916
test_13228,0.00450
test_13229,0.08327
test_13230,0.00621
test_13231,0.93194
test_13232,0.91002
test_13233,0.00025
test_13234,0.99952
test_13235,0.00221
test_13236,0.10209
test_13237,0.00281
test_13238,0.94752
test_13239,0.98985
test_13240,0.00057
test_13241,0.00434
test_13242,0.00415
test_13243,0.91961
test_13244,0.97570
test_13245,0.13438
test_13246,0.98605
test_13247,0.99763
test_13248,0.98685
test_13249,0.13300
test_13250,0.99119
test_13251,0.19749
test_13252,0.03444
test_13253,0.05056
test_13254,0.00663
test_13255,0.99219
test_13256,0.00006
test_13257,0.03110
test_13258,0.93877
test_13259,0.99988
test_13260,0.18553
test_13261,0.00055
test_13262,0.03314
test_13263,0.00139
test_13264,0.90032
test_13265,0.99651
test_13266,0.99978
test_13267,0.35935
test_13268,0.44775
test_13269,0.00082
test_13270,0.00067
test_13271,0.00048
test_13272,0.00004
test_13273,0.99995
test_13274,0.03296
test_13275,0.10215
test_13276,0.00146
test_13277,0.00287
test_13278,0.10796
test_13279,0.17729
test_13280,0.32502
test_13281,0.90135
test_13282,0.00009
test_13283,0.57242
test_13284,0.84209
test_13285,0.00041
test_13286,0.84643
test_13287,0.00145
test_13288,0.98219
test_13289,0.00004
test_13290,0.99807
test_13291,0.99200
test_13292,0.99982
test_13293,0.99924
test_13294,0.33624
test_13295,0.99801
test_13296,0.99983
test_13297,0.10713
test_13298,0.99762
test_13299,0.99964
test_13300,0.18344
test_13301,0.99560
test_13302,0.99363
test_13303,0.00054
test_13304,0.96811
test_13305,0.86539
test_13306,0.00019
test_13307,0.00589
test_13308,0.99912
test_13309,0.99951
test_13310,0.99937
test_13311,0.88910
test_13312,0.20818
test_13313,0.42925
test_13314,0.99952
test_13315,0.99973
test_13316,0.19276
test_13317,0.99221
test_13318,0.08431
test_13319,0.99915
test_13320,0.00305
test_13321,0.10423
test_13322,0.00415
test_13323,1.00000
test_13324,0.08159
test_13325,0.00002
test_13326,0.11005
test_13327,0.97860
test_13328,0.00092
test_13329,0.00082
test_13330,0.05841
test_13331,0.02936
test_13332,0.00031
test_13333,0.98806
test_13334,0.03870
test_13335,0.00228
test_13336,0.00215
test_13337,0.99904
test_13338,0.46773
test_13339,0.75159
test_13340,0.01352
test_13341,0.99981
test_13342,0.11063
test_13343,0.98173
test_13344,0.98577
test_13345,0.99581
test_13346,0.76187
test_13347,0.00193
test_13348,0.02357
test_13349,0.00235
test_13350,0.00060
test_13351,0.99830
test_13352,0.00009
test_13353,0.00099
test_13354,0.99570
test_13355,0.30929
test_13356,0.99964
test_13357,0.01231
test_13358,0.99439
test_13359,0.97907
test_13360,0.99999
test_13361,0.00803
test_13362,0.99974
test_13363,0.00088
test_13364,0.99975
test_13365,0.99993
test_13366,0.99751
test_13367,0.99995
test_13368,0.99183
test_13369,0.03283
test_13370,0.87201
test_13371,0.99888
test_13372,0.99999
test_13373,0.99044
test_13374,0.85020
test_13375,0.99858
test_13376,0.99421
test_13377,0.52964
test_13378,0.01323
test_13379,0.00026
test_13380,0.93398
test_13381,0.00297
test_13382,0.63788
test_13383,0.99957
test_13384,0.84827
test_13385,0.69205
test_13386,0.00006
test_13387,0.00055
test_13388,0.00105
test_13389,0.00008
test_13390,0.00034
test_13391,0.99969
test_13392,0.00045
test_13393,0.92364
test_13394,0.99130
test_13395,0.99002
test_13396,0.57601
test_13397,0.59954
test_13398,0.12399
test_13399,0.98634
test_13400,0.99503
test_13401,0.03452
test_13402,0.90614
test_13403,0.92817
test_13404,0.99553
test_13405,0.99922
test_13406,0.99239
test_13407,0.00026
test_13408,0.15480
test_13409,0.97253
test_13410,0.80051
test_13411,0.97733
test_13412,0.99993
test_13413,0.00081
test_13414,0.08229
test_13415,0.99235
test_13416,0.99613
test_13417,0.00347
test_13418,0.00778
test_13419,0.90718
test_13420,0.86897
test_13421,0.01522
test_13422,0.00003
test_13423,0.15931
test_13424,0.92228
test_13425,0.02231
test_13426,0.00086
test_13427,0.99936
test_13428,0.99996
test_13429,0.85246
test_13430,0.00215
test_13431,0.99986
test_13432,0.02104
test_13433,0.00030
test_13434,0.99556
test_13435,0.07316
test_13436,0.00012
test_13437,0.03253
test_13438,0.84940
test_13439,0.99921
test_13440,0.99539
test_13441,0.87593
test_13442,0.99989
test_13443,0.91318
test_13444,0.99975
test_13445,0.99056
test_13446,0.00112
test_13447,0.17643
test_13448,0.00924
test_13449,0.00465
test_13450,0.81646
test_13451,0.13644
test_13452,0.97448
test_13453,0.91249
test_13454,0.00151
test_13455,0.15464
test_13456,0.99989
test_13457,0.86602
test_13458,0.96822
test_13459,0.98486
test_13460,0.17140
test_13461,0.01154
test_13462,0.96946
test_13463,0.01914
test_13464,0.00640
test_13465,0.14048
test_13466,0.99518
test_13467,0.00002
test_13468,0.05365
test_13469,0.99818
test_13470,0.19784
test_13471,0.99991
test_13472,0.99962
test_13473,0.99935
test_13474,0.98453
test_13475,0.99997
test_13476,0.00814
test_13477,0.85460
test_13478,0.99981
test_13479,0.85739
test_13480,0.99991
test_13481,0.97023
test_13482,0.02364
test_13483,0.98287
test_13484,0.14075
test_13485,0.99700
test_13486,0.48470
test_13487,0.04426
test_13488,0.03730
test_13489,0.99971
test_13490,0.00049
test_13491,0.00845
test_13492,0.99063
test_13493,0.99967
test_13494,0.00008
test_13495,0.10170
test_13496,0.80487
test_13497,0.07421
test_13498,0.88591
test_13499,0.01048
test_13500,0.99954
test_13501,0.01553
test_13502,0.19267
test_13503,0.00515
test_13504,0.00385
test_13505,0.00142
test_13506,0.00916
test_13507,0.00807
test_13508,0.99875
test_13509,0.00050
test_13510,0.01338
test_13511,0.48479
test_13512,0.90278
test_13513,0.02207
test_13514,0.02508
test_13515,0.01096
test_13516,0.07667
test_13517,0.14606
test_13518,0.07535
test_13519,0.08591
test_13520,0.02251
test_13521,0.99973
test_13522,0.00115
test_13523,0.99990
test_13524,0.81372
test_13525,0.99462
test_13526,0.14750
test_13527,0.99796
test_13528,0.99954
test_13529,0.99838
test_13530,0.99897
test_13531,0.01720
test_13532,0.00618
test_13533,0.80245
test_13534,0.00027
test_13535,0.99988
test_13536,0.00698
test_13537,0.00501
test_13538,0.01219
test_13539,0.00209
test_13540,0.91396
test_13541,0.99800
test_13542,0.00590
test_13543,0.02143
test_13544,0.99521
test_13545,0.71283
test_13546,0.99914
test_13547,0.00125
test_13548,0.69773
test_13549,0.43908
test_13550,0.03321
test_13551,0.80408
test_13552,0.00013
test_13553,0.99890
test_13554,0.99971
test_13555,0.01900
test_13556,0.26351
test_13557,0.99478
test_13558,0.00044
test_13559,0.00024
test_13560,0.01624
test_13561,0.00923
test_13562,0.08000
test_13563,0.99286
test_13564,0.98757
test_13565,0.99905
test_13566,0.85883
test_13567,0.99641
test_13568,0.89116
test_13569,0.99929
test_13570,0.99881
test_13571,0.15575
test_13572,0.99795
test_13573,0.99954
test_13574,0.26732
test_13575,0.98360
test_13576,0.00285
test_13577,0.08749
test_13578,0.99080
test_13579,0.02468
test_13580,0.00084
test_13581,0.97354
test_13582,0.99127
test_13583,0.00127
test_13584,0.99990
test_13585,0.99612
test_13586,0.99965
test_13587,0.05014
test_13588,0.84365
test_13589,0.96938
test_13590,0.03660
test_13591,0.19372
test_13592,0.92873
test_13593,0.99769
test_13594,0.16245
test_13595,0.00005
test_13596,0.00049
test_13597,0.00320
test_13598,0.02620
test_13599,0.96174
test_13600,0.32084
test_13601,0.99963
test_13602,0.99922
test_13603,0.99622
test_13604,0.91508
test_13605,0.01827
test_13606,0.99801
test_13607,0.00073
test_13608,0.00160
test_13609,0.99991
test_13610,0.99961
test_13611,0.99654
test_13612,0.98871
test_13613,0.96555
test_13614,0.99994
test_13615,0.93456
test_13616,0.00337
test_13617,0.99072
test_13618,0.00033
test_13619,0.98066
test_13620,0.00318
test_13621,0.90630
test_13622,0.99903
test_13623,0.00010
test_13624,0.00048
test_13625,0.97369
test_13626,0.08374
test_13627,0.00001
test_13628,0.35594
test_13629,0.00115
test_13630,0.01602
test_13631,0.11971
test_13632,0.99745
test_13633,0.10292
test_13634,0.99921
test_13635,0.99845
test_13636,0.99968
test_13637,0.89468
test_13638,0.82461
test_13639,0.48726
test_13640,0.14165
test_13641,0.91184
test_13642,0.08260
test_13643,0.00000
test_13644,0.00034
test_13645,0.99999
test_13646,0.99988
test_13647,0.97853
test_13648,0.17915
test_13649,0.00089
test_13650,0.00019
test_13651,0.19071
test_13652,0.10020
test_13653,0.19991
test_13654,0.02404
test_13655,0.06304
test_13656,0.85062
test_13657,0.00105
test_13658,0.88428
test_13659,0.95433
test_13660,0.00130
test_13661,0.11044
test_13662,0.89086
test_13663,0.00108
test_13664,0.99999
test_13665,0.00299
test_13666,0.97381
test_13667,0.00021
test_13668,0.00589
test_13669,0.72423
test_13670,0.01203
test_13671,0.00027
test_13672,0.01316
test_13673,0.00194
test_13674,0.79701
test_13675,0.05798
test_13676,0.91599
test_13677,0.00489
test_13678,0.00186
test_13679,0.00361
test_13680,0.02380
test_13681,0.99991
test_13682,0.79837
test_13683,0.99832
test_13684,0.01559
test_13685,0.93852
test_13686,0.00212
test_13687,0.99542
test_13688,0.99996
test_13689,0.87111
test_13690,0.46927
test_13691,0.99835
test_13692,0.03147
test_13693,0.00486
test_13694,0.00047
test_13695,0.99998
test_13696,0.99980
test_13697,0.20845
test_13698,1.00000
test_13699,0.99735
test_13700,0.99939
test_13701,0.00004
test_13702,0.99999
test_13703,0.05579
test_13704,0.00010
test_13705,0.99929
test_13706,0.01458
test_13707,0.00011
test_13708,0.00231
test_13709,0.49569
test_13710,0.02474
test_13711,0.00248
test_13712,0.14973
test_13713,0.98962
test_13714,0.00270
test_13715,0.02300
test_13716,0.01713
test_13717,0.99784
test_13718,0.97458
test_13719,0.58639
test_13720,0.13614
test_13721,0.99421
test_13722,0.92166
test_13723,0.00075
test_13724,0.04154
test_13725,0.99952
test_13726,0.00078
test_13727,0.96765
test_13728,0.00014
test_13729,0.99964
test_13730,0.00698
test_13731,0.00037
test_13732,0.99994
test_13733,0.82052
test_13734,0.65052
test_13735,0.69708
test_13736,0.96791
test_13737,0.00068
test_13738,0.84522
test_13739,0.99756
test_13740,0.00005
test_13741,0.22532
test_13742,0.18227
test_13743,0.00001
test_13744,0.50226
test_13745,0.00854
test_13746,0.78606
test_13747,0.02054
test_13748,0.00068
test_13749,0.84616
test_13750,0.00046
test_13751,0.96250
test_13752,0.00109
test_13753,0.31866
test_13754,0.99905
test_13755,0.00002
test_13756,0.99987
test_13757,0.19086
test_13758,0.16228
test_13759,0.74018
test_13760,0.00048
test_13761,0.00051
test_13762,0.00003
test_13763,0.99956
test_13764,0.97297
test_13765,0.99994
test_13766,0.00262
test_13767,0.00870
test_13768,0.98573
test_13769,0.81855
test_13770,0.00396
test_13771,0.33573
test_13772,0.01070
test_13773,0.95090
test_13774,0.00008
test_13775,0.00139
test_13776,0.99705
test_13777,0.85248
test_13778,0.43719
test_13779,0.96654
test_13780,0.99998
test_13781,0.02061
test_13782,0.99726
test_13783,0.02914
test_13784,0.00302
test_13785,0.99995
test_13786,0.00682
test_13787,0.97195
test_13788,0.01640
test_13789,0.89273
test_13790,0.02088
test_13791,0.15185
test_13792,0.98741
test_13793,0.12539
test_13794,0.00091
test_13795,0.00655
test_13796,0.99985
test_13797,0.99386
test_13798,0.00565
test_13799,0.17346
test_13800,0.99873
test_13801,0.70022
test_13802,0.00302
test_13803,0.00001
test_13804,0.75447
test_13805,0.05495
test_13806,0.91603
test_13807,0.16025
test_13808,0.98619
test_13809,0.08393
test_13810,0.99950
test_13811,0.00386
test_13812,0.89395
test_13813,0.99146
test_13814,0.00014
test_13815,0.26690
test_13816,0.99753
test_13817,0.99997
test_13818,0.87651
test_13819,0.78975
test_13820,0.99958
test_13821,0.00089
test_13822,0.01608
test_13823,0.99713
test_13824,0.01893
test_13825,0.00775
test_13826,0.99980
test_13827,0.99520
test_13828,0.98736
test_13829,0.99990
test_13830,0.04566
test_13831,0.00127
test_13832,0.99150
test_13833,0.99855
test_13834,0.02487
test_13835,0.98118
test_13836,0.99393
test_13837,0.00832
test_13838,0.08060
test_13839,0.99982
test_13840,0.97892
test_13841,0.00009
test_13842,0.99940
test_13843,0.30241
test_13844,0.11350
test_13845,0.99859
test_13846,0.66564
test_13847,0.00078
test_13848,0.97743
test_13849,0.00685
test_13850,0.53318
test_13851,0.17441
test_13852,0.84089
test_13853,0.99999
test_13854,0.99472
test_13855,0.11085
test_13856,0.06210
test_13857,0.99827
test_13858,0.99862
test_13859,0.99994
test_13860,0.41410
test_13861,0.99997
test_13862,0.99934
test_13863,0.82541
test_13864,0.15749
test_13865,0.99903
test_13866,0.00000
test_13867,0.11908
test_13868,0.00180
test_13869,0.89909
test_13870,0.38224
test_13871,0.01439
test_13872,0.19773
test_13873,0.97066
test_13874,0.99752
test_13875,0.10789
test_13876,0.99870
test_13877,0.01125
test_13878,0.99925
test_13879,0.01832
test_13880,0.98995
test_13881,0.99991
test_13882,0.01091
test_13883,0.99206
test_13884,0.17996
test_13885,0.00441
test_13886,0.03066
test_13887,0.81620
test_13888,0.19942
test_13889,0.52263
test_13890,0.00011
test_13891,0.99989
test_13892,0.99968
test_13893,0.01397
test_13894,0.00016
test_13895,0.00006
test_13896,0.99393
test_13897,0.00057
test_13898,0.98454
test_13899,0.99807
test_13900,0.97721
test_13901,0.00462
test_13902,0.00228
test_13903,0.99209
test_13904,0.99957
test_13905,0.00010
test_13906,0.99981
test_13907,0.98762
test_13908,0.08752
test_13909,0.26977
test_13910,0.99924
test_13911,0.67042
test_13912,0.99698
test_13913,0.00335
test_13914,0.00054
test_13915,0.01166
test_13916,0.76578
test_13917,0.00144
test_13918,0.00027
test_13919,0.99996
test_13920,0.52089
test_13921,0.96530
test_13922,0.97057
test_13923,0.99934
test_13924,0.99916
test_13925,0.99981
test_13926,0.98786
test_13927,0.00101
test_13928,0.99870
test_13929,0.81322
test_13930,0.99883
test_13931,0.96172
test_13932,0.97896
test_13933,0.06893
test_13934,0.01325
test_13935,0.00995
test_13936,0.98360
test_13937,0.99887
test_13938,0.97041
test_13939,0.99996
test_13940,0.95904
test_13941,0.19525
test_13942,0.01676
test_13943,0.81175
test_13944,0.99831
test_13945,0.07838
test_13946,0.02548
test_13947,0.97602
test_13948,0.00000
test_13949,0.01556
test_13950,0.00413
test_13951,0.00649
test_13952,0.98651
test_13953,0.88421
test_13954,0.97707
test_13955,0.99990
test_13956,0.67366
test_13957,0.00978
test_13958,0.98648
test_13959,0.02207
test_13960,0.97469
test_13961,0.99999
test_13962,0.99923
test_13963,0.99658
test_13964,0.54802
test_13965,0.86168
test_13966,0.00191
test_13967,0.99884
test_13968,0.87711
test_13969,0.18959
test_13970,0.00225
test_13971,0.22049
test_13972,0.00890
test_13973,0.99990
test_13974,0.99309
test_13975,0.99964
test_13976,0.72261
test_13977,0.99633
test_13978,0.93903
test_13979,0.00033
test_13980,0.01474
test_13981,0.07973
test_13982,0.00390
test_13983,0.99849
test_13984,0.90114
test_13985,0.99992
test_13986,0.44828
test_13987,0.12363
test_13988,0.97720
test_13989,0.79985
test_13990,0.98772
test_13991,0.14364
test_13992,0.98534
test_13993,0.13480
test_13994,0.03991
test_13995,0.84996
test_13996,0.98969
test_13997,0.00114
test_13998,0.00126
test_13999,0.99994
test_14000,0.00004
test_14001,0.00043
test_14002,0.00193
test_14003,0.20911
test_14004,0.99843
test_14005,0.02950
test_14006,0.99396
test_14007,0.99976
test_14008,0.99872
test_14009,0.88035
test_14010,0.00013
test_14011,0.97308
test_14012,0.99907
test_14013,0.99253
test_14014,0.10446
test_14015,0.84546
test_14016,0.99963
test_14017,0.00049
test_14018,0.00226
test_14019,0.91265
test_14020,0.73252
test_14021,0.00219
test_14022,0.99978
test_14023,0.00098
test_14024,0.02595
test_14025,0.98446
test_14026,0.06167
test_14027,0.00183
test_14028,0.99364
test_14029,0.00009
test_14030,0.99972
test_14031,0.98477
test_14032,0.00029
test_14033,0.00109
test_14034,0.00074
test_14035,0.24742
test_14036,0.00004
test_14037,0.00186
test_14038,0.00068
test_14039,0.78476
test_14040,0.06243
test_14041,0.00040
test_14042,0.99234
test_14043,0.95837
test_14044,0.83323
test_14045,0.02657
test_14046,0.23303
test_14047,0.99147
test_14048,0.02780
test_14049,0.04907
test_14050,0.05839
test_14051,0.00440
test_14052,0.97933
test_14053,0.45813
test_14054,0.99951
test_14055,0.03452
test_14056,0.00101
test_14057,0.97285
test_14058,0.99661
test_14059,0.92139
test_14060,0.97703
test_14061,0.94784
test_14062,0.00476
test_14063,0.00004
test_14064,0.97975
test_14065,0.99941
test_14066,0.00083
test_14067,0.18609
test_14068,0.98811
test_14069,0.04120
test_14070,0.02627
test_14071,0.00114
test_14072,0.79272
test_14073,0.01374
test_14074,0.99966
test_14075,0.00833
test_14076,0.00050
test_14077,0.99987
test_14078,0.99087
test_14079,0.97902
test_14080,0.97176
test_14081,0.98035
test_14082,0.14556
test_14083,0.21475
test_14084,0.96849
test_14085,0.98830
test_14086,0.05608
test_14087,0.99995
test_14088,0.99353
test_14089,0.17891
test_14090,0.01215
test_14091,0.00047
test_14092,0.06802
test_14093,0.08518
test_14094,0.96835
test_14095,0.99179
test_14096,0.99727
test_14097,0.98292
test_14098,0.96023
test_14099,0.02470
test_14100,0.00834
test_14101,0.66363
test_14102,0.11953
test_14103,0.16770
test_14104,0.97893
test_14105,0.00094
test_14106,0.99898
test_14107,0.98555
test_14108,0.00018
test_14109,0.00148
test_14110,0.00948
test_14111,0.99968
test_14112,0.81831
test_14113,0.00049
test_14114,0.00164
test_14115,0.00001
test_14116,0.99667
test_14117,0.96358
test_14118,0.00058
test_14119,0.99998
test_14120,0.00174
test_14121,0.00002
test_14122,0.95742
test_14123,0.99684
test_14124,0.00359
test_14125,0.98925
test_14126,0.83585
test_14127,0.99464
test_14128,0.00317
test_14129,0.78615
test_14130,0.00002
test_14131,0.00071
test_14132,0.96351
test_14133,0.00523
test_14134,0.00022
test_14135,0.57995
test_14136,0.14331
test_14137,0.10261
test_14138,0.22502
test_14139,0.00342
test_14140,0.67161
test_14141,0.91456
test_14142,0.01380
test_14143,0.00184
test_14144,0.00001
test_14145,0.00920
test_14146,0.98860
test_14147,0.99999
test_14148,0.00006
test_14149,0.99779
test_14150,0.01197
test_14151,0.97756
test_14152,0.60536
test_14153,0.00054
test_14154,0.60915
test_14155,0.50783
test_14156,0.00006
test_14157,0.02426
test_14158,0.99209
test_14159,0.19836
test_14160,0.00580
test_14161,0.00671
test_14162,0.98407
test_14163,0.99712
test_14164,0.00531
test_14165,0.99766
test_14166,0.00329
test_14167,0.85469
test_14168,0.00016
test_14169,0.00013
test_14170,0.99999
test_14171,0.97994
test_14172,0.19323
test_14173,0.00004
test_14174,0.29010
test_14175,0.99886
test_14176,0.29045
test_14177,0.00062
test_14178,0.00006
test_14179,0.99981
test_14180,0.00576
test_14181,0.15496
test_14182,0.00928
test_14183,0.99853
test_14184,0.27049
test_14185,0.99797
test_14186,0.00019
test_14187,0.00228
test_14188,0.02375
test_14189,0.00032
test_14190,0.99761
test_14191,0.99983
test_14192,0.99854
test_14193,0.16903
test_14194,0.00562
test_14195,0.99927
test_14196,0.99949
test_14197,0.82674
test_14198,0.88399
test_14199,0.00092
test_14200,0.19255
test_14201,0.00373
test_14202,0.16366
test_14203,0.85788
test_14204,0.20875
test_14205,0.94873
test_14206,0.99265
test_14207,0.02274
test_14208,0.99270
test_14209,0.00656
test_14210,0.99864
test_14211,0.00010
test_14212,0.99276
test_14213,0.00152
test_14214,0.97477
test_14215,0.83975
test_14216,0.29421
test_14217,0.00006
test_14218,0.05301
test_14219,0.99993
test_14220,0.00001
test_14221,0.99520
test_14222,0.00133
test_14223,0.19239
test_14224,0.00072
test_14225,0.99915
test_14226,0.34590
test_14227,0.89067
test_14228,0.02462
test_14229,0.98680
test_14230,0.99987
test_14231,0.10866
test_14232,0.00744
test_14233,0.99599
test_14234,0.00256
test_14235,0.00035
test_14236,0.00164
test_14237,0.99999
test_14238,0.01688
test_14239,0.84104
test_14240,0.00059
test_14241,0.48414
test_14242,0.02657
test_14243,0.99912
test_14244,0.98822
test_14245,0.80229
test_14246,0.99972
test_14247,0.89244
test_14248,0.86685
test_14249,0.00456
test_14250,0.99991
test_14251,0.98569
test_14252,0.99053
test_14253,0.99983
test_14254,0.99257
test_14255,0.18542
test_14256,0.14832
test_14257,0.91484
test_14258,0.00004
test_14259,0.98836
test_14260,0.00145
test_14261,0.00010
test_14262,0.99453
test_14263,0.24098
test_14264,0.89198
test_14265,0.01000
test_14266,0.00020
test_14267,0.90349
test_14268,0.00057
test_14269,0.03677
test_14270,0.02748
test_14271,0.00074
test_14272,0.94655
test_14273,0.00006
test_14274,0.99947
test_14275,0.05636
test_14276,0.04099
test_14277,0.00017
test_14278,0.98917
test_14279,0.99971
test_14280,0.95402
test_14281,0.99756
test_14282,0.20776
test_14283,0.00033
test_14284,0.99979
test_14285,0.82665
test_14286,0.99960
test_14287,0.09673
test_14288,0.80452
test_14289,0.99968
test_14290,0.19620
test_14291,0.95589
test_14292,0.00417
test_14293,0.99182
test_14294,0.18124
test_14295,0.99990
test_14296,0.99913
test_14297,0.98610
test_14298,0.99992
test_14299,0.64408
test_14300,0.20262
test_14301,0.01188
test_14302,0.00087
test_14303,0.99911
test_14304,0.40934
test_14305,0.09982
test_14306,0.93193
test_14307,0.99912
test_14308,0.98838
test_14309,0.00005
test_14310,0.00003
test_14311,0.99988
test_14312,0.97319
test_14313,0.99687
test_14314,0.52416
test_14315,0.00003
test_14316,0.00050
test_14317,0.92612
test_14318,0.00228
test_14319,0.99943
test_14320,0.00151
test_14321,0.99974
test_14322,0.85683
test_14323,0.09901
test_14324,0.98284
test_14325,0.01181
test_14326,0.01113
test_14327,0.00008
test_14328,0.99970
test_14329,0.05903
test_14330,0.19054
test_14331,0.16334
test_14332,0.97458
test_14333,0.00902
test_14334,0.99880
test_14335,0.99470
test_14336,0.99986
test_14337,0.00034
test_14338,0.00271
test_14339,0.99984
test_14340,0.96017
test_14341,0.99927
test_14342,0.18387
test_14343,0.95172
test_14344,0.00322
test_14345,0.00080
test_14346,0.82047
test_14347,0.99997
test_14348,0.00015
test_14349,0.99925
test_14350,0.00160
test_14351,0.00055
test_14352,0.00016
test_14353,0.93550
test_14354,0.00002
test_14355,0.93853
test_14356,0.70662
test_14357,0.00020
test_14358,0.99734
test_14359,0.96265
test_14360,0.97789
test_14361,0.00039
test_14362,0.99974
test_14363,0.02147
test_14364,0.79381
test_14365,0.21190
test_14366,0.99335
test_14367,0.99582
test_14368,0.91552
test_14369,0.99269
test_14370,0.99935
test_14371,0.79638
test_14372,0.00689
test_14373,0.00913
test_14374,0.05080
test_14375,0.00234
test_14376,0.00733
test_14377,0.00173
test_14378,0.89035
test_14379,0.00565
test_14380,0.92295
test_14381,0.04128
test_14382,0.04599
test_14383,0.99591
test_14384,0.00011
test_14385,0.93299
test_14386,0.05034
test_14387,0.96266
test_14388,0.01683
test_14389,0.01689
test_14390,0.99899
test_14391,0.82312
test_14392,0.99531
test_14393,0.39656
test_14394,0.99814
test_14395,0.92363
test_14396,0.99978
test_14397,0.99970
test_14398,0.99965
test_14399,0.93683
test_14400,0.99839
test_14401,0.06378
test_14402,0.00263
test_14403,0.99375
test_14404,0.47216
test_14405,0.99132
test_14406,0.96537
test_14407,0.17595
test_14408,0.14847
test_14409,0.99097
test_14410,0.24814
test_14411,0.00003
test_14412,0.99755
test_14413,0.86899
test_14414,0.00283
test_14415,0.98591
test_14416,0.99926
test_14417,0.00341
test_14418,0.09535
test_14419,0.00010
test_14420,0.00049
test_14421,0.99804
test_14422,0.06930
test_14423,0.33386
test_14424,0.00172
test_14425,0.01634
test_14426,0.11098
test_14427,0.98140
test_14428,0.00210
test_14429,0.96442
test_14430,0.00099
test_14431,0.98414
test_14432,0.00093
test_14433,0.99937
test_14434,0.99947
test_14435,0.20359
test_14436,0.41117
test_14437,0.99638
test_14438,0.99805
test_14439,0.08710
test_14440,0.07262
test_14441,0.99932
test_14442,0.11992
test_14443,0.96523
test_14444,0.99823
test_14445,0.00099
test_14446,0.01820
test_14447,0.99984
test_14448,0.01096
test_14449,0.01080
test_14450,0.87635
test_14451,0.98542
test_14452,0.00290
test_14453,0.85985
test_14454,0.00032
test_14455,0.99850
test_14456,0.83166
test_14457,0.22934
test_14458,0.77736
test_14459,0.00206
test_14460,0.01623
test_14461,0.06971
test_14462,0.99383
test_14463,0.71004
test_14464,0.99884
test_14465,0.99931
test_14466,0.22062
test_14467,0.88972
test_14468,0.16498
test_14469,0.03450
test_14470,0.97476
test_14471,0.00512
test_14472,0.00013
test_14473,0.00707
test_14474,0.77592
test_14475,0.96283
test_14476,0.98605
test_14477,0.99886
test_14478,0.99987
test_14479,0.11942
test_14480,0.97877
test_14481,0.28995
test_14482,0.20614
test_14483,0.15475
test_14484,0.99994
test_14485,0.05228
test_14486,0.00119
test_14487,0.99464
test_14488,0.86594
test_14489,0.00014
test_14490,0.58872
test_14491,0.99553
test_14492,0.18038
test_14493,0.00020
test_14494,0.21048
test_14495,0.00054
test_14496,0.00106
test_14497,0.82458
test_14498,0.99483
test_14499,0.00356
test_14500,0.00528
test_14501,0.00023
test_14502,0.96061
test_14503,0.94708
test_14504,0.41015
test_14505,0.00136
test_14506,0.00003
test_14507,0.99854
test_14508,0.00154
test_14509,0.10381
test_14510,0.95284
test_14511,0.99947
test_14512,0.99905
test_14513,0.01696
test_14514,0.00864
test_14515,0.00131
test_14516,0.99120
test_14517,0.00025
test_14518,0.99456
test_14519,0.80962
test_14520,0.00244
test_14521,0.99714
test_14522,0.00581
test_14523,0.99883
test_14524,0.67150
test_14525,0.99942
test_14526,0.00037
test_14527,0.82126
test_14528,0.99991
test_14529,0.18103
test_14530,0.99755
test_14531,0.94683
test_14532,0.00029
test_14533,0.00566
test_14534,0.97234
test_14535,0.00148
test_14536,1.00000
test_14537,0.01457
test_14538,0.02353
test_14539,0.00059
test_14540,0.98538
test_14541,0.00040
test_14542,0.99470
test_14543,0.00026
test_14544,0.00766
test_14545,0.96118
test_14546,0.83423
test_14547,0.99631
test_14548,0.45276
test_14549,0.01710
test_14550,0.99822
test_14551,0.95540
test_14552,0.38472
test_14553,0.99955
test_14554,0.00270
test_14555,0.16555
test_14556,0.88362
test_14557,0.99896
test_14558,0.16119
test_14559,0.00196
test_14560,0.00032
test_14561,0.97621
test_14562,0.99998
test_14563,0.99357
test_14564,0.00012
test_14565,0.99855
test_14566,0.13747
test_14567,0.97888
test_14568,0.99981
test_14569,0.01617
test_14570,0.99378
test_14571,0.01009
test_14572,0.01745
test_14573,0.99851
test_14574,0.81971
test_14575,0.00010
test_14576,0.78724
test_14577,0.98856
test_14578,0.00003
test_14579,0.00010
test_14580,0.85141
test_14581,0.99873
test_14582,0.97456
test_14583,0.98122
test_14584,0.99570
test_14585,0.91850
test_14586,0.17540
test_14587,0.58181
test_14588,0.98415
test_14589,0.05416
test_14590,0.99553
test_14591,0.99997
test_14592,0.81937
test_14593,0.96369
test_14594,0.99986
test_14595,0.99871
test_14596,0.00001
test_14597,0.22502
test_14598,0.00021
test_14599,0.99970
test_14600,0.99995
test_14601,0.99996
test_14602,0.81606
test_14603,0.18259
test_14604,0.96991
test_14605,0.04704
test_14606,0.73570
test_14607,0.00504
test_14608,0.99959
test_14609,0.62059
test_14610,0.05777
test_14611,0.01017
test_14612,0.00040
test_14613,0.98297
test_14614,0.99822
test_14615,0.78948
test_14616,0.05367
test_14617,0.99013
test_14618,0.99762
test_14619,0.72615
test_14620,0.99114
test_14621,0.99994
test_14622,0.99833
test_14623,0.99997
test_14624,0.99799
test_14625,0.98424
test_14626,0.99994
test_14627,0.99748
test_14628,0.10575
test_14629,0.99955
test_14630,0.00001
test_14631,0.51462
test_14632,0.00052
test_14633,0.96727
test_14634,0.09388
test_14635,0.89867
test_14636,0.00030
test_14637,0.02759
test_14638,0.98438
test_14639,0.00000
test_14640,0.08212
test_14641,0.00052
test_14642,0.00269
test_14643,0.99029
test_14644,0.00447
test_14645,0.03771
test_14646,0.77150
test_14647,0.05636
test_14648,0.00142
test_14649,0.99723
test_14650,0.99923
test_14651,0.99569
test_14652,0.05930
test_14653,0.99840
test_14654,0.00105
test_14655,0.14422
test_14656,0.02078
test_14657,0.99997
test_14658,0.01231
test_14659,0.41343
test_14660,0.01977
test_14661,0.08414
test_14662,0.99973
test_14663,0.97932
test_14664,0.99986
test_14665,0.00102
test_14666,0.98564
test_14667,0.23017
test_14668,0.99926
test_14669,0.54485
test_14670,0.99660
test_14671,0.05137
test_14672,0.98242
test_14673,0.74697
test_14674,0.99702
test_14675,0.99637
test_14676,0.99999
test_14677,0.00367
test_14678,0.99972
test_14679,0.97690
test_14680,0.00476
test_14681,0.40955
test_14682,0.99982
test_14683,0.00031
test_14684,0.98707
test_14685,0.97648
test_14686,0.12120
test_14687,0.12303
test_14688,0.99859
test_14689,0.00127
test_14690,0.73786
test_14691,0.94721
test_14692,0.00012
test_14693,0.99523
test_14694,0.42279
test_14695,0.86182
test_14696,0.99963
test_14697,0.00063
test_14698,0.91471
test_14699,0.99999
test_14700,0.99826
test_14701,0.09119
test_14702,0.99999
test_14703,0.13912
test_14704,0.99879
test_14705,0.01124
test_14706,0.50667
test_14707,0.00053
test_14708,0.17500
test_14709,0.99974
test_14710,0.99796
test_14711,0.00029
test_14712,0.00038
test_14713,0.99932
test_14714,0.99916
test_14715,0.55254
test_14716,0.99860
test_14717,0.95857
test_14718,0.00064
test_14719,0.23500
test_14720,0.99972
test_14721,0.99824
test_14722,0.98900
test_14723,0.99990
test_14724,0.96385
test_14725,0.93379
test_14726,0.99215
test_14727,0.82767
test_14728,0.00042
test_14729,0.12986
test_14730,0.99963
test_14731,0.99973
test_14732,0.98610
test_14733,0.96521
test_14734,0.00223
test_14735,0.99948
test_14736,0.55659
test_14737,0.95978
test_14738,0.00033
test_14739,0.88974
test_14740,0.99990
test_14741,0.00001
test_14742,0.00124
test_14743,0.99977
test_14744,0.99975
test_14745,0.99928
test_14746,0.99701
test_14747,0.99961
test_14748,0.21824
test_14749,0.67006
test_14750,0.16598
test_14751,0.06012
test_14752,0.02661
test_14753,0.00065
test_14754,0.99497
test_14755,0.24198
test_14756,0.79255
test_14757,0.99887
test_14758,0.99729
test_14759,0.00196
test_14760,0.53375
test_14761,0.79168
test_14762,0.00016
test_14763,0.33377
test_14764,1.00000
test_14765,0.00005
test_14766,0.99967
test_14767,0.99927
test_14768,0.99971
test_14769,0.99598
test_14770,0.99050
test_14771,0.99949
test_14772,0.01564
test_14773,0.05983
test_14774,0.94967
test_14775,0.00238
test_14776,0.45000
test_14777,0.99822
test_14778,0.88042
test_14779,0.02033
test_14780,0.99910
test_14781,0.10782
test_14782,0.98939
test_14783,0.05180
test_14784,0.36420
test_14785,0.88855
test_14786,0.04029
test_14787,0.02527
test_14788,0.98868
test_14789,0.00941
test_14790,0.22303
test_14791,0.99863
test_14792,0.96796
test_14793,0.99977
test_14794,0.00188
test_14795,0.91754
test_14796,0.96219
test_14797,0.98453
test_14798,0.99988
test_14799,0.02940
test_14800,0.09098
test_14801,0.00406
test_14802,0.00043
test_14803,0.30266
test_14804,0.00003
test_14805,0.19864
test_14806,0.00030
test_14807,0.23832
test_14808,0.23667
test_14809,0.99961
test_14810,0.01225
test_14811,0.84294
test_14812,0.99919
test_14813,0.98878
test_14814,0.99433
test_14815,0.87416
test_14816,0.01377
test_14817,0.23233
test_14818,0.74256
test_14819,0.99975
test_14820,0.00374
test_14821,0.11088
test_14822,0.99652
test_14823,0.01725
test_14824,0.92363
test_14825,0.04766
test_14826,0.77193
test_14827,0.99810
test_14828,0.05347
test_14829,0.89246
test_14830,0.02183
test_14831,0.97611
test_14832,0.02617
test_14833,0.00022
test_14834,0.99954
test_14835,0.00036
test_14836,0.99590
test_14837,0.02459
test_14838,0.00253
test_14839,0.17264
test_14840,0.00378
test_14841,0.98545
test_14842,0.99973
test_14843,0.00229
test_14844,0.40545
test_14845,0.99938
test_14846,0.99990
test_14847,0.99423
test_14848,0.99557
test_14849,0.99975
test_14850,0.00349
test_14851,0.99737
test_14852,0.00917
test_14853,0.00003
test_14854,0.00867
test_14855,0.93378
test_14856,0.00773
test_14857,0.99978
test_14858,0.81931
test_14859,0.97663
test_14860,0.99853
test_14861,0.79858
test_14862,0.99989
test_14863,0.14414
test_14864,0.00028
test_14865,0.99948
test_14866,0.04920
test_14867,0.00149
test_14868,0.47514
test_14869,0.99997
test_14870,0.00454
test_14871,0.90177
test_14872,0.90462
test_14873,0.01021
test_14874,0.03320
test_14875,0.97582
test_14876,0.01759
test_14877,0.00012
test_14878,0.99476
test_14879,0.80868
test_14880,0.99447
test_14881,0.00432
test_14882,0.00019
test_14883,0.91123
test_14884,0.05859
test_14885,0.78389
test_14886,0.81504
test_14887,0.03451
test_14888,0.99263
test_14889,0.00873
test_14890,0.01135
test_14891,0.96247
test_14892,0.00090
test_14893,0.00613
test_14894,0.27120
test_14895,0.97683
test_14896,0.00123
test_14897,0.07825
test_14898,0.99756
test_14899,0.00221
test_14900,0.00332
test_14901,0.07129
test_14902,0.00052
test_14903,0.99966
test_14904,0.85345
test_14905,0.99996
test_14906,0.99969
test_14907,0.05512
test_14908,0.00259
test_14909,0.00197
test_14910,0.08750
test_14911,0.99972
test_14912,0.99929
test_14913,0.98930
test_14914,0.99890
test_14915,0.02998
test_14916,0.98236
test_14917,0.80188
test_14918,0.00403
test_14919,0.03172
test_14920,0.01912
test_14921,0.00155
test_14922,0.00173
test_14923,0.00009
test_14924,0.79854
test_14925,0.99946
test_14926,0.03132
test_14927,0.00122
test_14928,0.99981
test_14929,0.00214
test_14930,0.10844
test_14931,0.99980
test_14932,0.00750
test_14933,0.04075
test_14934,0.01153
test_14935,0.00064
test_14936,0.74093
test_14937,0.81405
test_14938,0.20439
test_14939,0.17340
test_14940,0.01309
test_14941,0.88652
test_14942,0.99653
test_14943,0.00732
test_14944,0.89571
test_14945,0.18337
test_14946,0.00894
test_14947,0.90231
test_14948,0.79869
test_14949,0.77325
test_14950,0.96688
test_14951,0.00015
test_14952,0.00321
test_14953,0.99878
test_14954,0.00004
test_14955,0.00064
test_14956,0.05030
test_14957,0.97715
test_14958,0.00002
test_14959,0.00404
test_14960,0.98024
test_14961,0.99919
test_14962,0.95773
test_14963,0.78793
test_14964,0.00878
test_14965,0.99818
test_14966,0.99883
test_14967,0.02408
test_14968,0.00006
test_14969,0.00036
test_14970,0.00026
test_14971,0.00167
test_14972,0.96458
test_14973,0.03231
test_14974,0.99994
test_14975,0.99964
test_14976,0.02022
test_14977,0.00010
test_14978,0.14387
test_14979,0.00062
test_14980,0.99999
test_14981,0.14109
test_14982,0.96975
test_14983,0.80111
test_14984,0.17700
test_14985,0.23417
test_14986,0.98785
test_14987,0.00017
test_14988,0.00190
test_14989,0.99985
test_14990,0.20107
test_14991,0.99992
test_14992,0.97496
test_14993,0.99966
test_14994,0.64585
test_14995,0.19170
test_14996,0.98921
test_14997,0.00033
test_14998,0.99985
test_14999,0.57081
test_15000,0.87654
test_15001,0.96203
test_15002,0.00276
test_15003,0.00019
test_15004,0.20933
test_15005,0.01058
test_15006,0.00088
test_15007,0.18333
test_15008,0.93188
test_15009,0.00045
test_15010,0.00203
test_15011,0.00023
test_15012,0.00908
test_15013,0.99581
test_15014,0.92110
test_15015,0.93825
test_15016,0.00207
test_15017,0.03928
test_15018,0.92415
test_15019,0.02292
test_15020,0.87634
test_15021,0.16303
test_15022,0.00052
test_15023,0.87231
test_15024,0.99724
test_15025,0.01061
test_15026,0.01514
test_15027,0.00129
test_15028,0.18547
test_15029,0.95637
test_15030,0.01433
test_15031,0.00245
test_15032,0.00395
test_15033,0.00181
test_15034,0.99943
test_15035,0.98825
test_15036,0.02155
test_15037,0.08962
test_15038,0.85308
test_15039,0.18675
test_15040,0.96309
test_15041,0.02499
test_15042,0.99822
test_15043,0.00137
test_15044,0.76576
test_15045,0.09503
test_15046,0.00049
test_15047,0.99968
test_15048,0.99829
test_15049,0.99631
test_15050,0.99953
test_15051,0.99864
test_15052,0.94192
test_15053,0.00116
test_15054,0.03087
test_15055,0.00029
test_15056,0.93379
test_15057,0.99347
test_15058,0.92568
test_15059,0.99961
test_15060,0.21902
test_15061,0.98341
test_15062,0.99916
test_15063,0.99897
test_15064,0.01539
test_15065,0.99722
test_15066,0.03189
test_15067,0.87996
test_15068,0.29655
test_15069,0.00749
test_15070,0.99447
test_15071,0.04771
test_15072,0.99116
test_15073,0.00012
test_15074,0.00448
test_15075,0.00004
test_15076,0.98825
test_15077,0.66187
test_15078,0.00407
test_15079,0.12836
test_15080,0.03364
test_15081,0.87593
test_15082,0.99553
test_15083,0.99923
test_15084,0.99786
test_15085,0.99997
test_15086,0.00317
test_15087,0.99669
test_15088,0.94640
test_15089,0.00040
test_15090,0.00129
test_15091,0.97992
test_15092,0.99876
test_15093,0.25390
test_15094,0.92438
test_15095,0.11271
test_15096,0.01376
test_15097,0.99951
test_15098,0.00045
test_15099,0.98151
test_15100,0.50835
test_15101,0.00108
test_15102,0.99285
test_15103,0.03848
test_15104,0.79117
test_15105,0.79022
test_15106,0.99693
test_15107,0.01415
test_15108,0.00021
test_15109,0.61264
test_15110,0.99879
test_15111,0.99800
test_15112,0.97825
test_15113,0.66602
test_15114,0.99314
test_15115,0.99999
test_15116,0.99988
test_15117,0.83561
test_15118,0.49678
test_15119,0.00031
test_15120,0.03209
test_15121,0.00030
test_15122,0.43422
test_15123,0.28994
test_15124,0.00005
test_15125,0.85600
test_15126,0.00112
test_15127,0.99961
test_15128,0.04000
test_15129,0.00032
test_15130,0.00004
test_15131,0.88376
test_15132,0.02300
test_15133,0.99976
test_15134,0.99896
test_15135,0.99453
test_15136,0.99825
test_15137,0.68850
test_15138,0.99863
test_15139,0.00211
test_15140,0.00071
test_15141,0.99848
test_15142,0.99952
test_15143,0.05079
test_15144,0.00170
test_15145,0.92473
test_15146,0.98375
test_15147,0.00543
test_15148,0.06193
test_15149,0.07722
test_15150,0.08137
test_15151,0.98314
test_15152,0.00662
test_15153,0.00050
test_15154,0.99884
test_15155,0.01497
test_15156,0.20282
test_15157,0.99912
test_15158,0.00002
test_15159,0.00076
test_15160,0.95517
test_15161,0.99953
test_15162,0.91825
test_15163,0.00135
test_15164,0.99000
test_15165,0.00968
test_15166,0.00296
test_15167,0.79301
test_15168,0.01600
test_15169,0.00382
test_15170,0.02576
test_15171,0.94416
test_15172,0.00743
test_15173,0.00084
test_15174,0.03540
test_15175,0.99877
test_15176,0.99527
test_15177,0.04408
test_15178,0.00731
test_15179,0.00097
test_15180,0.99990
test_15181,0.00007
test_15182,0.87589
test_15183,0.00185
test_15184,0.99476
test_15185,0.99357
test_15186,0.96669
test_15187,0.80332
test_15188,0.99960
test_15189,0.85243
test_15190,0.00001
test_15191,0.00404
test_15192,0.10525
test_15193,0.01445
test_15194,0.02022
test_15195,0.00005
test_15196,0.02826
test_15197,0.99972
test_15198,0.00008
test_15199,0.01036
test_15200,0.00047
test_15201,0.96880
test_15202,0.99996
test_15203,0.00013
test_15204,0.98896
test_15205,0.96193
test_15206,0.99947
test_15207,0.75647
test_15208,0.03237
test_15209,0.00032
test_15210,0.00116
test_15211,0.06611
test_15212,0.00094
test_15213,0.99919
test_15214,0.99996
test_15215,0.99597
test_15216,0.99129
test_15217,0.08568
test_15218,0.99977
test_15219,0.99847
test_15220,0.07509
test_15221,0.00090
test_15222,0.99986
test_15223,0.03709
test_15224,0.15777
test_15225,0.01427
test_15226,0.89045
test_15227,0.00050
test_15228,0.99802
test_15229,0.00218
test_15230,0.99895
test_15231,0.99963
test_15232,0.88153
test_15233,0.01343
test_15234,0.69457
test_15235,0.00016
test_15236,0.96426
test_15237,0.00373
test_15238,0.99979
test_15239,0.01206
test_15240,0.99993
test_15241,0.98374
test_15242,0.00010
test_15243,0.00451
test_15244,0.00427
test_15245,0.80470
test_15246,0.11964
test_15247,0.99967
test_15248,0.85138
test_15249,0.08545
test_15250,0.99761
test_15251,0.99959
test_15252,0.91847
test_15253,0.97136
test_15254,0.00054
test_15255,0.00017
test_15256,0.00058
test_15257,0.85635
test_15258,0.00036
test_15259,0.10532
test_15260,0.99562
test_15261,0.98823
test_15262,0.82666
test_15263,0.99923
test_15264,0.00186
test_15265,0.15902
test_15266,0.99815
test_15267,0.00191
test_15268,0.00005
test_15269,0.95726
test_15270,0.99995
test_15271,0.00096
test_15272,0.99942
test_15273,0.79764
test_15274,0.02021
test_15275,0.00589
test_15276,0.19980
test_15277,0.00919
test_15278,0.99998
test_15279,0.99740
test_15280,0.99655
test_15281,0.00002
test_15282,0.99826
test_15283,0.99570
test_15284,0.77700
test_15285,0.01831
test_15286,0.27979
test_15287,0.72599
test_15288,0.00836
test_15289,0.00046
test_15290,0.98156
test_15291,0.08706
test_15292,0.00144
test_15293,0.00186
test_15294,0.99947
test_15295,0.35900
test_15296,0.99883
test_15297,0.99927
test_15298,0.00006
test_15299,0.12903
test_15300,0.09366
test_15301,0.00180
test_15302,0.00717
test_15303,0.91988
test_15304,0.99383
test_15305,0.99999
test_15306,0.88988
test_15307,0.95928
test_15308,0.07126
test_15309,0.99934
test_15310,0.03752
test_15311,0.00055
test_15312,0.00054
test_15313,0.16922
test_15314,0.19994
test_15315,0.96320
test_15316,0.98369
test_15317,0.22769
test_15318,0.06491
test_15319,0.01697
test_15320,0.07933
test_15321,0.86080
test_15322,0.18069
test_15323,0.82686
test_15324,0.99950
test_15325,0.99989
test_15326,0.82660
test_15327,0.91335
test_15328,0.00091
test_15329,0.99952
test_15330,0.00254
test_15331,0.99817
test_15332,0.99157
test_15333,0.00001
test_15334,0.54855
test_15335,0.11184
test_15336,0.97847
test_15337,0.99978
test_15338,0.00615
test_15339,0.30910
test_15340,0.95912
test_15341,0.98366
test_15342,0.01044
test_15343,0.00102
test_15344,0.99993
test_15345,0.86698
test_15346,0.08326
test_15347,0.87198
test_15348,0.00096
test_15349,0.99981
test_15350,0.00652
test_15351,0.00009
test_15352,0.12581
test_15353,0.85761
test_15354,0.82155
test_15355,0.99070
test_15356,0.00464
test_15357,0.00554
test_15358,0.20545
test_15359,0.99988
test_15360,0.99983
test_15361,0.96477
test_15362,0.01356
test_15363,0.62602
test_15364,0.99036
test_15365,0.00892
test_15366,0.16356
test_15367,0.99954
test_15368,0.79626
test_15369,0.99884
test_15370,0.00941
test_15371,0.26712
test_15372,0.00021
test_15373,0.03280
test_15374,0.92894
test_15375,0.07623
test_15376,0.99969
test_15377,0.99745
test_15378,0.98678
test_15379,0.99954
test_15380,0.99930
test_15381,0.99928
test_15382,0.00335
test_15383,0.00235
test_15384,0.00174
test_15385,0.08745
test_15386,0.99679
test_15387,0.99690
test_15388,0.99874
test_15389,0.96761
test_15390,0.05833
test_15391,0.99647
test_15392,0.03244
test_15393,0.99703
test_15394,0.01276
test_15395,0.99989
test_15396,0.00004
test_15397,0.99599
test_15398,0.99985
test_15399,0.20616
test_15400,0.99438
test_15401,0.92347
test_15402,0.93478
test_15403,0.56340
test_15404,0.27149
test_15405,0.99523
test_15406,0.55323
test_15407,0.99939
test_15408,0.30460
test_15409,0.99740
test_15410,0.20028
test_15411,0.97728
test_15412,0.99974
test_15413,0.99902
test_15414,0.99939
test_15415,0.54360
test_15416,0.00437
test_15417,0.99131
test_15418,0.99997
test_15419,0.99941
test_15420,0.99936
test_15421,0.92643
test_15422,0.07034
test_15423,0.19326
test_15424,0.99990
test_15425,0.99860
test_15426,0.88890
test_15427,0.99937
test_15428,0.99977
test_15429,0.28580
test_15430,0.99762
test_15431,0.99964
test_15432,0.00048
test_15433,0.17265
test_15434,0.99494
test_15435,0.99903
test_15436,0.01344
test_15437,0.99647
test_15438,0.01451
test_15439,0.99674
test_15440,0.01707
test_15441,0.92873
test_15442,0.01694
test_15443,0.01062
test_15444,0.00744
test_15445,0.99932
test_15446,0.97829
test_15447,0.00750
test_15448,0.97762
test_15449,0.00479
test_15450,0.99980
test_15451,0.00014
test_15452,0.97268
test_15453,0.87898
test_15454,0.02601
test_15455,0.99999
test_15456,0.99584
test_15457,0.00241
test_15458,0.00767
test_15459,0.05864
test_15460,0.98565
test_15461,0.88983
test_15462,0.99193
test_15463,0.00042
test_15464,0.00783
test_15465,0.99964
test_15466,0.99204
test_15467,0.46327
test_15468,0.93369
test_15469,0.07400
test_15470,0.98565
test_15471,0.07365
test_15472,0.00017
test_15473,0.16022
test_15474,0.00649
test_15475,0.18442
test_15476,0.09801
test_15477,0.93012
test_15478,0.99998
test_15479,0.99905
test_15480,0.39074
test_15481,0.99905
test_15482,0.40409
test_15483,0.99628
test_15484,0.00177
test_15485,0.99567
test_15486,0.24853
test_15487,0.04032
test_15488,0.02908
test_15489,0.01104
test_15490,0.00222
test_15491,0.00069
test_15492,0.99995
test_15493,0.00119
test_15494,0.96255
test_15495,0.11062
test_15496,0.00265
test_15497,0.95780
test_15498,0.96364
test_15499,0.99816
test_15500,0.00014
test_15501,0.99992
test_15502,0.99866
test_15503,0.99823
test_15504,0.98265
test_15505,0.99527
test_15506,0.98637
test_15507,0.00838
test_15508,0.99811
test_15509,0.00243
test_15510,0.18802
test_15511,0.99994
test_15512,0.00197
test_15513,0.90796
test_15514,0.99969
test_15515,0.94166
test_15516,0.99262
test_15517,0.01065
test_15518,0.00585
test_15519,0.99992
test_15520,0.00882
test_15521,0.99733
test_15522,0.97271
test_15523,0.00018
test_15524,0.00479
test_15525,0.00342
test_15526,0.99982
test_15527,0.99954
test_15528,0.00307
test_15529,0.01308
test_15530,0.99420
test_15531,0.02355
test_15532,0.36690
test_15533,0.00285
test_15534,0.00072
test_15535,0.00004
test_15536,0.01304
test_15537,0.99948
test_15538,0.40241
test_15539,0.00293
test_15540,0.00018
test_15541,0.99950
test_15542,0.01561
test_15543,0.05732
test_15544,0.84563
test_15545,0.73074
test_15546,0.08149
test_15547,0.00014
test_15548,0.00004
test_15549,0.03064
test_15550,0.99063
test_15551,0.00002
test_15552,0.00007
test_15553,0.99827
test_15554,0.01281
test_15555,0.96990
test_15556,0.86114
test_15557,0.00047
test_15558,0.16852
test_15559,0.75260
test_15560,0.99035
test_15561,0.28208
test_15562,0.99949
test_15563,0.99573
test_15564,0.00012
test_15565,0.03354
test_15566,0.99902
test_15567,0.01684
test_15568,0.93641
test_15569,0.00032
test_15570,0.99982
test_15571,0.21887
test_15572,0.00334
test_15573,0.98219
test_15574,0.99733
test_15575,0.00043
test_15576,0.99894
test_15577,0.80498
test_15578,0.99968
test_15579,0.99319
test_15580,0.99982
test_15581,0.00007
test_15582,0.94606
test_15583,0.00595
test_15584,0.00276
test_15585,0.99930
test_15586,0.99993
test_15587,0.05701
test_15588,0.11298
test_15589,0.99980
test_15590,0.00003
test_15591,0.20379
test_15592,0.96281
test_15593,0.99960
test_15594,0.95536
test_15595,0.00614
test_15596,0.99133
test_15597,0.99762
test_15598,0.09577
test_15599,0.00588
test_15600,0.13702
test_15601,0.82183
test_15602,0.00018
test_15603,0.02930
test_15604,0.09705
test_15605,0.01640
test_15606,0.33113
test_15607,0.99538
test_15608,0.13767
test_15609,0.99953
test_15610,0.48161
test_15611,0.86624
test_15612,0.99831
test_15613,0.99428
test_15614,0.21690
test_15615,0.00663
test_15616,0.00658
test_15617,0.94667
test_15618,0.00027
test_15619,0.99861
test_15620,0.01248
test_15621,0.99941
test_15622,0.00125
test_15623,0.00768
test_15624,0.01042
test_15625,0.00309
test_15626,0.98906
test_15627,0.98905
test_15628,0.01731
test_15629,0.00015
test_15630,0.00503
test_15631,0.99980
test_15632,0.89248
test_15633,0.99432
test_15634,0.00009
test_15635,0.00059
test_15636,0.99836
test_15637,0.99967
test_15638,0.99998
test_15639,0.07809
test_15640,0.99698
test_15641,0.99944
test_15642,0.79317
test_15643,0.99414
test_15644,0.00928
test_15645,0.99940
test_15646,0.99986
test_15647,0.00020
test_15648,0.16834
test_15649,0.22296
test_15650,0.99986
test_15651,0.00058
test_15652,0.99364
test_15653,0.00453
test_15654,0.99782
test_15655,0.26885
test_15656,0.92853
test_15657,0.16220
test_15658,0.98251
test_15659,0.00064
test_15660,0.04390
test_15661,0.00162
test_15662,0.15442
test_15663,0.96303
test_15664,0.00046
test_15665,0.99772
test_15666,0.99979
test_15667,0.00023
test_15668,0.99997
test_15669,0.99804
test_15670,0.11130
test_15671,0.94828
test_15672,0.99998
test_15673,0.00045
test_15674,0.19893
test_15675,0.92876
test_15676,0.00036
test_15677,0.00483
test_15678,0.99905
test_15679,0.96088
test_15680,0.99749
test_15681,0.70872
test_15682,0.01099
test_15683,0.21182
test_15684,0.99576
test_15685,0.00006
test_15686,0.30299
test_15687,0.99513
test_15688,0.99094
test_15689,0.00376
test_15690,0.00214
test_15691,0.00012
test_15692,0.00009
test_15693,0.99796
test_15694,0.19092
test_15695,0.01603
test_15696,0.98969
test_15697,0.99451
test_15698,0.00049
test_15699,0.99713
test_15700,0.00042
test_15701,0.97173
test_15702,0.98432
test_15703,0.81023
test_15704,0.00604
test_15705,0.04970
test_15706,0.99279
test_15707,0.99994
test_15708,0.36002
test_15709,0.99903
test_15710,0.99949
test_15711,0.99839
test_15712,0.00544
test_15713,0.80892
test_15714,0.45282
test_15715,0.99594
test_15716,0.26374
test_15717,0.28990
test_15718,0.99600
test_15719,0.01108
test_15720,0.98372
test_15721,0.99885
test_15722,0.99443
test_15723,0.99734
test_15724,0.99439
test_15725,0.90293
test_15726,0.96447
test_15727,0.12261
test_15728,0.05710
test_15729,0.20247
test_15730,0.12828
test_15731,0.01481
test_15732,0.99823
test_15733,0.95171
test_15734,0.01950
test_15735,0.76058
test_15736,0.00016
test_15737,0.99996
test_15738,0.12993
test_15739,0.97854
test_15740,0.00236
test_15741,0.99788
test_15742,0.99955
test_15743,0.99994
test_15744,0.18661
test_15745,0.90726
test_15746,0.99996
test_15747,0.99443
test_15748,0.19234
test_15749,0.99446
test_15750,0.35694
test_15751,0.99993
test_15752,0.78575
test_15753,0.99548
test_15754,0.00026
test_15755,0.99653
test_15756,0.00161
test_15757,0.99825
test_15758,0.72961
test_15759,0.00467
test_15760,0.91629
test_15761,0.87861
test_15762,0.94575
test_15763,0.29711
test_15764,0.98222
test_15765,0.99306
test_15766,0.08679
test_15767,0.89931
test_15768,0.01916
test_15769,0.00361
test_15770,0.84900
test_15771,0.00187
test_15772,0.78851
test_15773,0.01690
test_15774,0.99823
test_15775,0.99947
test_15776,0.00013
test_15777,0.00212
test_15778,0.00064
test_15779,0.00450
test_15780,0.09238
test_15781,0.00228
test_15782,0.95067
test_15783,0.99835
test_15784,0.03412
test_15785,0.16178
test_15786,0.99324
test_15787,0.15745
test_15788,0.10520
test_15789,0.00019
test_15790,0.98859
test_15791,0.73587
test_15792,0.99810
test_15793,0.65498
test_15794,0.97612
test_15795,0.00458
test_15796,0.21168
test_15797,0.00289
test_15798,0.11963
test_15799,0.09816
test_15800,0.70748
test_15801,0.83555
test_15802,0.02897
test_15803,0.02675
test_15804,0.00003
test_15805,0.99405
test_15806,0.00051
test_15807,0.91103
test_15808,0.99779
test_15809,0.56424
test_15810,0.00008
test_15811,0.97644
test_15812,0.00542
test_15813,0.97855
test_15814,0.54023
test_15815,0.00434
test_15816,0.78977
test_15817,0.02121
test_15818,0.60738
test_15819,0.99893
test_15820,0.00119
test_15821,0.99903
test_15822,0.83954
test_15823,0.00059
test_15824,0.20712
test_15825,0.01563
test_15826,0.05155
test_15827,0.98499
test_15828,0.99390
test_15829,0.83559
test_15830,0.00096
test_15831,0.00020
test_15832,0.99974
test_15833,0.98567
test_15834,0.01636
test_15835,0.01213
test_15836,0.99947
test_15837,0.99848
test_15838,0.00575
test_15839,0.99953
test_15840,0.99939
test_15841,0.00002
test_15842,0.95907
test_15843,0.06670
test_15844,0.13078
test_15845,0.99942
test_15846,0.36272
test_15847,0.00127
test_15848,0.23199
test_15849,0.89306
test_15850,0.00546
test_15851,0.55267
test_15852,0.00134
test_15853,0.99908
test_15854,0.98896
test_15855,0.98419
test_15856,0.96226
test_15857,0.00014
test_15858,0.98800
test_15859,0.99928
test_15860,0.00067
test_15861,0.92567
test_15862,0.01284
test_15863,0.99419
test_15864,0.99766
test_15865,0.86418
test_15866,0.99967
test_15867,0.99948
test_15868,0.83908
test_15869,0.00010
test_15870,0.00186
test_15871,0.79870
test_15872,0.00125
test_15873,0.07021
test_15874,0.00189
test_15875,0.00013
test_15876,0.00680
test_15877,0.00012
test_15878,0.90466
test_15879,0.48618
test_15880,0.03164
test_15881,0.00002
test_15882,0.92973
test_15883,0.00014
test_15884,0.99847
test_15885,0.92981
test_15886,0.15668
test_15887,0.99894
test_15888,0.48031
test_15889,0.61477
test_15890,0.84640
test_15891,0.87453
test_15892,0.94588
test_15893,0.02433
test_15894,0.00053
test_15895,0.99926
test_15896,0.99101
test_15897,0.98236
test_15898,0.80104
test_15899,0.15366
test_15900,0.99993
test_15901,0.95528
test_15902,0.01269
test_15903,0.17628
test_15904,0.00023
test_15905,0.99845
test_15906,0.00160
test_15907,0.98055
test_15908,0.00062
test_15909,0.99615
test_15910,0.99527
test_15911,0.00125
test_15912,0.63388
test_15913,0.84231
test_15914,0.99947
test_15915,0.00181
test_15916,0.00291
test_15917,0.02556
test_15918,0.00686
test_15919,0.99645
test_15920,0.99007
test_15921,0.99743
test_15922,0.00227
test_15923,0.99063
test_15924,0.02758
test_15925,0.65256
test_15926,0.99787
test_15927,0.99999
test_15928,0.97867
test_15929,0.99982
test_15930,0.19506
test_15931,0.01470
test_15932,0.99740
test_15933,0.99702
test_15934,0.00233
test_15935,0.99995
test_15936,0.31580
test_15937,0.98843
test_15938,0.99945
test_15939,0.99464
test_15940,0.90368
test_15941,0.99774
test_15942,0.00041
test_15943,0.99953
test_15944,0.01474
test_15945,0.99829
test_15946,0.01158
test_15947,0.00158
test_15948,0.81185
test_15949,0.99908
test_15950,0.00032
test_15951,0.00003
test_15952,0.84944
test_15953,0.23324
test_15954,0.99156
test_15955,0.00534
test_15956,0.01075
test_15957,0.01389
test_15958,0.81179
test_15959,0.99946
test_15960,0.50344
test_15961,0.98829
test_15962,0.99674
test_15963,0.63871
test_15964,0.99388
test_15965,0.00177
test_15966,0.98890
test_15967,0.08160
test_15968,0.00509
test_15969,0.09469
test_15970,0.98630
test_15971,0.00943
test_15972,0.12626
test_15973,0.00557
test_15974,0.09142
test_15975,0.02442
test_15976,0.25311
test_15977,0.94774
test_15978,0.96605
test_15979,0.93698
test_15980,0.15689
test_15981,0.99985
test_15982,0.00025
test_15983,0.99996
test_15984,0.99916
test_15985,0.00030
test_15986,0.07541
test_15987,0.00075
test_15988,0.99586
test_15989,0.03117
test_15990,0.81911
test_15991,0.99269
test_15992,0.00154
test_15993,0.98421
test_15994,0.00001
test_15995,0.73533
test_15996,0.06799
test_15997,0.16851
test_15998,0.03275
test_15999,0.61201
test_16000,0.00011
test_16001,0.82858
test_16002,0.00012
test_16003,0.98899
test_16004,0.00001
test_16005,0.00070
test_16006,0.26769
test_16007,0.66899
test_16008,0.22935
test_16009,0.00029
test_16010,0.80394
test_16011,0.00277
test_16012,0.00140
test_16013,0.99921
test_16014,0.01927
test_16015,0.00269
test_16016,0.53740
test_16017,0.01323
test_16018,0.99208
test_16019,0.00390
test_16020,0.99821
test_16021,0.99999
test_16022,0.99556
test_16023,0.00014
test_16024,0.00282
test_16025,0.08370
test_16026,0.99103
test_16027,0.99110
test_16028,0.00894
test_16029,0.00035
test_16030,0.05942
test_16031,0.24294
test_16032,0.90608
test_16033,0.00016
test_16034,0.99981
test_16035,0.00121
test_16036,0.00053
test_16037,0.00208
test_16038,0.00830
test_16039,0.16668
test_16040,0.00003
test_16041,0.99987
test_16042,0.99446
test_16043,0.99939
test_16044,0.99307
test_16045,0.98638
test_16046,0.00042
test_16047,0.07811
test_16048,0.99938
test_16049,0.15646
test_16050,0.58828
test_16051,0.91714
test_16052,0.00012
test_16053,0.81315
test_16054,0.00245
test_16055,0.00040
test_16056,0.80479
test_16057,0.80555
test_16058,0.06514
test_16059,0.99417
test_16060,0.40258
test_16061,0.99855
test_16062,0.00157
test_16063,0.68490
test_16064,0.98983
test_16065,0.99974
test_16066,0.90049
test_16067,0.99107
test_16068,0.01359
test_16069,0.10812
test_16070,0.31690
test_16071,0.98401
test_16072,0.99652
test_16073,0.00013
test_16074,0.00679
test_16075,0.95086
test_16076,0.83773
test_16077,0.99964
test_16078,0.77741
test_16079,0.83886
test_16080,0.99926
test_16081,0.93814
test_16082,0.84811
test_16083,0.24983
test_16084,0.00014
test_16085,0.01177
test_16086,0.99983
test_16087,0.99717
test_16088,0.99980
test_16089,0.00245
test_16090,0.20422
test_16091,0.79975
test_16092,0.43047
test_16093,0.08422
test_16094,0.99999
test_16095,0.99179
test_16096,0.99991
test_16097,0.20225
test_16098,0.75247
test_16099,0.99960
test_16100,0.00057
test_16101,0.00012
test_16102,0.99777
test_16103,0.00183
test_16104,0.01347
test_16105,0.90331
test_16106,0.98979
test_16107,0.99805
test_16108,0.21636
test_16109,0.99973
test_16110,0.01471
test_16111,0.82325
test_16112,0.99994
test_16113,0.99667
test_16114,0.19501
test_16115,0.00102
test_16116,0.01362
test_16117,0.99986
test_16118,0.97348
test_16119,0.99775
test_16120,0.00121
test_16121,0.99451
test_16122,0.01685
test_16123,0.99948
test_16124,0.99405
test_16125,0.99938
test_16126,0.13707
test_16127,0.99668
test_16128,0.12893
test_16129,0.00941
test_16130,0.99968
test_16131,0.09242
test_16132,0.87581
test_16133,0.00360
test_16134,0.99882
test_16135,0.99887
test_16136,0.99927
test_16137,0.99998
test_16138,0.39830
test_16139,0.99909
test_16140,0.14502
test_16141,0.20400
test_16142,0.02845
test_16143,0.85987
test_16144,0.82050
test_16145,0.31592
test_16146,0.00093
test_16147,0.00194
test_16148,0.06325
test_16149,0.01931
test_16150,0.43416
test_16151,0.99398
test_16152,0.05506
test_16153,0.99976
test_16154,0.03082
test_16155,0.99994
test_16156,0.94153
test_16157,0.05802
test_16158,0.00061
test_16159,0.36444
test_16160,0.24742
test_16161,0.96899
test_16162,0.97342
test_16163,0.00004
test_16164,0.34276
test_16165,0.07950
test_16166,0.00010
test_16167,0.01804
test_16168,0.00136
test_16169,0.99959
test_16170,0.97895
test_16171,0.00809
test_16172,0.00896
test_16173,0.97695
test_16174,0.00021
test_16175,0.91086
test_16176,0.04670
test_16177,0.02898
test_16178,0.00074
test_16179,0.00055
test_16180,0.01204
test_16181,0.99950
test_16182,0.05923
test_16183,0.00134
test_16184,0.98871
test_16185,0.99756
test_16186,0.00166
test_16187,0.09577
test_16188,0.00597
test_16189,0.89166
test_16190,0.51521
test_16191,0.03964
test_16192,0.77102
test_16193,0.99984
test_16194,0.00455
test_16195,0.99938
test_16196,0.00332
test_16197,0.80252
test_16198,0.00079
test_16199,0.85415
test_16200,0.23657
test_16201,0.00138
test_16202,0.99516
test_16203,0.99889
test_16204,0.99969
test_16205,0.98772
test_16206,0.99990
test_16207,0.99584
test_16208,0.84139
test_16209,0.51006
test_16210,0.99998
test_16211,0.99995
test_16212,0.99952
test_16213,0.97677
test_16214,0.00012
test_16215,0.83547
test_16216,0.99787
test_16217,0.01401
test_16218,0.93503
test_16219,0.99709
test_16220,0.99554
test_16221,0.98986
test_16222,0.93567
test_16223,0.83449
test_16224,0.99989
test_16225,0.90702
test_16226,0.97279
test_16227,0.17062
test_16228,0.07339
test_16229,0.81348
test_16230,0.99978
test_16231,0.94827
test_16232,0.00610
test_16233,0.00048
test_16234,0.83507
test_16235,0.99015
test_16236,0.00807
test_16237,0.99521
test_16238,0.07698
test_16239,0.01039
test_16240,0.88589
test_16241,0.00099
test_16242,0.26934
test_16243,0.90833
test_16244,0.20566
test_16245,0.99986
test_16246,0.93305
test_16247,0.00044
test_16248,0.99996
test_16249,0.00004
test_16250,0.99401
test_16251,0.20733
test_16252,0.00154
test_16253,0.79787
test_16254,0.99823
test_16255,0.02652
test_16256,0.04952
test_16257,0.30459
test_16258,0.00010
test_16259,0.99834
test_16260,0.10032
test_16261,0.92636
test_16262,1.00000
test_16263,0.97222
test_16264,0.00169
test_16265,0.99933
test_16266,0.99279
test_16267,0.20044
test_16268,0.99985
test_16269,0.00251
test_16270,0.99963
test_16271,0.99994
test_16272,0.99994
test_16273,1.00000
test_16274,0.99728
test_16275,0.00002
test_16276,0.00012
test_16277,0.99812
test_16278,0.00000
test_16279,0.00111
test_16280,0.98695
test_16281,0.99767
test_16282,0.83094
test_16283,0.00012
test_16284,0.03430
test_16285,0.85542
test_16286,0.05450
test_16287,0.99993
test_16288,0.00039
test_16289,0.79811
test_16290,0.00718
test_16291,0.99737
test_16292,0.97533
test_16293,0.85286
test_16294,0.00177
test_16295,0.98020
test_16296,0.03471
test_16297,0.99896
test_16298,0.91043
test_16299,0.87247
test_16300,0.00032
test_16301,0.00071
test_16302,0.00080
test_16303,0.99747
test_16304,0.01445
test_16305,0.99789
test_16306,0.98537
test_16307,0.99966
test_16308,0.99923
test_16309,0.99998
test_16310,0.00004
test_16311,0.96543
test_16312,0.00508
test_16313,0.12354
test_16314,0.80088
test_16315,0.02333
test_16316,0.69556
test_16317,0.92623
test_16318,0.75863
test_16319,0.00791
test_16320,0.99992
test_16321,0.88220
test_16322,0.20987
test_16323,0.00242
test_16324,0.99795
test_16325,0.81719
test_16326,0.99574
test_16327,0.21083
test_16328,0.00562
test_16329,0.01678
test_16330,0.81594
test_16331,0.00615
test_16332,0.78691
test_16333,0.03863
test_16334,0.99852
test_16335,0.99986
test_16336,0.00101
test_16337,0.22556
test_16338,0.98795
test_16339,0.98974
test_16340,0.99463
test_16341,0.99733
test_16342,0.98081
test_16343,0.88000
test_16344,0.97220
test_16345,0.02091
test_16346,0.94642
test_16347,0.00720
test_16348,0.99647
test_16349,0.99999
test_16350,0.09407
test_16351,0.79160
test_16352,0.00023
test_16353,0.99902
test_16354,0.16727
test_16355,0.99963
test_16356,0.01299
test_16357,0.11926
test_16358,0.00486
test_16359,0.99398
test_16360,0.01686
test_16361,0.00010
test_16362,0.99985
test_16363,0.13047
test_16364,0.00647
test_16365,0.98577
test_16366,0.73152
test_16367,0.99853
test_16368,0.00271
test_16369,0.00081
test_16370,0.06164
test_16371,0.75575
test_16372,0.99994
test_16373,0.52932
test_16374,0.00109
test_16375,0.88536
test_16376,0.98273
test_16377,0.99283
test_16378,0.97877
test_16379,0.00096
test_16380,0.00351
test_16381,0.31717
test_16382,0.00261
test_16383,0.67773
test_16384,0.99962
test_16385,0.00258
test_16386,0.94911
test_16387,0.91226
test_16388,0.36966
test_16389,0.99276
test_16390,0.99947
test_16391,0.20061
test_16392,0.99998
test_16393,0.05211
test_16394,0.81973
test_16395,0.00760
test_16396,0.99359
test_16397,0.07444
test_16398,0.99682
test_16399,0.06314
test_16400,0.00149
test_16401,0.99785
test_16402,0.99838
test_16403,0.99761
test_16404,0.99986
test_16405,0.00006
test_16406,0.00000
test_16407,0.99624
test_16408,0.78862
test_16409,0.01411
test_16410,0.00243
test_16411,0.01532
test_16412,0.00102
test_16413,0.00006
test_16414,0.98968
test_16415,0.99999
test_16416,0.04587
test_16417,0.00576
test_16418,0.00225
test_16419,0.00368
test_16420,0.00019
test_16421,0.98074
test_16422,0.99991
test_16423,0.99980
test_16424,0.07679
test_16425,0.03926
test_16426,0.17350
test_16427,0.78336
test_16428,0.00267
test_16429,0.99916
test_16430,0.99954
test_16431,0.84267
test_16432,0.81875
test_16433,0.00150
test_16434,0.33106
test_16435,0.00846
test_16436,0.01763
test_16437,0.86277
test_16438,0.95484
test_16439,0.99941
test_16440,0.99989
test_16441,0.00293
test_16442,0.99598
test_16443,0.00337
test_16444,0.99844
test_16445,0.78382
test_16446,0.00131
test_16447,0.97518
test_16448,0.04691
test_16449,0.99968
test_16450,0.22386
test_16451,0.12760
test_16452,0.00026
test_16453,0.98981
test_16454,0.00021
test_16455,0.99570
test_16456,0.71330
test_16457,0.06977
test_16458,0.00036
test_16459,0.01879
test_16460,0.00028
test_16461,0.99989
test_16462,0.05477
test_16463,0.99989
test_16464,0.99694
test_16465,0.84015
test_16466,0.99058
test_16467,0.98581
test_16468,0.99186
test_16469,0.99899
test_16470,0.99950
test_16471,0.00072
test_16472,0.01543
test_16473,0.11931
test_16474,0.64945
test_16475,0.10302
test_16476,0.00290
test_16477,0.00191
test_16478,0.99866
test_16479,0.25311
test_16480,0.84243
test_16481,0.00008
test_16482,0.79436
test_16483,0.00568
test_16484,0.96896
test_16485,0.00583
test_16486,0.99668
test_16487,0.10394
test_16488,0.01149
test_16489,0.00496
test_16490,0.99038
test_16491,0.12236
test_16492,0.00705
test_16493,0.01743
test_16494,0.01235
test_16495,0.06397
test_16496,0.99696
test_16497,0.00156
test_16498,0.00069
test_16499,0.01301
test_16500,0.01322
test_16501,0.97964
test_16502,0.00072
test_16503,0.00368
test_16504,0.00000
test_16505,0.99947
test_16506,0.00085
test_16507,0.99879
test_16508,0.99252
test_16509,0.00012
test_16510,0.02991
test_16511,0.99443
test_16512,0.00512
test_16513,0.00310
test_16514,0.00093
test_16515,0.89297
test_16516,0.99982
test_16517,0.00007
test_16518,0.99954
test_16519,0.99994
test_16520,0.85810
test_16521,0.03411
test_16522,0.97886
test_16523,0.99972
test_16524,0.08432
test_16525,0.00245
test_16526,0.99611
test_16527,0.00225
test_16528,0.00193
test_16529,0.98900
test_16530,0.00573
test_16531,0.44775
test_16532,0.96157
test_16533,0.10603
test_16534,0.99125
test_16535,0.98625
test_16536,0.00034
test_16537,0.91055
test_16538,0.99677
test_16539,0.97434
test_16540,0.01176
test_16541,0.00384
test_16542,0.11062
test_16543,0.93834
test_16544,0.02129
test_16545,0.00285
test_16546,0.97253
test_16547,0.80751
test_16548,0.11297
test_16549,0.03079
test_16550,0.99939
test_16551,1.00000
test_16552,0.99947
test_16553,0.12199
test_16554,0.00100
test_16555,0.24412
test_16556,0.99166
test_16557,0.99967
test_16558,0.99983
test_16559,0.99964
test_16560,0.00094
test_16561,0.98963
test_16562,0.60793
test_16563,0.00185
test_16564,0.88462
test_16565,0.99470
test_16566,0.00311
test_16567,0.99787
test_16568,0.97834
test_16569,0.00958
test_16570,0.89134
test_16571,0.99154
test_16572,0.12363
test_16573,0.00003
test_16574,0.04983
test_16575,0.00013
test_16576,0.00018
test_16577,0.00876
test_16578,0.99941
test_16579,0.00115
test_16580,0.00006
test_16581,0.00011
test_16582,0.75850
test_16583,0.99990
test_16584,0.97620
test_16585,0.00005
test_16586,0.64734
test_16587,0.93346
test_16588,0.20054
test_16589,0.95709
test_16590,0.00962
test_16591,0.99195
test_16592,0.00105
test_16593,0.02542
test_16594,0.00523
test_16595,0.23441
test_16596,0.01901
test_16597,0.24906
test_16598,0.99389
test_16599,0.57997
test_16600,0.99768
test_16601,0.00008
test_16602,0.99962
test_16603,0.97989
test_16604,0.99783
test_16605,0.00126
test_16606,0.00310
test_16607,0.03474
test_16608,0.99872
test_16609,0.99828
test_16610,0.00177
test_16611,0.54496
test_16612,0.00799
test_16613,0.99994
test_16614,0.89444
test_16615,0.00931
test_16616,0.00224
test_16617,0.00165
test_16618,0.15784
test_16619,0.01088
test_16620,0.85790
test_16621,0.99594
test_16622,0.96369
test_16623,0.12884
test_16624,0.78599
test_16625,0.00210
test_16626,0.04365
test_16627,0.00018
test_16628,0.00676
test_16629,0.02046
test_16630,0.00116
test_16631,0.00058
test_16632,0.80357
test_16633,0.00003
test_16634,0.34027
test_16635,0.00361
test_16636,0.99625
test_16637,0.00671
test_16638,0.99896
test_16639,0.99886
test_16640,0.99154
test_16641,0.73919
test_16642,0.99903
test_16643,0.99997
test_16644,0.99979
test_16645,0.99973
test_16646,0.99137
test_16647,0.92918
test_16648,0.30485
test_16649,0.93632
test_16650,0.01019
test_16651,0.00001
test_16652,0.05860
test_16653,0.99990
test_16654,0.99972
test_16655,0.00240
test_16656,0.94269
test_16657,0.99999
test_16658,0.99055
test_16659,0.19029
test_16660,0.99981
test_16661,0.00022
test_16662,0.99814
test_16663,0.05762
test_16664,0.99877
test_16665,0.00808
test_16666,0.99991
test_16667,0.01998
test_16668,0.99832
test_16669,0.00016
test_16670,0.00047
test_16671,0.13237
test_16672,0.99993
test_16673,0.00183
test_16674,0.02215
test_16675,0.07401
test_16676,0.14723
test_16677,0.97784
test_16678,0.71826
test_16679,0.01585
test_16680,0.07921
test_16681,0.00505
test_16682,0.99207
test_16683,0.01698
test_16684,0.20014
test_16685,0.00061
test_16686,0.03699
test_16687,0.99713
test_16688,0.39151
test_16689,0.93208
test_16690,0.99792
test_16691,0.68743
test_16692,0.97793
test_16693,0.26561
test_16694,0.99948
test_16695,0.00044
test_16696,0.01497
test_16697,0.00041
test_16698,0.75248
test_16699,0.00544
test_16700,0.91474
test_16701,0.00675
test_16702,0.04182
test_16703,0.99972
test_16704,0.00027
test_16705,0.88407
test_16706,0.98768
test_16707,0.59211
test_16708,0.99752
test_16709,0.99958
test_16710,0.00399
test_16711,0.82925
test_16712,0.16711
test_16713,0.00944
test_16714,0.00268
test_16715,0.02607
test_16716,0.08777
test_16717,0.18429
test_16718,0.05339
test_16719,0.86267
test_16720,0.00074
test_16721,0.97498
test_16722,0.99973
test_16723,0.99622
test_16724,0.01265
test_16725,0.46804
test_16726,0.00046
test_16727,0.99185
test_16728,0.01215
test_16729,0.22107
test_16730,0.98530
test_16731,0.01136
test_16732,0.29162
test_16733,0.00059
test_16734,0.99255
test_16735,0.00004
test_16736,0.99457
test_16737,0.99758
test_16738,0.99942
test_16739,0.99297
test_16740,0.99717
test_16741,0.00016
test_16742,0.00194
test_16743,0.00027
test_16744,0.97135
test_16745,0.00150
test_16746,0.03816
test_16747,0.42360
test_16748,0.99839
test_16749,0.82513
test_16750,0.00169
test_16751,0.99999
test_16752,0.00817
test_16753,0.99996
test_16754,0.01008
test_16755,0.00080
test_16756,0.99991
test_16757,0.00207
test_16758,0.99700
test_16759,0.86835
test_16760,0.98419
test_16761,0.99899
test_16762,0.92122
test_16763,0.88667
test_16764,0.00106
test_16765,0.95415
test_16766,0.99986
test_16767,0.12119
test_16768,0.14908
test_16769,0.99202
test_16770,0.75408
test_16771,0.97494
test_16772,0.00878
test_16773,0.99675
test_16774,0.98504
test_16775,0.04847
test_16776,0.06244
test_16777,0.88218
test_16778,0.07035
test_16779,0.01798
test_16780,0.99994
test_16781,0.00171
test_16782,0.99968
test_16783,0.47541
test_16784,0.99824
test_16785,0.99947
test_16786,0.00365
test_16787,0.22112
test_16788,0.62109
test_16789,0.99987
test_16790,0.01450
test_16791,0.00440
test_16792,0.99608
test_16793,0.00017
test_16794,0.99898
test_16795,0.00102
test_16796,0.98991
test_16797,0.01404
test_16798,0.92935
test_16799,0.99959
test_16800,0.99623
test_16801,0.99697
test_16802,0.98089
test_16803,0.00016
test_16804,0.99986
test_16805,0.99913
test_16806,0.99836
test_16807,0.98847
test_16808,0.00035
test_16809,0.01115
test_16810,0.00001
test_16811,0.99902
test_16812,0.00388
test_16813,0.01229
test_16814,0.02928
test_16815,0.98193
test_16816,0.00006
test_16817,0.99939
test_16818,0.03912
test_16819,0.99295
test_16820,0.00021
test_16821,0.94508
test_16822,0.99825
test_16823,0.99780
test_16824,0.99991
test_16825,0.85771
test_16826,0.96940
test_16827,0.11135
test_16828,0.00005
test_16829,0.04653
test_16830,0.01509
test_16831,0.99011
test_16832,0.99803
test_16833,0.18217
test_16834,0.97233
test_16835,0.97847
test_16836,0.10974
test_16837,0.99824
test_16838,0.83422
test_16839,0.82880
test_16840,0.99487
test_16841,0.88290
test_16842,0.78680
test_16843,0.00466
test_16844,0.99999
test_16845,0.00008
test_16846,0.00038
test_16847,0.45459
test_16848,0.99982
test_16849,0.99971
test_16850,0.37402
test_16851,0.00048
test_16852,0.05826
test_16853,0.20336
test_16854,0.00046
test_16855,0.00032
test_16856,0.98018
test_16857,0.99984
test_16858,0.95044
test_16859,0.01750
test_16860,0.99992
test_16861,0.18918
test_16862,0.00320
test_16863,0.99993
test_16864,0.20024
test_16865,0.00531
test_16866,0.00353
test_16867,0.80879
test_16868,0.99775
test_16869,0.99919
test_16870,0.99544
test_16871,0.99986
test_16872,0.99678
test_16873,0.00560
test_16874,0.05924
test_16875,0.02239
test_16876,0.98092
test_16877,0.00004
test_16878,0.00060
test_16879,0.70736
test_16880,0.99654
test_16881,0.05119
test_16882,0.00060
test_16883,0.99982
test_16884,0.99934
test_16885,0.04719
test_16886,0.70663
test_16887,0.98461
test_16888,0.99853
test_16889,0.99796
test_16890,0.99729
test_16891,0.02238
test_16892,0.99987
test_16893,0.89319
test_16894,0.99644
test_16895,0.00183
test_16896,0.99653
test_16897,0.00086
test_16898,0.00148
test_16899,0.13958
test_16900,0.07037
test_16901,0.01926
test_16902,0.01647
test_16903,0.99038
test_16904,0.99947
test_16905,0.00308
test_16906,0.30183
test_16907,0.99889
test_16908,0.00058
test_16909,0.99945
test_16910,0.03199
test_16911,0.26939
test_16912,0.99950
test_16913,0.20899
test_16914,0.00772
test_16915,0.99894
test_16916,0.99338
test_16917,0.00006
test_16918,0.72878
test_16919,0.00242
test_16920,0.99215
test_16921,0.99380
test_16922,0.92243
test_16923,0.01360
test_16924,0.79716
test_16925,0.08716
test_16926,0.00564
test_16927,0.01141
test_16928,0.16976
test_16929,0.02267
test_16930,0.31905
test_16931,0.96853
test_16932,0.02406
test_16933,0.99933
test_16934,0.99613
test_16935,0.30382
test_16936,0.99989
test_16937,0.95456
test_16938,0.00148
test_16939,0.80583
test_16940,0.99974
test_16941,0.82669
test_16942,0.14480
test_16943,0.93571
test_16944,0.00017
test_16945,0.00039
test_16946,0.98965
test_16947,0.01331
test_16948,0.08483
test_16949,0.99266
test_16950,0.91428
test_16951,0.99908
test_16952,0.95038
test_16953,0.99759
test_16954,0.02136
test_16955,0.79557
test_16956,0.00001
test_16957,0.23993
test_16958,0.99975
test_16959,0.04161
test_16960,0.99994
test_16961,0.07355
test_16962,0.00378
test_16963,0.94426
test_16964,0.00026
test_16965,0.93104
test_16966,0.00102
test_16967,0.18829
test_16968,0.00014
test_16969,0.98233
test_16970,0.19368
test_16971,0.97044
test_16972,0.38414
test_16973,0.99504
test_16974,0.42726
test_16975,0.00034
test_16976,0.01080
test_16977,0.08053
test_16978,0.99611
test_16979,0.05863
test_16980,0.99472
test_16981,0.99398
test_16982,0.00476
test_16983,0.99965
test_16984,0.00331
test_16985,0.06731
test_16986,0.13240
test_16987,0.01620
test_16988,0.02762
test_16989,0.00811
test_16990,0.00290
test_16991,0.01328
test_16992,0.99984
test_16993,0.62372
test_16994,0.00212
test_16995,0.96328
test_16996,0.88744
test_16997,0.94099
test_16998,0.00160
test_16999,0.99867
test_17000,0.87495
test_17001,0.14228
test_17002,0.88726
test_17003,0.00010
test_17004,0.99819
test_17005,0.33776
test_17006,0.97562
test_17007,0.95492
test_17008,0.95022
test_17009,0.00001
test_17010,0.00166
test_17011,0.31344
test_17012,0.91625
test_17013,0.63852
test_17014,0.00005
test_17015,0.04043
test_17016,0.38633
test_17017,0.91975
test_17018,0.03856
test_17019,0.00040
test_17020,0.99916
test_17021,0.99965
test_17022,0.00412
test_17023,0.00172
test_17024,0.99892
test_17025,0.00284
test_17026,0.00366
test_17027,0.99963
test_17028,0.99488
test_17029,0.01270
test_17030,0.99964
test_17031,0.02100
test_17032,0.99649
test_17033,0.99537
test_17034,0.17913
test_17035,0.75806
test_17036,0.99960
test_17037,0.00227
test_17038,0.73492
test_17039,0.00076
test_17040,0.01390
test_17041,0.61163
test_17042,0.01776
test_17043,0.00631
test_17044,0.04699
test_17045,0.00623
test_17046,0.99989
test_17047,0.99346
test_17048,0.45109
test_17049,0.99879
test_17050,0.19905
test_17051,0.79425
test_17052,0.00637
test_17053,0.91124
test_17054,0.99910
test_17055,0.01184
test_17056,0.99993
test_17057,0.99616
test_17058,0.00022
test_17059,0.02476
test_17060,0.59925
test_17061,0.00923
test_17062,0.79980
test_17063,0.82333
test_17064,0.00023
test_17065,0.76145
test_17066,0.85463
test_17067,0.99540
test_17068,0.00117
test_17069,0.97909
test_17070,0.00179
test_17071,0.96541
test_17072,0.81957
test_17073,0.02285
test_17074,0.93265
test_17075,0.93955
test_17076,0.00122
test_17077,0.79691
test_17078,0.03211
test_17079,0.99180
test_17080,0.99277
test_17081,0.00141
test_17082,0.99768
test_17083,0.13322
test_17084,0.60393
test_17085,0.08809
test_17086,0.79206
test_17087,0.96773
test_17088,0.99999
test_17089,0.20135
test_17090,0.02299
test_17091,0.00154
test_17092,0.18004
test_17093,0.62542
test_17094,0.00124
test_17095,0.99918
test_17096,0.21991
test_17097,0.99927
test_17098,0.56469
test_17099,0.99709
test_17100,0.00082
test_17101,0.21418
test_17102,0.99872
test_17103,0.00007
test_17104,0.90004
test_17105,0.99998
test_17106,0.99063
test_17107,0.00694
test_17108,0.20048
test_17109,0.99747
test_17110,0.99825
test_17111,0.98445
test_17112,0.99924
test_17113,0.79906
test_17114,0.99323
test_17115,0.17005
test_17116,0.95980
test_17117,0.00320
test_17118,0.97543
test_17119,0.97956
test_17120,0.97247
test_17121,0.95867
test_17122,0.99998
test_17123,0.00790
test_17124,0.02289
test_17125,0.98622
test_17126,0.96718
test_17127,0.00353
test_17128,0.00102
test_17129,0.99922
test_17130,0.95025
test_17131,0.05804
test_17132,0.91362
test_17133,0.00363
test_17134,0.00138
test_17135,0.05930
test_17136,0.99304
test_17137,0.19193
test_17138,0.81884
test_17139,0.00665
test_17140,0.02488
test_17141,0.67185
test_17142,0.99971
test_17143,0.99987
test_17144,0.03473
test_17145,0.00013
test_17146,0.99977
test_17147,0.99999
test_17148,0.02324
test_17149,0.12355
test_17150,0.00841
test_17151,0.97844
test_17152,0.00040
test_17153,0.00007
test_17154,0.00307
test_17155,0.00401
test_17156,0.00422
test_17157,0.95976
test_17158,0.19353
test_17159,0.00097
test_17160,0.79970
test_17161,0.99540
test_17162,0.00081
test_17163,0.99298
test_17164,0.98022
test_17165,0.79738
test_17166,0.00023
test_17167,0.00434
test_17168,0.95992
test_17169,0.99983
test_17170,0.06613
test_17171,0.00336
test_17172,0.92572
test_17173,0.99503
test_17174,0.98653
test_17175,0.11500
test_17176,0.05269
test_17177,0.99778
test_17178,0.19785
test_17179,0.98375
test_17180,0.98964
test_17181,0.99985
test_17182,0.00370
test_17183,0.99850
test_17184,0.07508
test_17185,0.99740
test_17186,0.75334
test_17187,0.99786
test_17188,0.10736
test_17189,0.01559
test_17190,0.00115
test_17191,0.17080
test_17192,0.08912
test_17193,0.13244
test_17194,0.98782
test_17195,0.00012
test_17196,0.00112
test_17197,0.00956
test_17198,0.00048
test_17199,0.03541
test_17200,0.90383
test_17201,0.01830
test_17202,0.00032
test_17203,0.99999
test_17204,0.98581
test_17205,0.01432
test_17206,0.99404
test_17207,0.01111
test_17208,0.99998
test_17209,0.02140
test_17210,0.04276
test_17211,0.21519
test_17212,0.98945
test_17213,0.55545
test_17214,0.99987
test_17215,0.99986
test_17216,0.02577
test_17217,0.01424
test_17218,0.01194
test_17219,0.00211
test_17220,0.00067
test_17221,0.02165
test_17222,0.99977
test_17223,0.01440
test_17224,0.00020
test_17225,0.07484
test_17226,0.01012
test_17227,0.80438
test_17228,0.99968
test_17229,0.99991
test_17230,0.95676
test_17231,0.99087
test_17232,0.02098
test_17233,0.07579
test_17234,0.14049
test_17235,0.99593
test_17236,0.00141
test_17237,0.99504
test_17238,0.07853
test_17239,0.99804
test_17240,0.07985
test_17241,0.05277
test_17242,0.99045
test_17243,0.07416
test_17244,0.99815
test_17245,0.00056
test_17246,0.01463
test_17247,0.00213
test_17248,0.00534
test_17249,0.98687
test_17250,0.00205
test_17251,0.99990
test_17252,0.99805
test_17253,0.92778
test_17254,0.01713
test_17255,0.99872
test_17256,0.00805
test_17257,0.04873
test_17258,0.17781
test_17259,0.99947
test_17260,0.02658
test_17261,0.99892
test_17262,0.78922
test_17263,0.84431
test_17264,0.99881
test_17265,0.99999
test_17266,0.00092
test_17267,0.19735
test_17268,0.00331
test_17269,0.00247
test_17270,0.98709
test_17271,0.06149
test_17272,0.97360
test_17273,0.93856
test_17274,0.49751
test_17275,0.02267
test_17276,0.89579
test_17277,0.98330
test_17278,0.00313
test_17279,0.04825
test_17280,0.89473
test_17281,0.00427
test_17282,0.31294
test_17283,0.00061
test_17284,0.98130
test_17285,0.99862
test_17286,0.99958
test_17287,0.00110
test_17288,0.99949
test_17289,0.17024
test_17290,0.00327
test_17291,0.94687
test_17292,0.99925
test_17293,0.00340
test_17294,0.97124
test_17295,0.16655
test_17296,0.99832
test_17297,0.97572
test_17298,0.00051
test_17299,0.74576
test_17300,0.07328
test_17301,0.99632
test_17302,0.00165
test_17303,0.12666
test_17304,0.03063
test_17305,0.77972
test_17306,0.98763
test_17307,0.99834
test_17308,0.81763
test_17309,0.00073
test_17310,0.99043
test_17311,0.00028
test_17312,0.95095
test_17313,0.93531
test_17314,0.92234
test_17315,0.98824
test_17316,0.00016
test_17317,0.97291
test_17318,0.99506
test_17319,0.99843
test_17320,0.99875
test_17321,0.99918
test_17322,0.03198
test_17323,0.99986
test_17324,0.00023
test_17325,0.24930
test_17326,0.99960
test_17327,0.00071
test_17328,0.47823
test_17329,0.00036
test_17330,0.00018
test_17331,0.53483
test_17332,0.99444
test_17333,0.98152
test_17334,0.00124
test_17335,0.81855
test_17336,0.59891
test_17337,0.00439
test_17338,0.99981
test_17339,0.00989
test_17340,0.00173
test_17341,0.00006
test_17342,0.05468
test_17343,0.13439
test_17344,0.99723
test_17345,0.97377
test_17346,0.82896
test_17347,0.00017
test_17348,0.99975
test_17349,0.00029
test_17350,0.00208
test_17351,0.82371
test_17352,0.99934
test_17353,0.99953
test_17354,0.98616
test_17355,0.00172
test_17356,0.00987
test_17357,0.99677
test_17358,0.05159
test_17359,0.80755
test_17360,0.83862
test_17361,0.99828
test_17362,0.00657
test_17363,0.01957
test_17364,0.00294
test_17365,0.00705
test_17366,0.01724
test_17367,0.91163
test_17368,0.00089
test_17369,0.80379
test_17370,0.88880
test_17371,0.99540
test_17372,0.36305
test_17373,0.06172
test_17374,0.86498
test_17375,0.00806
test_17376,0.98854
test_17377,0.00046
test_17378,0.00204
test_17379,0.81436
test_17380,0.99672
test_17381,0.00079
test_17382,0.78389
test_17383,0.99646
test_17384,0.29154
test_17385,0.00135
test_17386,0.00013
test_17387,0.96907
test_17388,0.00001
test_17389,0.00041
test_17390,0.36708
test_17391,0.05757
test_17392,0.07840
test_17393,0.22406
test_17394,0.00987
test_17395,0.00822
test_17396,0.99961
test_17397,0.02591
test_17398,0.99980
test_17399,0.75389
test_17400,0.00033
test_17401,0.99682
test_17402,0.98902
test_17403,0.99525
test_17404,0.95446
test_17405,0.99337
test_17406,0.00064
test_17407,0.31409
test_17408,0.00458
test_17409,0.95120
test_17410,0.88194
test_17411,0.99762
test_17412,0.20952
test_17413,0.93458
test_17414,0.00093
test_17415,0.00466
test_17416,0.99705
test_17417,0.99985
test_17418,0.09873
test_17419,0.00045
test_17420,0.99762
test_17421,0.79431
test_17422,0.90004
test_17423,0.99621
test_17424,0.20072
test_17425,0.81181
test_17426,0.98913
test_17427,0.98784
test_17428,0.01127
test_17429,0.06418
test_17430,0.98963
test_17431,0.00015
test_17432,0.10656
test_17433,0.03618
test_17434,0.37293
test_17435,0.99632
test_17436,0.00018
test_17437,0.22231
test_17438,0.99897
test_17439,0.00101
test_17440,0.00009
test_17441,0.99931
test_17442,0.00015
test_17443,0.99950
test_17444,0.00067
test_17445,0.00136
test_17446,0.99299
test_17447,0.12645
test_17448,0.83925
test_17449,0.99447
test_17450,0.99175
test_17451,0.03839
test_17452,0.00074
test_17453,0.99973
test_17454,0.92014
test_17455,0.21439
test_17456,0.45992
test_17457,0.99272
test_17458,0.00095
test_17459,0.87122
test_17460,0.00150
test_17461,0.99987
test_17462,0.00108
test_17463,0.00386
test_17464,0.00028
test_17465,0.00154
test_17466,0.12856
test_17467,0.99993
test_17468,0.99998
test_17469,0.03887
test_17470,0.05245
test_17471,0.53172
test_17472,0.77729
test_17473,0.99931
test_17474,0.98662
test_17475,0.00810
test_17476,0.85111
test_17477,0.02176
test_17478,0.01882
test_17479,0.00196
test_17480,0.99919
test_17481,0.80755
test_17482,0.98910
test_17483,0.02145
test_17484,0.00036
test_17485,0.99890
test_17486,0.01357
test_17487,0.59013
test_17488,0.04716
test_17489,0.99951
test_17490,0.00425
test_17491,0.21633
test_17492,0.00232
test_17493,0.99965
test_17494,0.07302
test_17495,0.01241
test_17496,0.05620
test_17497,0.10652
test_17498,0.03280
test_17499,0.99548
test_17500,0.00031
test_17501,0.36761
test_17502,0.00021
test_17503,0.99927
test_17504,0.00207
test_17505,0.17368
test_17506,0.00007
test_17507,0.99933
test_17508,0.99984
test_17509,0.99923
test_17510,0.00053
test_17511,0.99589
test_17512,0.12867
test_17513,0.99807
test_17514,0.99681
test_17515,0.94572
test_17516,0.00250
test_17517,0.76690
test_17518,0.13918
test_17519,0.00045
test_17520,0.14658
test_17521,0.99627
test_17522,0.98054
test_17523,0.06660
test_17524,0.60370
test_17525,0.26671
test_17526,0.99994
test_17527,0.19489
test_17528,0.95327
test_17529,0.07310
test_17530,0.99908
test_17531,0.00234
test_17532,0.10593
test_17533,0.99846
test_17534,0.97256
test_17535,0.98294
test_17536,0.99999
test_17537,0.43183
test_17538,0.94988
test_17539,0.57089
test_17540,0.00392
test_17541,0.99971
test_17542,0.99869
test_17543,0.99260
test_17544,0.00249
test_17545,0.96861
test_17546,0.96304
test_17547,0.00363
test_17548,0.94822
test_17549,0.00005
test_17550,0.91647
test_17551,0.00681
test_17552,0.99983
test_17553,0.20474
test_17554,0.97975
test_17555,0.00311
test_17556,0.00035
test_17557,0.99796
test_17558,0.95894
test_17559,0.99991
test_17560,0.02203
test_17561,0.19058
test_17562,0.00003
test_17563,0.46380
test_17564,0.05023
test_17565,0.04367
test_17566,0.00017
test_17567,0.99532
test_17568,0.97316
test_17569,0.01018
test_17570,0.56751
test_17571,0.20034
test_17572,0.99823
test_17573,0.91056
test_17574,0.00059
test_17575,0.00319
test_17576,0.99173
test_17577,0.99910
test_17578,0.03431
test_17579,0.63421
test_17580,0.00018
test_17581,0.01558
test_17582,0.99863
test_17583,0.30836
test_17584,0.99645
test_17585,0.99474
test_17586,0.00060
test_17587,0.00158
test_17588,0.16851
test_17589,0.99405
test_17590,0.00534
test_17591,0.96428
test_17592,0.03930
test_17593,0.99998
test_17594,0.00004
test_17595,0.98365
test_17596,0.97308
test_17597,0.98435
test_17598,0.08617
test_17599,0.98713
test_17600,0.34741
test_17601,0.13363
test_17602,0.83219
test_17603,0.08882
test_17604,0.00671
test_17605,0.00028
test_17606,0.00006
test_17607,0.00020
test_17608,0.07055
test_17609,0.95597
test_17610,0.95675
test_17611,0.99910
test_17612,0.16947
test_17613,0.75833
test_17614,0.98668
test_17615,0.00003
test_17616,0.99732
test_17617,0.00110
test_17618,0.00019
test_17619,0.91498
test_17620,0.98087
test_17621,0.74016
test_17622,0.07997
test_17623,0.87212
test_17624,0.99847
test_17625,0.99954
test_17626,0.00754
test_17627,0.30806
test_17628,0.99785
test_17629,0.95990
test_17630,0.99824
test_17631,0.80966
test_17632,0.11838
test_17633,0.99996
test_17634,0.00054
test_17635,0.99309
test_17636,0.00017
test_17637,0.01284
test_17638,0.98909
test_17639,0.87800
test_17640,0.83323
test_17641,0.03353
test_17642,0.96198
test_17643,0.00058
test_17644,0.99085
test_17645,0.99979
test_17646,0.90534
test_17647,0.00007
test_17648,0.73188
test_17649,0.03935
test_17650,0.08689
test_17651,0.98717
test_17652,0.15641
test_17653,0.08577
test_17654,0.00026
test_17655,0.00031
test_17656,0.99866
test_17657,0.98117
test_17658,0.06690
test_17659,0.00589
test_17660,0.98027
test_17661,0.85276
test_17662,0.01029
test_17663,0.99999
test_17664,0.00140
test_17665,0.02169
test_17666,0.01199
test_17667,0.99970
test_17668,0.00497
test_17669,0.63222
test_17670,0.00001
test_17671,0.01804
test_17672,0.99917
test_17673,0.01162
test_17674,0.13164
test_17675,0.99998
test_17676,0.99377
test_17677,0.99260
test_17678,0.00041
test_17679,0.98391
test_17680,0.00159
test_17681,0.10856
test_17682,0.94991
test_17683,0.99640
test_17684,0.99565
test_17685,0.99956
test_17686,0.01589
test_17687,0.00917
test_17688,0.00014
test_17689,0.81765
test_17690,0.00468
test_17691,0.60425
test_17692,0.83520
test_17693,0.98560
test_17694,0.87251
test_17695,0.99604
test_17696,0.99997
test_17697,0.97889
test_17698,0.00064
test_17699,0.00276
test_17700,0.00038
test_17701,0.96983
test_17702,0.19553
test_17703,0.17094
test_17704,0.00018
test_17705,0.00025
test_17706,0.99721
test_17707,0.00015
test_17708,0.98593
test_17709,0.21157
test_17710,0.98010
test_17711,0.11541
test_17712,0.01896
test_17713,0.00131
test_17714,0.00426
test_17715,0.09026
test_17716,0.00147
test_17717,0.99755
test_17718,0.00764
test_17719,0.00071
test_17720,0.03155
test_17721,0.54877
test_17722,0.19870
test_17723,0.79683
test_17724,0.98490
test_17725,0.00075
test_17726,0.99835
test_17727,0.91715
test_17728,0.98057
test_17729,0.84049
test_17730,0.99972
test_17731,0.65571
test_17732,0.99952
test_17733,0.99853
test_17734,0.00098
test_17735,0.97084
test_17736,0.99997
test_17737,0.00458
test_17738,0.02726
test_17739,0.79909
test_17740,0.00000
test_17741,0.99911
test_17742,0.00667
test_17743,0.99960
test_17744,0.99645
test_17745,0.00218
test_17746,0.03347
test_17747,0.01546
test_17748,0.88382
test_17749,0.99834
test_17750,0.06866
test_17751,0.21334
test_17752,0.03779
test_17753,0.99690
test_17754,0.00114
test_17755,0.38156
test_17756,0.53494
test_17757,0.89575
test_17758,0.00192
test_17759,0.99990
test_17760,0.67823
test_17761,0.47037
test_17762,0.00014
test_17763,0.07161
test_17764,0.00220
test_17765,0.99987
test_17766,0.00126
test_17767,0.01289
test_17768,0.99925
test_17769,0.00117
test_17770,0.98800
test_17771,0.71766
test_17772,0.95136
test_17773,0.00187
test_17774,0.00001
test_17775,0.16644
test_17776,0.99861
test_17777,0.00484
test_17778,0.13188
test_17779,0.00283
test_17780,0.99907
test_17781,0.16533
test_17782,0.99949
test_17783,0.00039
test_17784,0.99954
test_17785,0.99933
test_17786,0.92169
test_17787,0.93993
test_17788,0.85417
test_17789,0.00219
test_17790,0.00582
test_17791,0.98010
test_17792,0.01235
test_17793,0.01568
test_17794,0.08878
test_17795,0.07665
test_17796,0.02249
test_17797,0.99582
test_17798,0.00173
test_17799,0.19172
test_17800,0.96962
test_17801,0.00668
test_17802,0.27523
test_17803,0.01300
test_17804,0.94054
test_17805,0.94087
test_17806,0.99009
test_17807,0.00002
test_17808,0.13420
test_17809,0.00310
test_17810,0.08130
test_17811,0.11152
test_17812,0.15313
test_17813,0.09998
test_17814,0.79333
test_17815,0.99902
test_17816,0.80247
test_17817,0.15203
test_17818,0.56346
test_17819,0.99991
test_17820,0.00003
test_17821,0.99888
test_17822,0.00139
test_17823,0.00228
test_17824,0.84959
test_17825,0.00003
test_17826,0.11117
test_17827,0.79296
test_17828,0.99641
test_17829,0.80626
test_17830,0.99731
test_17831,0.00138
test_17832,0.01078
test_17833,0.92812
test_17834,0.13349
test_17835,0.99999
test_17836,0.92106
test_17837,0.95330
test_17838,0.99385
test_17839,0.99991
test_17840,0.96075
test_17841,0.88516
test_17842,0.99888
test_17843,0.03253
test_17844,0.02636
test_17845,0.74974
test_17846,0.00068
test_17847,0.99966
test_17848,0.97746
test_17849,0.00324
test_17850,0.04085
test_17851,0.70981
test_17852,0.97065
test_17853,0.99346
test_17854,0.00420
test_17855,0.00594
test_17856,0.99973
test_17857,0.00002
test_17858,0.90347
test_17859,0.80706
test_17860,0.00088
test_17861,0.99918
test_17862,0.99995
test_17863,0.00108
test_17864,0.02988
test_17865,0.98682
test_17866,0.07387
test_17867,0.23901
test_17868,0.17207
test_17869,0.00826
test_17870,0.99988
test_17871,0.82128
test_17872,0.01048
test_17873,0.99801
test_17874,0.00002
test_17875,0.80090
test_17876,0.00198
test_17877,0.01074
test_17878,0.05049
test_17879,0.99614
test_17880,0.00114
test_17881,0.88267
test_17882,0.04973
test_17883,0.97564
test_17884,0.99134
test_17885,0.99964
test_17886,0.00024
test_17887,0.99997
test_17888,0.01578
test_17889,0.99996
test_17890,0.99985
test_17891,0.99713
test_17892,0.99691
test_17893,0.99965
test_17894,0.96710
test_17895,0.06451
test_17896,0.28103
test_17897,0.01799
test_17898,0.99520
test_17899,0.11633
test_17900,0.80323
test_17901,0.00103
test_17902,0.20269
test_17903,0.99998
test_17904,0.99350
test_17905,0.21615
test_17906,0.99993
test_17907,0.78817
test_17908,0.21327
test_17909,0.98349
test_17910,0.00057
test_17911,0.00328
test_17912,0.94678
test_17913,0.98687
test_17914,0.00921
test_17915,0.99750
test_17916,0.00013
test_17917,0.00009
test_17918,0.00247
test_17919,0.01385
test_17920,0.02790
test_17921,0.99816
test_17922,0.99173
test_17923,0.86551
test_17924,0.00132
test_17925,0.16640
test_17926,0.00235
test_17927,0.26351
test_17928,0.99740
test_17929,0.03078
test_17930,0.98917
test_17931,0.99748
test_17932,0.06545
test_17933,0.99958
test_17934,0.00002
test_17935,0.15518
test_17936,0.98700
test_17937,0.02527
test_17938,0.00111
test_17939,0.98655
test_17940,0.99920
test_17941,0.22598
test_17942,0.99977
test_17943,0.99727
test_17944,0.99954
test_17945,0.02055
test_17946,0.76444
test_17947,0.00538
test_17948,0.07241
test_17949,0.51062
test_17950,0.99189
test_17951,0.44787
test_17952,0.02953
test_17953,0.99764
test_17954,0.00245
test_17955,0.00074
test_17956,0.99621
test_17957,0.00054
test_17958,0.00503
test_17959,0.00002
test_17960,0.00002
test_17961,0.55236
test_17962,0.00091
test_17963,0.97206
test_17964,0.97767
test_17965,0.99797
test_17966,0.80273
test_17967,0.85733
test_17968,0.01072
test_17969,0.00903
test_17970,0.00140
test_17971,0.99935
test_17972,0.00123
test_17973,0.93486
test_17974,0.02846
test_17975,0.00023
test_17976,0.96064
test_17977,0.03238
test_17978,0.93676
test_17979,0.98419
test_17980,0.19314
test_17981,0.76920
test_17982,0.91970
test_17983,0.80703
test_17984,0.00042
test_17985,0.08191
test_17986,0.00057
test_17987,0.07778
test_17988,0.98625
test_17989,0.99999
test_17990,0.00474
test_17991,0.99727
test_17992,0.99777
test_17993,0.19312
test_17994,0.00757
test_17995,0.00700
test_17996,0.99992
test_17997,0.00034
test_17998,0.20985
test_17999,0.11664
test_18000,0.84547
test_18001,0.00008
test_18002,0.99980
test_18003,0.99621
test_18004,0.02468
test_18005,0.84806
test_18006,0.76402
test_18007,0.97476
test_18008,0.99871
test_18009,0.99882
test_18010,0.03203
test_18011,0.97697
test_18012,0.00043
test_18013,0.87780
test_18014,0.07643
test_18015,0.00177
test_18016,0.40104
test_18017,0.00008
test_18018,0.20952
test_18019,0.05755
test_18020,0.06735
test_18021,0.56612
test_18022,0.99990
test_18023,0.98977
test_18024,0.16816
test_18025,0.00429
test_18026,0.99031
test_18027,0.00533
test_18028,0.98111
test_18029,0.32399
test_18030,0.97838
test_18031,0.99066
test_18032,0.00587
test_18033,0.99769
test_18034,0.99900
test_18035,0.46446
test_18036,0.99055
test_18037,0.21628
test_18038,0.73011
test_18039,0.97801
test_18040,0.99997
test_18041,0.99396
test_18042,0.99996
test_18043,0.00807
test_18044,0.99937
test_18045,0.00074
test_18046,0.60628
test_18047,0.01082
test_18048,0.20249
test_18049,0.99974
test_18050,0.99791
test_18051,0.00006
test_18052,0.02768
test_18053,0.16193
test_18054,0.28980
test_18055,0.99308
test_18056,0.19078
test_18057,0.33850
test_18058,0.99950
test_18059,0.04651
test_18060,0.89658
test_18061,0.88326
test_18062,0.99911
test_18063,0.02488
test_18064,0.99819
test_18065,0.97472
test_18066,0.34658
test_18067,0.96595
test_18068,0.27587
test_18069,0.97594
test_18070,0.99982
test_18071,0.00068
test_18072,0.28121
test_18073,0.07138
test_18074,0.04585
test_18075,0.99992
test_18076,0.98950
test_18077,0.00009
test_18078,0.97239
test_18079,0.99618
test_18080,0.99889
test_18081,0.99833
test_18082,0.99463
test_18083,0.95333
test_18084,0.99710
test_18085,0.00783
test_18086,0.99985
test_18087,0.00402
test_18088,0.99879
test_18089,0.00434
test_18090,0.00134
test_18091,0.98356
test_18092,0.99975
test_18093,0.23741
test_18094,0.24044
test_18095,0.97325
test_18096,0.89395
test_18097,0.91457
test_18098,0.99921
test_18099,0.99991
test_18100,0.00427
test_18101,0.00140
test_18102,0.99949
test_18103,0.65725
test_18104,0.84023
test_18105,0.99967
test_18106,0.65941
test_18107,0.64625
test_18108,0.01324
test_18109,0.00053
test_18110,0.96506
test_18111,0.35351
test_18112,0.22775
test_18113,0.01444
test_18114,0.64046
test_18115,0.97764
test_18116,0.99957
test_18117,0.00154
test_18118,0.00098
test_18119,0.05207
test_18120,0.00195
test_18121,0.81416
test_18122,0.00089
test_18123,0.99595
test_18124,0.00171
test_18125,0.98882
test_18126,0.98191
test_18127,0.00354
test_18128,0.01126
test_18129,0.00012
test_18130,0.00031
test_18131,0.98347
test_18132,0.00129
test_18133,0.04988
test_18134,0.00787
test_18135,0.02030
test_18136,0.03652
test_18137,0.00016
test_18138,0.12412
test_18139,0.29473
test_18140,0.00003
test_18141,0.01963
test_18142,0.00059
test_18143,0.88207
test_18144,0.00046
test_18145,0.99407
test_18146,0.99709
test_18147,0.00460
test_18148,0.01261
test_18149,0.99238
test_18150,0.99895
test_18151,0.88877
test_18152,0.99997
test_18153,0.00114
test_18154,0.99960
test_18155,0.99988
test_18156,0.11003
test_18157,0.00190
test_18158,0.79295
test_18159,0.40441
test_18160,0.99495
test_18161,0.99292
test_18162,0.06894
test_18163,0.00003
test_18164,0.94905
test_18165,0.21496
test_18166,0.10800
test_18167,0.99899
test_18168,0.99881
test_18169,0.98606
test_18170,0.99955
test_18171,0.93112
test_18172,0.48773
test_18173,0.99987
test_18174,0.99988
test_18175,0.00318
test_18176,0.99983
test_18177,0.99978
test_18178,0.95638
test_18179,0.79182
test_18180,0.01245
test_18181,0.79559
test_18182,0.99915
test_18183,0.99176
test_18184,0.87664
test_18185,0.99189
test_18186,0.00032
test_18187,0.00008
test_18188,0.01191
test_18189,0.11401
test_18190,0.99873
test_18191,0.99850
test_18192,0.99976
test_18193,0.70928
test_18194,0.00999
test_18195,0.99765
test_18196,0.99628
test_18197,0.92044
test_18198,0.01667
test_18199,0.81980
test_18200,0.02351
test_18201,0.90630
test_18202,0.99378
test_18203,0.72127
test_18204,0.99898
test_18205,0.71381
test_18206,0.01021
test_18207,0.77059
test_18208,0.05505
test_18209,0.99991
test_18210,0.99610
test_18211,0.00402
test_18212,0.00704
test_18213,0.06739
test_18214,0.00139
test_18215,0.82524
test_18216,0.00731
test_18217,0.00057
test_18218,0.99997
test_18219,0.00600
test_18220,0.99885
test_18221,0.00546
test_18222,0.00005
test_18223,0.00590
test_18224,0.99808
test_18225,0.99745
test_18226,0.99972
test_18227,0.98725
test_18228,0.99962
test_18229,0.00599
test_18230,0.99972
test_18231,0.92246
test_18232,0.11332
test_18233,0.89590
test_18234,0.02380
test_18235,0.99424
test_18236,0.00284
test_18237,0.03126
test_18238,0.85161
test_18239,0.98472
test_18240,0.24285
test_18241,0.35417
test_18242,0.00009
test_18243,0.00369
test_18244,0.99996
test_18245,0.93255
test_18246,0.99831
test_18247,0.14290
test_18248,0.97786
test_18249,0.00714
test_18250,0.00746
test_18251,0.29661
test_18252,0.97973
test_18253,0.99982
test_18254,0.00059
test_18255,0.00091
test_18256,0.00016
test_18257,0.00003
test_18258,0.94176
test_18259,0.00388
test_18260,0.92460
test_18261,0.99801
test_18262,0.00513
test_18263,0.99383
test_18264,0.00335
test_18265,0.06492
test_18266,0.00271
test_18267,0.97939
test_18268,0.97170
test_18269,0.00006
test_18270,0.99872
test_18271,0.01537
test_18272,0.00074
test_18273,0.04922
test_18274,0.01892
test_18275,0.00489
test_18276,0.00307
test_18277,0.00034
test_18278,0.00018
test_18279,0.95588
test_18280,0.99882
test_18281,0.03210
test_18282,0.50410
test_18283,0.00625
test_18284,0.90102
test_18285,0.99958
test_18286,0.10804
test_18287,0.00259
test_18288,0.00095
test_18289,0.99836
test_18290,0.99947
test_18291,0.02972
test_18292,0.01655
test_18293,0.90770
test_18294,0.97738
test_18295,0.99949
test_18296,0.00708
test_18297,0.00164
test_18298,0.95294
test_18299,0.00018
test_18300,0.69817
test_18301,0.21567
test_18302,0.00136
test_18303,0.01198
test_18304,0.00021
test_18305,0.99034
test_18306,0.00196
test_18307,0.05220
test_18308,0.10194
test_18309,0.83614
test_18310,0.99997
test_18311,0.05382
test_18312,0.00553
test_18313,0.99991
test_18314,0.14892
test_18315,0.04638
test_18316,0.96073
test_18317,0.54179
test_18318,0.99533
test_18319,0.05176
test_18320,0.42029
test_18321,0.00073
test_18322,0.99824
test_18323,0.80901
test_18324,0.77964
test_18325,0.35586
test_18326,0.99992
test_18327,0.00726
test_18328,0.12972
test_18329,0.99849
test_18330,0.00044
test_18331,0.99996
test_18332,0.01303
test_18333,0.00531
test_18334,0.99132
test_18335,0.00393
test_18336,0.00097
test_18337,0.99969
test_18338,0.94606
test_18339,0.01644
test_18340,0.99964
test_18341,0.01073
test_18342,0.00007
test_18343,0.99951
test_18344,0.99800
test_18345,0.00087
test_18346,0.00067
test_18347,0.99749
test_18348,0.00165
test_18349,0.02088
test_18350,0.98853
test_18351,0.08351
test_18352,0.01372
test_18353,0.15059
test_18354,0.35919
test_18355,0.97547
test_18356,0.02507
test_18357,0.99898
test_18358,0.00047
test_18359,0.00097
test_18360,0.99892
test_18361,0.99976
test_18362,0.20412
test_18363,0.99973
test_18364,0.20036
test_18365,0.99004
test_18366,0.99871
test_18367,0.17627
test_18368,0.99998
test_18369,0.99909
test_18370,0.99981
test_18371,0.04355
test_18372,0.98500
test_18373,0.03548
test_18374,0.99340
test_18375,0.99981
test_18376,0.19386
test_18377,0.99686
test_18378,0.14685
test_18379,0.99823
test_18380,0.02514
test_18381,0.99541
test_18382,0.54510
test_18383,0.99822
test_18384,0.35045
test_18385,0.99283
test_18386,0.99986
test_18387,0.01575
test_18388,0.99642
test_18389,0.90656
test_18390,0.99934
test_18391,0.00065
test_18392,0.89704
test_18393,0.66098
test_18394,0.00116
test_18395,0.00130
test_18396,0.20645
test_18397,0.99978
test_18398,0.99225
test_18399,0.99475
test_18400,0.04184
test_18401,0.99024
test_18402,0.97002
test_18403,0.98771
test_18404,0.99411
test_18405,0.00281
test_18406,0.98188
test_18407,0.80680
test_18408,0.99571
test_18409,0.00502
test_18410,0.99999
test_18411,0.92153
test_18412,0.99770
test_18413,0.99882
test_18414,0.02304
test_18415,0.00001
test_18416,0.99854
test_18417,0.00018
test_18418,0.96335
test_18419,0.99968
test_18420,0.36483
test_18421,0.07950
test_18422,0.92836
test_18423,0.92349
test_18424,0.99992
test_18425,0.12407
test_18426,0.99997
test_18427,0.99772
test_18428,0.00099
test_18429,0.00019
test_18430,0.99398
test_18431,0.99992
test_18432,0.00377
test_18433,0.99923
test_18434,0.99483
test_18435,0.99828
test_18436,0.97928
test_18437,0.36130
test_18438,0.00036
test_18439,0.98573
test_18440,0.03349
test_18441,0.79282
test_18442,0.97489
test_18443,0.05375
test_18444,0.00052
test_18445,0.99692
test_18446,0.92579
test_18447,0.05149
test_18448,0.03387
test_18449,0.00004
test_18450,0.74650
test_18451,0.08577
test_18452,0.28023
test_18453,0.99567
test_18454,0.00156
test_18455,0.99935
test_18456,0.99803
test_18457,0.00668
test_18458,0.98906
test_18459,0.94143
test_18460,0.99360
test_18461,0.99592
test_18462,0.96829
test_18463,0.99259
test_18464,0.99734
test_18465,0.00092
test_18466,0.99429
test_18467,0.06721
test_18468,0.03203
test_18469,0.04730
test_18470,0.83193
test_18471,0.99816
test_18472,0.00050
test_18473,0.99985
test_18474,0.20911
test_18475,0.03471
test_18476,0.99999
test_18477,0.20026
test_18478,0.00177
test_18479,0.99891
test_18480,0.63108
test_18481,0.07442
test_18482,0.00126
test_18483,0.81191
test_18484,0.91474
test_18485,0.99928
test_18486,0.09443
test_18487,0.54079
test_18488,0.73372
test_18489,0.09361
test_18490,0.83446
test_18491,0.00059
test_18492,0.00779
test_18493,0.08503
test_18494,0.02584
test_18495,0.99791
test_18496,0.62796
test_18497,0.97265
test_18498,0.99990
test_18499,0.00130
test_18500,0.02433
test_18501,0.99723
test_18502,0.98169
test_18503,0.00390
test_18504,0.87878
test_18505,0.00596
test_18506,0.99982
test_18507,0.99907
test_18508,0.00176
test_18509,0.99979
test_18510,0.99103
test_18511,0.19590
test_18512,0.98310
test_18513,0.00100
test_18514,0.92510
test_18515,0.15576
test_18516,0.99736
test_18517,0.99085
test_18518,0.52538
test_18519,0.99930
test_18520,0.00447
test_18521,0.44939
test_18522,0.02785
test_18523,0.62983
test_18524,0.00423
test_18525,0.16292
test_18526,0.68845
test_18527,0.00165
test_18528,0.01219
test_18529,0.99981
test_18530,0.95640
test_18531,0.99915
test_18532,0.00018
test_18533,0.99816
test_18534,0.00007
test_18535,0.01417
test_18536,0.98134
test_18537,0.94754
test_18538,0.97255
test_18539,0.02631
test_18540,0.27903
test_18541,0.50311
test_18542,0.00397
test_18543,0.99971
test_18544,0.47789
test_18545,0.99879
test_18546,0.99301
test_18547,0.98541
test_18548,0.99905
test_18549,0.78184
test_18550,0.99494
test_18551,0.99800
test_18552,0.00535
test_18553,0.07911
test_18554,0.99903
test_18555,0.80178
test_18556,0.99015
test_18557,0.03752
test_18558,0.96144
test_18559,0.99934
test_18560,0.02045
test_18561,0.25190
test_18562,0.94786
test_18563,0.99991
test_18564,0.15841
test_18565,0.94794
test_18566,0.09817
test_18567,0.80787
test_18568,0.97395
test_18569,0.96928
test_18570,0.01709
test_18571,0.00129
test_18572,0.01778
test_18573,0.98037
test_18574,0.81968
test_18575,0.00000
test_18576,0.00085
test_18577,0.00486
test_18578,0.79412
test_18579,0.99988
test_18580,0.08152
test_18581,0.00001
test_18582,0.99928
test_18583,0.01012
test_18584,0.00760
test_18585,0.00283
test_18586,0.99945
test_18587,0.79028
test_18588,0.99763
test_18589,0.00258
test_18590,0.99424
test_18591,0.00904
test_18592,0.00004
test_18593,0.00868
test_18594,0.00199
test_18595,0.99876
test_18596,0.99045
test_18597,0.99927
test_18598,0.99988
test_18599,0.99983
test_18600,0.82602
test_18601,0.91280
test_18602,0.99968
test_18603,0.96589
test_18604,0.21256
test_18605,0.00028
test_18606,0.99593
test_18607,0.96055
test_18608,0.00680
test_18609,0.00164
test_18610,0.17452
test_18611,0.80699
test_18612,0.98802
test_18613,0.63434
test_18614,0.00009
test_18615,0.98051
test_18616,0.00034
test_18617,0.99982
test_18618,0.04288
test_18619,0.97275
test_18620,0.99999
test_18621,0.79540
test_18622,0.14467
test_18623,0.99421
test_18624,0.19995
test_18625,0.99558
test_18626,0.14386
test_18627,0.88818
test_18628,0.00162
test_18629,0.74026
test_18630,0.99971
test_18631,0.00086
test_18632,0.27482
test_18633,0.00095
test_18634,0.99994
test_18635,0.99245
test_18636,0.00021
test_18637,0.99816
test_18638,0.01475
test_18639,0.98328
test_18640,0.99927
test_18641,0.13761
test_18642,0.01040
test_18643,0.00279
test_18644,0.00557
test_18645,0.00510
test_18646,0.84240
test_18647,0.13036
test_18648,0.99989
test_18649,0.00184
test_18650,0.00112
test_18651,0.98250
test_18652,0.00404
test_18653,0.00035
test_18654,0.06928
test_18655,0.09862
test_18656,0.18239
test_18657,0.00121
test_18658,0.00111
test_18659,0.97477
test_18660,0.98693
test_18661,0.00071
test_18662,0.00009
test_18663,0.74312
test_18664,0.99878
test_18665,0.00861
test_18666,0.11612
test_18667,0.99157
test_18668,0.99852
test_18669,0.98296
test_18670,0.00430
test_18671,0.00053
test_18672,0.00479
test_18673,0.99721
test_18674,0.29827
test_18675,0.00167
test_18676,0.80991
test_18677,0.01438
test_18678,0.00016
test_18679,0.98948
test_18680,0.99393
test_18681,0.93367
test_18682,0.99856
test_18683,0.99946
test_18684,0.99757
test_18685,0.80899
test_18686,0.81591
test_18687,0.99346
test_18688,0.00041
test_18689,0.99274
test_18690,0.99022
test_18691,0.99536
test_18692,0.02990
test_18693,0.99840
test_18694,0.19589
test_18695,0.99434
test_18696,0.98713
test_18697,0.00876
test_18698,0.11287
test_18699,0.38843
test_18700,0.95362
test_18701,0.76819
test_18702,0.13137
test_18703,0.00072
test_18704,0.95874
test_18705,0.00958
test_18706,0.99715
test_18707,0.00048
test_18708,0.00016
test_18709,0.99971
test_18710,0.95985
test_18711,0.98309
test_18712,0.01052
test_18713,0.99880
test_18714,0.18147
test_18715,0.99932
test_18716,0.99816
test_18717,0.00404
test_18718,0.34554
test_18719,0.99912
test_18720,0.00184
test_18721,0.60944
test_18722,0.79147
test_18723,0.00038
test_18724,0.99969
test_18725,0.80097
test_18726,0.93587
test_18727,0.85299
test_18728,0.98167
test_18729,0.93508
test_18730,0.22756
test_18731,0.99980
test_18732,0.00002
test_18733,0.99992
test_18734,0.72816
test_18735,0.00049
test_18736,0.99871
test_18737,0.99800
test_18738,0.00002
test_18739,0.73314
test_18740,0.03083
test_18741,0.00952
test_18742,0.14947
test_18743,0.99987
test_18744,0.98825
test_18745,0.99777
test_18746,0.99915
test_18747,0.02015
test_18748,0.99744
test_18749,0.99986
test_18750,0.01445
test_18751,0.27371
test_18752,0.00266
test_18753,0.99990
test_18754,0.98248
test_18755,0.91890
test_18756,0.51371
test_18757,0.00344
test_18758,0.00077
test_18759,0.99065
test_18760,0.18710
test_18761,0.52869
test_18762,0.98858
test_18763,0.99745
test_18764,0.99963
test_18765,0.01264
test_18766,0.00061
test_18767,0.99897
test_18768,0.07981
test_18769,0.01358
test_18770,0.96558
test_18771,0.00250
test_18772,0.01273
test_18773,0.71254
test_18774,0.00193
test_18775,0.00275
test_18776,0.01019
test_18777,0.00917
test_18778,0.99480
test_18779,0.46795
test_18780,0.83420
test_18781,0.16764
test_18782,0.99975
test_18783,0.01542
test_18784,0.00049
test_18785,0.48653
test_18786,0.00120
test_18787,0.99921
test_18788,0.99940
test_18789,0.00022
test_18790,0.00026
test_18791,0.01368
test_18792,0.98527
test_18793,0.00001
test_18794,0.96683
test_18795,0.01875
test_18796,0.97935
test_18797,0.99961
test_18798,0.00794
test_18799,0.99946
test_18800,0.84646
test_18801,0.16069
test_18802,0.99269
test_18803,0.26717
test_18804,0.00920
test_18805,0.05826
test_18806,0.99960
test_18807,0.16315
test_18808,0.01375
test_18809,0.00005
test_18810,0.00025
test_18811,0.70169
test_18812,0.00120
test_18813,0.99983
test_18814,0.89841
test_18815,0.18243
test_18816,0.99838
test_18817,0.00062
test_18818,0.12982
test_18819,0.98556
test_18820,0.98359
test_18821,0.99918
test_18822,0.98919
test_18823,0.99996
test_18824,0.00001
test_18825,0.21120
test_18826,0.00119
test_18827,0.00004
test_18828,0.01702
test_18829,0.00151
test_18830,0.00226
test_18831,0.89300
test_18832,0.26185
test_18833,0.02709
test_18834,0.98373
test_18835,0.99772
test_18836,0.99243
test_18837,0.99835
test_18838,0.00127
test_18839,0.99153
test_18840,0.91790
test_18841,0.00078
test_18842,0.02757
test_18843,0.99809
test_18844,0.00005
test_18845,0.99957
test_18846,0.98721
test_18847,0.14187
test_18848,0.34629
test_18849,0.99777
test_18850,0.77670
test_18851,0.99825
test_18852,0.00003
test_18853,0.13609
test_18854,0.51693
test_18855,0.00021
test_18856,0.11030
test_18857,0.00004
test_18858,0.83413
test_18859,0.06266
test_18860,0.92589
test_18861,0.02716
test_18862,0.00315
test_18863,0.04579
test_18864,0.99960
test_18865,0.00002
test_18866,0.00446
test_18867,0.99487
test_18868,0.00077
test_18869,0.76193
test_18870,0.97693
test_18871,0.00038
test_18872,0.96442
test_18873,0.06545
test_18874,0.00546
test_18875,0.21438
test_18876,0.99755
test_18877,0.00177
test_18878,0.90649
test_18879,0.00171
test_18880,0.99982
test_18881,0.99973
test_18882,0.07572
test_18883,0.32078
test_18884,0.79279
test_18885,0.03313
test_18886,0.85258
test_18887,0.56954
test_18888,0.04654
test_18889,0.00168
test_18890,0.01406
test_18891,0.00051
test_18892,0.99997
test_18893,0.90523
test_18894,0.99990
test_18895,0.79065
test_18896,0.98963
test_18897,0.89516
test_18898,0.97265
test_18899,0.61254
test_18900,0.16047
test_18901,0.99844
test_18902,0.88671
test_18903,0.16625
test_18904,0.12750
test_18905,0.06653
test_18906,0.01650
test_18907,0.00008
test_18908,0.87755
test_18909,0.99393
test_18910,0.00021
test_18911,0.05368
test_18912,0.89938
test_18913,0.00229
test_18914,0.00169
test_18915,0.37631
test_18916,0.00015
test_18917,0.18728
test_18918,0.99999
test_18919,0.85456
test_18920,0.00007
test_18921,0.99965
test_18922,0.00125
test_18923,0.81624
test_18924,0.00289
test_18925,0.01251
test_18926,0.00690
test_18927,0.85052
test_18928,0.00043
test_18929,0.03829
test_18930,0.99938
test_18931,0.99984
test_18932,0.04193
test_18933,0.03620
test_18934,0.99985
test_18935,0.07292
test_18936,0.00264
test_18937,0.99874
test_18938,0.00011
test_18939,0.04066
test_18940,0.00251
test_18941,0.99977
test_18942,0.00077
test_18943,0.00023
test_18944,0.00765
test_18945,0.99987
test_18946,0.09405
test_18947,0.99992
test_18948,0.65515
test_18949,0.94410
test_18950,0.01827
test_18951,0.00605
test_18952,0.80291
test_18953,0.82417
test_18954,0.99986
test_18955,0.03265
test_18956,0.15705
test_18957,0.99934
test_18958,0.99937
test_18959,0.00092
test_18960,0.34087
test_18961,0.38205
test_18962,0.00012
test_18963,0.00049
test_18964,0.00448
test_18965,0.00875
test_18966,0.78664
test_18967,0.99998
test_18968,0.99311
test_18969,0.83211
test_18970,0.00022
test_18971,0.96750
test_18972,0.20504
test_18973,0.99890
test_18974,0.99997
test_18975,0.99236
test_18976,0.99040
test_18977,0.99935
test_18978,0.97821
test_18979,0.99990
test_18980,0.99930
test_18981,0.06661
test_18982,0.00211
test_18983,0.98788
test_18984,0.99691
test_18985,0.06171
test_18986,0.78863
test_18987,0.99673
test_18988,0.35829
test_18989,0.99988
test_18990,0.99714
test_18991,0.99827
test_18992,0.00139
test_18993,0.99991
test_18994,0.89720
test_18995,0.99989
test_18996,0.00003
test_18997,0.00624
test_18998,0.99282
test_18999,0.00629
test_19000,0.97556
test_19001,0.00086
test_19002,0.04308
test_19003,0.00076
test_19004,0.84252
test_19005,0.00648
test_19006,0.88329
test_19007,0.00929
test_19008,0.15264
test_19009,0.00024
test_19010,0.51154
test_19011,0.99976
test_19012,0.06342
test_19013,0.12356
test_19014,0.99908
test_19015,0.00942
test_19016,0.94793
test_19017,0.02268
test_19018,0.01950
test_19019,0.98797
test_19020,0.05296
test_19021,0.04289
test_19022,0.49928
test_19023,0.00416
test_19024,0.98042
test_19025,0.89247
test_19026,0.96776
test_19027,0.03129
test_19028,0.30593
test_19029,0.99932
test_19030,0.00003
test_19031,0.99994
test_19032,0.11408
test_19033,0.99983
test_19034,0.95169
test_19035,0.00028
test_19036,0.64665
test_19037,0.99939
test_19038,0.00020
test_19039,0.00161
test_19040,0.99793
test_19041,0.95038
test_19042,0.99999
test_19043,0.77879
test_19044,0.26366
test_19045,0.00003
test_19046,0.87808
test_19047,0.93947
test_19048,0.99650
test_19049,0.93456
test_19050,0.98875
test_19051,0.00153
test_19052,0.30985
test_19053,0.89465
test_19054,0.00058
test_19055,0.99954
test_19056,0.40538
test_19057,0.99907
test_19058,0.01306
test_19059,0.00104
test_19060,0.00069
test_19061,0.83159
test_19062,0.63996
test_19063,0.94707
test_19064,0.00166
test_19065,0.01869
test_19066,0.00072
test_19067,0.99744
test_19068,0.99081
test_19069,0.00387
test_19070,0.79993
test_19071,0.16601
test_19072,0.00301
test_19073,0.99998
test_19074,0.98673
test_19075,0.99253
test_19076,0.99985
test_19077,0.00377
test_19078,0.15343
test_19079,0.68617
test_19080,0.00137
test_19081,0.99956
test_19082,0.40237
test_19083,0.89851
test_19084,0.96467
test_19085,0.01695
test_19086,0.00310
test_19087,0.01810
test_19088,0.00224
test_19089,0.90332
test_19090,0.00038
test_19091,0.99949
test_19092,0.94227
test_19093,0.00832
test_19094,0.00125
test_19095,0.00014
test_19096,0.84358
test_19097,0.15470
test_19098,0.13787
test_19099,0.99886
test_19100,0.00429
test_19101,0.99976
test_19102,0.00008
test_19103,0.00356
test_19104,0.07230
test_19105,0.96640
test_19106,0.01299
test_19107,0.99996
test_19108,0.00367
test_19109,0.03425
test_19110,0.00486
test_19111,0.00002
test_19112,0.99904
test_19113,0.21886
test_19114,0.02071
test_19115,0.00241
test_19116,0.94846
test_19117,0.00045
test_19118,0.00059
test_19119,0.19854
test_19120,0.01016
test_19121,0.93113
test_19122,0.99611
test_19123,0.99987
test_19124,0.00175
test_19125,0.97925
test_19126,0.58638
test_19127,0.09080
test_19128,0.69490
test_19129,0.02545
test_19130,0.97281
test_19131,0.93795
test_19132,0.06396
test_19133,0.00030
test_19134,0.66653
test_19135,0.00049
test_19136,0.99709
test_19137,0.99507
test_19138,0.00008
test_19139,0.03170
test_19140,0.99751
test_19141,0.00319
test_19142,0.92413
test_19143,0.00031
test_19144,0.92200
test_19145,0.99902
test_19146,0.99961
test_19147,0.99981
test_19148,0.99563
test_19149,0.99694
test_19150,0.21218
test_19151,0.00017
test_19152,0.99883
test_19153,0.38831
test_19154,0.01951
test_19155,0.99895
test_19156,0.44677
test_19157,0.94074
test_19158,0.99411
test_19159,0.99916
test_19160,0.00031
test_19161,0.02292
test_19162,0.00013
test_19163,0.99813
test_19164,0.02950
test_19165,0.02521
test_19166,0.99320
test_19167,0.79896
test_19168,0.94330
test_19169,0.00129
test_19170,0.99995
test_19171,0.99913
test_19172,0.97747
test_19173,0.95893
test_19174,0.85295
test_19175,0.01674
test_19176,0.21174
test_19177,0.98470
test_19178,0.99411
test_19179,0.20973
test_19180,0.09049
test_19181,0.45330
test_19182,0.00006
test_19183,0.99514
test_19184,0.96923
test_19185,0.79009
test_19186,0.87360
test_19187,0.99326
test_19188,0.95939
test_19189,0.94283
test_19190,0.99712
test_19191,0.00054
test_19192,0.91514
test_19193,0.03472
test_19194,0.04169
test_19195,0.00036
test_19196,0.96400
test_19197,0.00898
test_19198,0.99250
test_19199,0.00920
test_19200,0.99940
test_19201,0.81604
test_19202,0.94312
test_19203,0.99997
test_19204,0.87151
test_19205,0.02614
test_19206,0.83579
test_19207,0.03447
test_19208,0.99983
test_19209,0.99872
test_19210,0.01156
test_19211,0.00063
test_19212,0.99941
test_19213,0.93519
test_19214,0.00099
test_19215,0.00176
test_19216,0.05901
test_19217,0.99968
test_19218,0.00455
test_19219,0.12831
test_19220,0.26005
test_19221,0.66586
test_19222,0.83949
test_19223,0.99976
test_19224,0.00041
test_19225,0.00101
test_19226,0.99680
test_19227,0.17277
test_19228,0.99994
test_19229,0.00001
test_19230,0.03128
test_19231,0.69438
test_19232,0.97810
test_19233,0.99770
test_19234,0.00083
test_19235,0.01118
test_19236,0.00592
test_19237,0.00002
test_19238,0.08281
test_19239,0.01064
test_19240,0.99911
test_19241,0.97359
test_19242,0.82002
test_19243,0.21708
test_19244,0.99900
test_19245,0.99525
test_19246,0.99811
test_19247,0.01957
test_19248,0.99993
test_19249,0.00087
test_19250,0.99952
test_19251,0.93060
test_19252,0.00065
test_19253,0.00140
test_19254,0.99695
test_19255,0.69312
test_19256,0.98700
test_19257,0.00060
test_19258,0.00824
test_19259,0.00041
test_19260,0.30101
test_19261,0.93968
test_19262,0.88877
test_19263,0.03720
test_19264,0.01291
test_19265,0.94964
test_19266,0.02731
test_19267,0.94397
test_19268,0.99604
test_19269,0.03299
test_19270,0.01329
test_19271,0.00006
test_19272,0.99901
test_19273,0.99878
test_19274,0.00050
test_19275,0.28896
test_19276,0.98857
test_19277,0.00067
test_19278,0.00008
test_19279,0.58878
test_19280,0.93571
test_19281,0.72135
test_19282,0.00090
test_19283,0.02497
test_19284,0.85455
test_19285,0.22613
test_19286,0.00013
test_19287,0.99882
test_19288,0.18875
test_19289,0.02348
test_19290,0.99998
test_19291,0.00229
test_19292,0.14524
test_19293,0.00889
test_19294,0.99968
test_19295,0.99949
test_19296,0.99701
test_19297,0.00028
test_19298,0.99198
test_19299,0.30668
test_19300,0.05152
test_19301,0.63277
test_19302,0.87374
test_19303,0.99991
test_19304,0.99985
test_19305,0.13118
test_19306,0.99998
test_19307,0.99972
test_19308,0.99539
test_19309,0.25822
test_19310,0.00036
test_19311,0.00003
test_19312,0.07661
test_19313,0.00779
test_19314,0.02134
test_19315,0.98944
test_19316,0.99758
test_19317,0.00186
test_19318,0.86569
test_19319,0.00419
test_19320,0.98536
test_19321,0.02874
test_19322,0.00185
test_19323,0.99908
test_19324,0.00102
test_19325,0.00005
test_19326,0.00050
test_19327,0.82874
test_19328,0.00039
test_19329,0.01777
test_19330,0.78337
test_19331,0.01853
test_19332,0.99757
test_19333,0.00006
test_19334,0.00029
test_19335,0.00044
test_19336,0.00110
test_19337,0.07949
test_19338,0.99677
test_19339,0.01959
test_19340,0.99977
test_19341,0.02821
test_19342,0.99644
test_19343,0.99906
test_19344,0.00969
test_19345,0.99968
test_19346,0.34682
test_19347,0.00882
test_19348,0.01367
test_19349,0.00869
test_19350,0.00058
test_19351,0.00053
test_19352,0.99214
test_19353,0.01489
test_19354,0.99994
test_19355,0.01975
test_19356,0.27902
test_19357,0.56301
test_19358,0.99077
test_19359,0.94175
test_19360,0.02644
test_19361,0.00484
test_19362,0.00024
test_19363,0.02041
test_19364,0.99818
test_19365,0.18615
test_19366,0.28108
test_19367,0.98560
test_19368,0.99781
test_19369,0.79441
test_19370,0.16616
test_19371,0.06106
test_19372,0.18064
test_19373,0.36591
test_19374,0.98699
test_19375,0.07069
test_19376,0.99986
test_19377,0.99994
test_19378,0.95836
test_19379,0.05878
test_19380,0.97659
test_19381,0.94543
test_19382,0.00001
test_19383,0.99969
test_19384,0.99973
test_19385,0.99295
test_19386,0.40473
test_19387,0.62725
test_19388,0.88166
test_19389,0.62831
test_19390,0.99987
test_19391,0.97984
test_19392,0.00128
test_19393,0.97104
test_19394,0.99915
test_19395,0.00042
test_19396,0.92449
test_19397,0.08663
test_19398,0.22898
test_19399,0.39274
test_19400,0.00131
test_19401,0.99622
test_19402,0.05509
test_19403,0.00458
test_19404,0.00107
test_19405,0.93338
test_19406,0.99993
test_19407,0.19884
test_19408,0.73733
test_19409,0.00977
test_19410,0.07709
test_19411,0.02835
test_19412,0.00206
test_19413,0.99266
test_19414,0.00281
test_19415,0.32882
test_19416,0.99854
test_19417,0.01607
test_19418,0.00013
test_19419,0.85738
test_19420,0.00959
test_19421,0.99298
test_19422,0.98780
test_19423,0.96726
test_19424,0.17527
test_19425,0.00017
test_19426,0.00149
test_19427,0.11896
test_19428,0.99703
test_19429,0.99751
test_19430,0.57286
test_19431,0.98476
test_19432,0.99654
test_19433,0.00024
test_19434,0.99395
test_19435,0.99999
test_19436,0.99732
test_19437,0.99841
test_19438,0.00718
test_19439,0.28872
test_19440,0.05708
test_19441,0.99894
test_19442,0.53360
test_19443,0.00164
test_19444,0.00317
test_19445,0.00847
test_19446,0.99054
test_19447,0.00161
test_19448,0.80063
test_19449,0.99910
test_19450,0.99827
test_19451,0.94015
test_19452,0.99996
test_19453,0.96566
test_19454,0.99680
test_19455,0.19882
test_19456,0.00245
test_19457,0.99600
test_19458,0.99854
test_19459,0.99987
test_19460,0.00124
test_19461,0.00047
test_19462,0.86985
test_19463,0.16991
test_19464,0.20505
test_19465,0.00972
test_19466,0.46750
test_19467,0.93962
test_19468,0.95350
test_19469,0.99937
test_19470,0.00164
test_19471,0.00007
test_19472,0.99997
test_19473,0.99993
test_19474,0.97987
test_19475,0.99954
test_19476,0.97000
test_19477,0.08975
test_19478,0.11709
test_19479,0.99999
test_19480,0.99981
test_19481,0.99949
test_19482,0.00395
test_19483,0.99979
test_19484,0.97588
test_19485,0.99806
test_19486,0.00615
test_19487,0.94818
test_19488,0.99698
test_19489,0.76068
test_19490,0.00904
test_19491,0.69788
test_19492,0.01060
test_19493,0.99996
test_19494,0.26227
test_19495,0.99153
test_19496,0.95188
test_19497,0.11780
test_19498,0.91146
test_19499,0.97197
test_19500,0.02523
test_19501,0.82254
test_19502,0.00196
test_19503,0.53459
test_19504,0.00374
test_19505,0.99922
test_19506,0.80182
test_19507,0.99766
test_19508,0.99977
test_19509,0.99677
test_19510,0.99983
test_19511,0.70403
test_19512,0.99948
test_19513,0.90320
test_19514,0.99548
test_19515,0.01605
test_19516,0.98738
test_19517,0.13725
test_19518,0.96898
test_19519,0.99602
test_19520,0.42775
test_19521,0.81127
test_19522,0.07253
test_19523,0.22253
test_19524,0.11044
test_19525,0.01818
test_19526,0.02073
test_19527,0.95278
test_19528,0.03812
test_19529,0.39177
test_19530,0.00244
test_19531,0.00475
test_19532,0.98110
test_19533,0.00783
test_19534,0.99835
test_19535,0.01192
test_19536,0.68124
test_19537,0.20051
test_19538,0.98089
test_19539,0.99994
test_19540,0.07723
test_19541,0.81060
test_19542,0.95046
test_19543,0.00075
test_19544,0.99956
test_19545,0.94189
test_19546,0.99976
test_19547,0.00184
test_19548,0.99981
test_19549,0.00012
test_19550,0.03838
test_19551,0.79983
test_19552,0.99612
test_19553,0.00267
test_19554,0.01540
test_19555,0.99342
test_19556,0.08383
test_19557,0.00550
test_19558,0.00280
test_19559,0.05148
test_19560,0.99994
test_19561,0.99858
test_19562,0.99925
test_19563,0.99943
test_19564,0.00136
test_19565,0.50535
test_19566,0.01315
test_19567,0.82379
test_19568,0.58949
test_19569,0.16909
test_19570,0.96672
test_19571,0.97721
test_19572,0.86403
test_19573,0.99205
test_19574,0.00031
test_19575,0.00026
test_19576,0.99907
test_19577,0.99034
test_19578,0.98028
test_19579,0.01674
test_19580,0.00022
test_19581,0.63177
test_19582,0.98801
test_19583,0.00004
test_19584,0.11140
test_19585,0.96333
test_19586,0.99942
test_19587,0.00884
test_19588,0.99690
test_19589,0.00003
test_19590,0.99645
test_19591,0.99640
test_19592,0.95413
test_19593,0.77686
test_19594,0.00276
test_19595,0.00011
test_19596,0.99831
test_19597,0.00041
test_19598,0.01175
test_19599,0.93169
test_19600,0.00246
test_19601,0.00098
test_19602,0.02489
test_19603,0.99739
test_19604,0.99808
test_19605,0.00103
test_19606,0.99951
test_19607,0.00069
test_19608,0.00166
test_19609,0.03330
test_19610,0.99760
test_19611,0.99317
test_19612,0.01202
test_19613,0.99971
test_19614,0.08171
test_19615,0.98968
test_19616,0.00932
test_19617,0.19381
test_19618,0.66764
test_19619,0.99780
test_19620,0.15513
test_19621,0.00087
test_19622,0.05936
test_19623,0.00974
test_19624,0.02163
test_19625,0.99831
test_19626,0.00002
test_19627,0.00551
test_19628,0.99994
test_19629,0.02360
test_19630,0.99854
test_19631,0.88350
test_19632,0.99541
test_19633,0.99502
test_19634,0.98298
test_19635,0.99617
test_19636,0.99287
test_19637,0.83948
test_19638,0.99967
test_19639,0.67681
test_19640,0.00040
test_19641,0.22998
test_19642,0.00085
test_19643,0.00005
test_19644,0.00018
test_19645,0.16884
test_19646,0.18533
test_19647,0.99994
test_19648,0.04186
test_19649,0.84143
test_19650,0.00058
test_19651,0.00016
test_19652,0.00005
test_19653,0.58832
test_19654,0.00062
test_19655,0.00157
test_19656,0.02294
test_19657,0.08562
test_19658,0.00419
test_19659,0.95761
test_19660,0.99787
test_19661,0.00831
test_19662,0.85397
test_19663,0.16108
test_19664,0.62524
test_19665,0.99556
test_19666,0.99982
test_19667,0.98568
test_19668,0.00005
test_19669,0.01784
test_19670,0.99788
test_19671,0.23748
test_19672,0.99955
test_19673,0.02662
test_19674,0.06028
test_19675,0.99168
test_19676,0.99998
test_19677,0.99912
test_19678,0.00076
test_19679,0.93553
test_19680,0.97284
test_19681,0.49564
test_19682,0.07694
test_19683,0.99921
test_19684,0.01888
test_19685,0.99996
test_19686,0.98540
test_19687,0.00002
test_19688,0.80249
test_19689,1.00000
test_19690,0.12934
test_19691,0.99531
test_19692,0.93291
test_19693,0.76587
test_19694,0.91602
test_19695,0.88836
test_19696,0.99328
test_19697,0.03167
test_19698,0.99033
test_19699,0.99997
test_19700,0.22387
test_19701,0.00222
test_19702,0.00306
test_19703,0.00000
test_19704,0.96700
test_19705,0.00085
test_19706,0.16535
test_19707,0.98988
test_19708,0.98264
test_19709,0.00354
test_19710,0.86263
test_19711,0.00195
test_19712,0.83196
test_19713,0.99828
test_19714,0.00070
test_19715,0.00603
test_19716,0.00020
test_19717,0.99512
test_19718,0.98070
test_19719,0.99964
test_19720,0.99825
test_19721,0.77278
test_19722,0.00014
test_19723,0.99875
test_19724,0.00542
test_19725,0.99910
test_19726,0.99974
test_19727,0.01973
test_19728,0.99707
test_19729,0.06060
test_19730,0.01723
test_19731,0.10505
test_19732,0.99999
test_19733,0.30946
test_19734,0.99859
test_19735,0.97672
test_19736,0.98890
test_19737,0.49367
test_19738,0.92537
test_19739,0.00102
test_19740,0.99945
test_19741,0.99870
test_19742,0.00207
test_19743,0.05919
test_19744,0.99918
test_19745,0.97414
test_19746,0.00041
test_19747,0.88849
test_19748,0.00001
test_19749,0.56683
test_19750,0.99986
test_19751,0.01284
test_19752,0.82354
test_19753,0.00440
test_19754,0.11745
test_19755,0.98672
test_19756,0.98245
test_19757,0.98547
test_19758,0.00161
test_19759,0.82880
test_19760,0.97492
test_19761,0.09263
test_19762,0.00038
test_19763,0.09216
test_19764,0.51193
test_19765,0.99954
test_19766,0.00001
test_19767,0.05767
test_19768,0.00363
test_19769,0.01760
test_19770,0.00422
test_19771,0.99959
test_19772,0.99909
test_19773,0.00883
test_19774,0.00475
test_19775,0.00548
test_19776,0.99982
test_19777,0.00273
test_19778,0.99805
test_19779,0.98160
test_19780,0.79743
test_19781,0.00095
test_19782,0.58499
test_19783,0.09786
test_19784,0.99995
test_19785,0.99315
test_19786,0.99800
test_19787,0.00001
test_19788,0.99823
test_19789,0.77131
test_19790,0.99373
test_19791,0.30346
test_19792,0.95644
test_19793,0.19072
test_19794,0.00059
test_19795,0.88054
test_19796,0.03692
test_19797,0.84874
test_19798,0.00424
test_19799,0.97452
test_19800,0.00005
test_19801,0.03152
test_19802,0.26757
test_19803,0.99844
test_19804,0.90734
test_19805,0.00076
test_19806,0.11097
test_19807,0.99948
test_19808,0.00231
test_19809,0.04845
test_19810,0.98440
test_19811,0.80462
test_19812,0.04941
test_19813,0.03497
test_19814,0.99977
test_19815,0.00028
test_19816,0.00009
test_19817,0.99850
test_19818,0.00409
test_19819,0.98234
test_19820,0.01238
test_19821,0.89344
test_19822,0.99992
test_19823,0.86381
test_19824,0.99452
test_19825,0.97510
test_19826,0.20058
test_19827,0.99986
test_19828,0.02472
test_19829,0.00122
test_19830,0.86440
test_19831,0.00174
test_19832,0.98007
test_19833,0.00858
test_19834,0.04065
test_19835,0.06097
test_19836,0.00016
test_19837,0.99942
test_19838,1.00000
test_19839,0.01326
test_19840,0.81290
test_19841,0.00339
test_19842,0.00550
test_19843,0.00047
test_19844,0.00041
test_19845,0.00297
test_19846,0.99322
test_19847,0.94138
test_19848,0.13965
test_19849,0.14451
test_19850,0.84688
test_19851,0.02384
test_19852,0.22358
test_19853,0.01045
test_19854,0.96950
test_19855,0.31747
test_19856,0.91605
test_19857,0.00710
test_19858,0.90622
test_19859,0.90147
test_19860,0.00459
test_19861,0.01070
test_19862,0.00016
test_19863,0.99170
test_19864,0.00012
test_19865,0.96769
test_19866,0.01245
test_19867,0.99926
test_19868,0.93409
test_19869,0.06407
test_19870,0.00001
test_19871,0.99960
test_19872,0.97930
test_19873,0.94507
test_19874,0.00004
test_19875,0.00031
test_19876,0.87568
test_19877,0.99409
test_19878,0.96703
test_19879,0.98343
test_19880,0.60843
test_19881,0.00019
test_19882,0.99994
test_19883,0.81403
test_19884,0.00558
test_19885,0.77468
test_19886,0.99930
test_19887,0.99986
test_19888,0.00709
test_19889,0.99885
test_19890,0.99971
test_19891,0.08519
test_19892,0.99214
test_19893,0.99459
test_19894,0.01854
test_19895,0.81242
test_19896,0.09711
test_19897,0.67324
test_19898,0.00440
test_19899,0.00066
test_19900,0.92539
test_19901,0.00356
test_19902,0.75495
test_19903,0.91847
test_19904,0.99958
test_19905,0.28503
test_19906,0.50081
test_19907,0.01036
test_19908,0.10222
test_19909,0.01151
test_19910,0.00019
test_19911,0.02157
test_19912,0.61925
test_19913,0.99585
test_19914,0.00042
test_19915,0.18442
test_19916,0.00066
test_19917,0.00039
test_19918,0.18379
test_19919,0.09688
test_19920,0.18147
test_19921,0.98500
test_19922,0.99837
test_19923,0.99974
test_19924,0.21176
test_19925,0.99920
test_19926,0.00664
test_19927,0.23932
test_19928,0.00112
test_19929,0.99870
test_19930,0.70400
test_19931,0.99138
test_19932,0.99274
test_19933,0.00111
test_19934,0.99912
test_19935,0.00037
test_19936,0.99934
test_19937,0.99988
test_19938,0.98484
test_19939,0.02156
test_19940,0.00206
test_19941,0.00209
test_19942,0.00090
test_19943,0.94503
test_19944,0.99948
test_19945,0.00010
test_19946,0.00014
test_19947,0.00022
test_19948,0.97865
test_19949,0.12438
test_19950,0.28375
test_19951,0.99972
test_19952,0.99811
test_19953,0.00002
test_19954,0.00347
test_19955,0.00030
test_19956,0.00008
test_19957,0.00505
test_19958,0.37428
test_19959,0.99344
test_19960,0.01983
test_19961,0.99895
test_19962,0.00062
test_19963,0.06768
test_19964,0.91666
test_19965,0.00072
test_19966,0.99960
test_19967,0.79841
test_19968,0.88828
test_19969,0.19402
test_19970,0.00157
test_19971,0.21136
test_19972,0.12392
test_19973,0.85891
test_19974,0.85087
test_19975,0.34874
test_19976,0.97273
test_19977,0.00420
test_19978,0.00152
test_19979,0.01564
test_19980,0.90127
test_19981,0.99896
test_19982,0.99846
test_19983,0.99761
test_19984,0.96963
test_19985,0.08371
test_19986,0.03180
test_19987,0.94706
test_19988,0.99259
test_19989,0.01130
test_19990,0.24971
test_19991,0.99872
test_19992,0.00256
test_19993,0.68094
test_19994,0.03703
test_19995,0.37335
test_19996,0.00583
test_19997,0.00230
test_19998,0.00001
test_19999,0.02807
