image_id,p_180
test_00000,0.45291
test_00001,0.99952
test_00002,0.99998
test_00003,0.00050
test_00004,0.99971
test_00005,0.01125
test_00006,0.99952
test_00007,0.99999
test_00008,0.97659
test_00009,0.05189
test_00010,0.45924
test_00011,0.00040
test_00012,0.28268
test_00013,0.99849
test_00014,0.97991
test_00015,0.98841
test_00016,0.74806
test_00017,0.00487
test_00018,0.94879
test_00019,0.00152
test_00020,0.00032
test_00021,0.00871
test_00022,0.99838
test_00023,0.03719
test_00024,0.60315
test_00025,0.99995
test_00026,0.99816
test_00027,0.97195
test_00028,0.68572
test_00029,0.95067
test_00030,0.00100
test_00031,0.99691
test_00032,0.69395
test_00033,0.95249
test_00034,0.99361
test_00035,0.99996
test_00036,0.63663
test_00037,0.14086
test_00038,0.00293
test_00039,0.00165
test_00040,0.15798
test_00041,0.00664
test_00042,0.99847
test_00043,0.27103
test_00044,0.00689
test_00045,0.77838
test_00046,0.00048
test_00047,0.99814
test_00048,0.99854
test_00049,0.97589
test_00050,0.99989
test_00051,0.00160
test_00052,0.00001
test_00053,0.89837
test_00054,0.23253
test_00055,0.99958
test_00056,0.00020
test_00057,0.94784
test_00058,0.00061
test_00059,0.99205
test_00060,0.05984
test_00061,0.00630
test_00062,0.32526
test_00063,0.00650
test_00064,0.00004
test_00065,0.99973
test_00066,0.96940
test_00067,0.00141
test_00068,0.00037
test_00069,0.31561
test_00070,0.97369
test_00071,1.00000
test_00072,0.99792
test_00073,0.92145
test_00074,0.49180
test_00075,0.99981
test_00076,0.01539
test_00077,0.99934
test_00078,0.99987
test_00079,0.45431
test_00080,0.10971
test_00081,0.98048
test_00082,0.99993
test_00083,0.00053
test_00084,0.99995
test_00085,0.99852
test_00086,0.99991
test_00087,0.99921
test_00088,0.87318
test_00089,0.18383
test_00090,0.42652
test_00091,0.00004
test_00092,0.99470
test_00093,0.90774
test_00094,0.01271
test_00095,0.93507
test_00096,0.33010
test_00097,0.00234
test_00098,0.00073
test_00099,0.00322
test_00100,0.00938
test_00101,0.97008
test_00102,0.00003
test_00103,0.99970
test_00104,0.26824
test_00105,0.00001
test_00106,0.50773
test_00107,0.95052
test_00108,0.92324
test_00109,0.01143
test_00110,0.99320
test_00111,0.39465
test_00112,0.96448
test_00113,0.00188
test_00114,0.99955
test_00115,0.95536
test_00116,0.15585
test_00117,0.96981
test_00118,0.99617
test_00119,0.98376
test_00120,0.56315
test_00121,0.99808
test_00122,0.99249
test_00123,0.99824
test_00124,0.00124
test_00125,0.00424
test_00126,0.00019
test_00127,0.99981
test_00128,0.00009
test_00129,0.09245
test_00130,0.99999
test_00131,0.00020
test_00132,0.93537
test_00133,0.61040
test_00134,0.03275
test_00135,0.85384
test_00136,0.10258
test_00137,0.99181
test_00138,0.99899
test_00139,0.00453
test_00140,0.99989
test_00141,0.00189
test_00142,0.72506
test_00143,0.97886
test_00144,0.20943
test_00145,0.99430
test_00146,0.00315
test_00147,0.99578
test_00148,0.10808
test_00149,0.00097
test_00150,0.01370
test_00151,0.99992
test_00152,0.00209
test_00153,0.14628
test_00154,0.07877
test_00155,0.99977
test_00156,0.99997
test_00157,0.01838
test_00158,0.99371
test_00159,0.99997
test_00160,0.98992
test_00161,0.58906
test_00162,0.99114
test_00163,0.38407
test_00164,0.21181
test_00165,0.99283
test_00166,0.91554
test_00167,0.94645
test_00168,0.01420
test_00169,0.00051
test_00170,0.95829
test_00171,0.89763
test_00172,0.47399
test_00173,0.35745
test_00174,0.00020
test_00175,0.99937
test_00176,0.99309
test_00177,0.00592
test_00178,0.01506
test_00179,0.99933
test_00180,0.00017
test_00181,0.78882
test_00182,0.99095
test_00183,0.90948
test_00184,0.98644
test_00185,0.99967
test_00186,0.02227
test_00187,0.99374
test_00188,0.99804
test_00189,0.99984
test_00190,0.00032
test_00191,0.13460
test_00192,0.00001
test_00193,0.14409
test_00194,0.00423
test_00195,0.02220
test_00196,0.55895
test_00197,0.21134
test_00198,0.02776
test_00199,0.99998
test_00200,0.99566
test_00201,0.99550
test_00202,0.98022
test_00203,0.36984
test_00204,0.99967
test_00205,0.03496
test_00206,0.00095
test_00207,0.00022
test_00208,0.00052
test_00209,0.00082
test_00210,0.19068
test_00211,0.99377
test_00212,0.98249
test_00213,0.86783
test_00214,0.99746
test_00215,0.00090
test_00216,0.00000
test_00217,0.05809
test_00218,0.00893
test_00219,0.99966
test_00220,0.99464
test_00221,0.99717
test_00222,0.12487
test_00223,0.99131
test_00224,0.98191
test_00225,0.99874
test_00226,0.00406
test_00227,0.01848
test_00228,0.86613
test_00229,0.00394
test_00230,0.00211
test_00231,1.00000
test_00232,0.75664
test_00233,0.79672
test_00234,0.00386
test_00235,0.99996
test_00236,0.00008
test_00237,0.04099
test_00238,0.99719
test_00239,0.22698
test_00240,0.00085
test_00241,0.00333
test_00242,0.89996
test_00243,1.00000
test_00244,0.99642
test_00245,0.52302
test_00246,0.00011
test_00247,0.59514
test_00248,0.99702
test_00249,0.99999
test_00250,0.41086
test_00251,0.96359
test_00252,0.00051
test_00253,0.99993
test_00254,0.00099
test_00255,0.00236
test_00256,0.01292
test_00257,0.04969
test_00258,0.31137
test_00259,0.29618
test_00260,0.46905
test_00261,0.55038
test_00262,0.99696
test_00263,0.99996
test_00264,0.99947
test_00265,0.92515
test_00266,0.98518
test_00267,0.99091
test_00268,0.25432
test_00269,0.98704
test_00270,0.97768
test_00271,0.69463
test_00272,0.99399
test_00273,0.01477
test_00274,0.99850
test_00275,0.03741
test_00276,0.55245
test_00277,1.00000
test_00278,0.46237
test_00279,0.87872
test_00280,0.73140
test_00281,0.99984
test_00282,0.99211
test_00283,0.35929
test_00284,0.15324
test_00285,0.00009
test_00286,0.00825
test_00287,0.93558
test_00288,0.99951
test_00289,0.99022
test_00290,0.99956
test_00291,0.99994
test_00292,1.00000
test_00293,0.00069
test_00294,0.99990
test_00295,1.00000
test_00296,0.00786
test_00297,0.99948
test_00298,0.42997
test_00299,0.95773
test_00300,0.00826
test_00301,0.32453
test_00302,0.99694
test_00303,0.77516
test_00304,0.00046
test_00305,0.97727
test_00306,0.97475
test_00307,0.72660
test_00308,0.92928
test_00309,0.88496
test_00310,0.14038
test_00311,0.98088
test_00312,0.00870
test_00313,0.99999
test_00314,0.02250
test_00315,0.41008
test_00316,0.76824
test_00317,0.00006
test_00318,0.99968
test_00319,0.50183
test_00320,0.99932
test_00321,0.67700
test_00322,0.92901
test_00323,0.98976
test_00324,0.48060
test_00325,0.99715
test_00326,0.07656
test_00327,0.60493
test_00328,0.63358
test_00329,0.39267
test_00330,0.99985
test_00331,0.99266
test_00332,0.98255
test_00333,0.99974
test_00334,0.99942
test_00335,0.01533
test_00336,0.50629
test_00337,0.85933
test_00338,0.00052
test_00339,0.98466
test_00340,0.01078
test_00341,0.00008
test_00342,0.99960
test_00343,0.99947
test_00344,0.99301
test_00345,0.99723
test_00346,0.01452
test_00347,0.00241
test_00348,0.71269
test_00349,0.17176
test_00350,0.73589
test_00351,0.39692
test_00352,0.99894
test_00353,0.49486
test_00354,0.02056
test_00355,0.99939
test_00356,0.13814
test_00357,0.07664
test_00358,0.97438
test_00359,0.99950
test_00360,0.99753
test_00361,0.99826
test_00362,0.44228
test_00363,0.97467
test_00364,0.99994
test_00365,0.98150
test_00366,0.99870
test_00367,0.03526
test_00368,0.00034
test_00369,0.99989
test_00370,0.00254
test_00371,0.01181
test_00372,0.99838
test_00373,0.07361
test_00374,0.99934
test_00375,0.99964
test_00376,0.00782
test_00377,0.00135
test_00378,0.95721
test_00379,0.00117
test_00380,0.00041
test_00381,0.98989
test_00382,0.78345
test_00383,0.00026
test_00384,0.99869
test_00385,0.01262
test_00386,0.99973
test_00387,0.84388
test_00388,0.06366
test_00389,0.99983
test_00390,0.00548
test_00391,0.00706
test_00392,0.64058
test_00393,0.11370
test_00394,0.29157
test_00395,0.00101
test_00396,0.01152
test_00397,0.99642
test_00398,0.11799
test_00399,0.82218
test_00400,0.99974
test_00401,0.43235
test_00402,0.99628
test_00403,0.00005
test_00404,0.00010
test_00405,0.99254
test_00406,0.98408
test_00407,0.29262
test_00408,0.99612
test_00409,0.99029
test_00410,0.00018
test_00411,0.00274
test_00412,0.87921
test_00413,0.88237
test_00414,0.02149
test_00415,0.64914
test_00416,0.00111
test_00417,0.00006
test_00418,0.99999
test_00419,0.99997
test_00420,0.00004
test_00421,0.99872
test_00422,1.00000
test_00423,0.00011
test_00424,0.00080
test_00425,0.00578
test_00426,0.44201
test_00427,0.25728
test_00428,0.00107
test_00429,0.99999
test_00430,0.99903
test_00431,1.00000
test_00432,0.99996
test_00433,0.22809
test_00434,0.62261
test_00435,0.79206
test_00436,0.99907
test_00437,0.06575
test_00438,0.98967
test_00439,0.21555
test_00440,0.14497
test_00441,0.00001
test_00442,0.93596
test_00443,0.99494
test_00444,0.99998
test_00445,0.02239
test_00446,0.00003
test_00447,0.00590
test_00448,0.99998
test_00449,0.00366
test_00450,0.09304
test_00451,0.99937
test_00452,0.87285
test_00453,0.03340
test_00454,0.57459
test_00455,0.99890
test_00456,0.01718
test_00457,0.00020
test_00458,0.99998
test_00459,0.96007
test_00460,0.82340
test_00461,0.99091
test_00462,0.25827
test_00463,1.00000
test_00464,0.00081
test_00465,0.00673
test_00466,0.97764
test_00467,0.93141
test_00468,0.99661
test_00469,0.15235
test_00470,0.94749
test_00471,0.03658
test_00472,0.01111
test_00473,0.00486
test_00474,0.00098
test_00475,0.00078
test_00476,0.38104
test_00477,0.98665
test_00478,0.26153
test_00479,0.63047
test_00480,0.99941
test_00481,0.00025
test_00482,0.01791
test_00483,0.99983
test_00484,0.18698
test_00485,0.03206
test_00486,0.00027
test_00487,0.07332
test_00488,0.82553
test_00489,0.99999
test_00490,0.99349
test_00491,0.37305
test_00492,0.99888
test_00493,0.99999
test_00494,0.65371
test_00495,0.99960
test_00496,0.11803
test_00497,1.00000
test_00498,0.04370
test_00499,0.01048
test_00500,0.98652
test_00501,0.06499
test_00502,0.89857
test_00503,0.00842
test_00504,0.99961
test_00505,0.97674
test_00506,0.99935
test_00507,0.00302
test_00508,0.97039
test_00509,0.56634
test_00510,0.97087
test_00511,0.93069
test_00512,0.99849
test_00513,0.97748
test_00514,0.00289
test_00515,0.00212
test_00516,0.09965
test_00517,0.03831
test_00518,0.03225
test_00519,0.99976
test_00520,0.00112
test_00521,0.99860
test_00522,0.00321
test_00523,0.11773
test_00524,0.96789
test_00525,0.47083
test_00526,0.51635
test_00527,0.00023
test_00528,0.91923
test_00529,0.90025
test_00530,0.02641
test_00531,0.98663
test_00532,0.50034
test_00533,0.17008
test_00534,1.00000
test_00535,0.05811
test_00536,0.00868
test_00537,0.00171
test_00538,0.98156
test_00539,0.04483
test_00540,0.57892
test_00541,0.00434
test_00542,0.00868
test_00543,1.00000
test_00544,0.99558
test_00545,0.00016
test_00546,0.00041
test_00547,0.99953
test_00548,0.01119
test_00549,0.99793
test_00550,0.01121
test_00551,0.00039
test_00552,0.98892
test_00553,0.57406
test_00554,0.71156
test_00555,0.20042
test_00556,0.99991
test_00557,0.99976
test_00558,0.00260
test_00559,0.00034
test_00560,0.87999
test_00561,0.04353
test_00562,0.11095
test_00563,0.04770
test_00564,0.99482
test_00565,0.99881
test_00566,0.00001
test_00567,0.61855
test_00568,0.03484
test_00569,0.98050
test_00570,0.00002
test_00571,0.00872
test_00572,0.08251
test_00573,0.01349
test_00574,0.00284
test_00575,0.43390
test_00576,0.99104
test_00577,0.29436
test_00578,0.00000
test_00579,0.99672
test_00580,0.99999
test_00581,0.92898
test_00582,0.00014
test_00583,0.99972
test_00584,0.00062
test_00585,0.00004
test_00586,0.99990
test_00587,0.99998
test_00588,0.00168
test_00589,0.04559
test_00590,0.00064
test_00591,0.00999
test_00592,0.32902
test_00593,0.99738
test_00594,0.98860
test_00595,0.35275
test_00596,0.26835
test_00597,0.04768
test_00598,0.94373
test_00599,0.00200
test_00600,0.95339
test_00601,0.99272
test_00602,0.99874
test_00603,0.85770
test_00604,0.99865
test_00605,0.32425
test_00606,0.99842
test_00607,0.18999
test_00608,0.31349
test_00609,0.00700
test_00610,0.99973
test_00611,0.55758
test_00612,0.93613
test_00613,0.93119
test_00614,0.21987
test_00615,1.00000
test_00616,0.00039
test_00617,0.99820
test_00618,0.00197
test_00619,0.99999
test_00620,0.99497
test_00621,0.10358
test_00622,0.99979
test_00623,0.86973
test_00624,0.00027
test_00625,0.00580
test_00626,0.99996
test_00627,0.00040
test_00628,0.00157
test_00629,0.48867
test_00630,0.97830
test_00631,0.71487
test_00632,0.99959
test_00633,0.98845
test_00634,0.99918
test_00635,0.00073
test_00636,0.99065
test_00637,0.83856
test_00638,0.00826
test_00639,0.99644
test_00640,0.00220
test_00641,0.99816
test_00642,0.51386
test_00643,0.00133
test_00644,0.99998
test_00645,0.99614
test_00646,0.38318
test_00647,0.09926
test_00648,0.06077
test_00649,0.79407
test_00650,0.00018
test_00651,0.65287
test_00652,0.00952
test_00653,0.95371
test_00654,0.66563
test_00655,0.96450
test_00656,0.00018
test_00657,0.82932
test_00658,0.99969
test_00659,0.00442
test_00660,0.02013
test_00661,0.00162
test_00662,0.04599
test_00663,0.94139
test_00664,0.04498
test_00665,0.06442
test_00666,0.99298
test_00667,0.99973
test_00668,0.01377
test_00669,0.37864
test_00670,0.99672
test_00671,0.99908
test_00672,0.99462
test_00673,0.51489
test_00674,0.96283
test_00675,0.99915
test_00676,0.94202
test_00677,0.79095
test_00678,0.99999
test_00679,0.99300
test_00680,0.46546
test_00681,0.96690
test_00682,0.99999
test_00683,0.89939
test_00684,0.99981
test_00685,0.90727
test_00686,0.99960
test_00687,0.73198
test_00688,0.00044
test_00689,0.99978
test_00690,0.99035
test_00691,0.93634
test_00692,0.99998
test_00693,0.86608
test_00694,0.00004
test_00695,0.16070
test_00696,0.01021
test_00697,0.99901
test_00698,0.00830
test_00699,0.32882
test_00700,0.92357
test_00701,0.98328
test_00702,0.99943
test_00703,0.30249
test_00704,0.00066
test_00705,0.64210
test_00706,0.21947
test_00707,0.99500
test_00708,0.00021
test_00709,0.99550
test_00710,0.91862
test_00711,0.44915
test_00712,0.26958
test_00713,0.59971
test_00714,0.06652
test_00715,1.00000
test_00716,0.51964
test_00717,0.99962
test_00718,0.02668
test_00719,0.12249
test_00720,0.99898
test_00721,0.32375
test_00722,0.00112
test_00723,1.00000
test_00724,0.98117
test_00725,0.99998
test_00726,0.00091
test_00727,0.15359
test_00728,0.99575
test_00729,0.99956
test_00730,0.80174
test_00731,0.00963
test_00732,0.00237
test_00733,0.08313
test_00734,0.99766
test_00735,0.02087
test_00736,0.96096
test_00737,0.99090
test_00738,0.02895
test_00739,0.99603
test_00740,0.00007
test_00741,0.99983
test_00742,0.99929
test_00743,0.91357
test_00744,0.12350
test_00745,0.78747
test_00746,0.03924
test_00747,0.03957
test_00748,0.99852
test_00749,0.00027
test_00750,0.44745
test_00751,0.96902
test_00752,0.01562
test_00753,0.00580
test_00754,0.29687
test_00755,0.99997
test_00756,0.04473
test_00757,0.00774
test_00758,0.00002
test_00759,0.04371
test_00760,0.99208
test_00761,0.94751
test_00762,0.00006
test_00763,0.99657
test_00764,0.11075
test_00765,0.99981
test_00766,0.12458
test_00767,0.99958
test_00768,0.01067
test_00769,0.00031
test_00770,0.99806
test_00771,0.55064
test_00772,0.00017
test_00773,0.99926
test_00774,0.99995
test_00775,1.00000
test_00776,0.99949
test_00777,0.03227
test_00778,0.04703
test_00779,0.00409
test_00780,0.42350
test_00781,0.27413
test_00782,0.57096
test_00783,0.97618
test_00784,0.33561
test_00785,0.99976
test_00786,1.00000
test_00787,0.02844
test_00788,0.93672
test_00789,0.82867
test_00790,0.99667
test_00791,0.99447
test_00792,0.99949
test_00793,0.00027
test_00794,0.98908
test_00795,0.00574
test_00796,0.00243
test_00797,0.01916
test_00798,0.99867
test_00799,0.99991
test_00800,0.00198
test_00801,0.00681
test_00802,0.00442
test_00803,0.40720
test_00804,0.67505
test_00805,0.95028
test_00806,0.99431
test_00807,0.99996
test_00808,0.14546
test_00809,0.69377
test_00810,0.98901
test_00811,0.99885
test_00812,0.99981
test_00813,0.00229
test_00814,0.99983
test_00815,0.56542
test_00816,0.12779
test_00817,0.00027
test_00818,0.00053
test_00819,0.99864
test_00820,0.00060
test_00821,0.00882
test_00822,0.98379
test_00823,0.00009
test_00824,0.00237
test_00825,0.94003
test_00826,0.65134
test_00827,0.99968
test_00828,0.43461
test_00829,0.99917
test_00830,0.99948
test_00831,0.99901
test_00832,0.54249
test_00833,0.19505
test_00834,0.00046
test_00835,0.00485
test_00836,0.26196
test_00837,0.98540
test_00838,0.00081
test_00839,0.00000
test_00840,0.00211
test_00841,0.09247
test_00842,0.99954
test_00843,0.99994
test_00844,0.00968
test_00845,0.00119
test_00846,0.99755
test_00847,0.94756
test_00848,0.00002
test_00849,0.03391
test_00850,0.04347
test_00851,0.97018
test_00852,0.75288
test_00853,0.95555
test_00854,0.73859
test_00855,0.00136
test_00856,0.93769
test_00857,0.45787
test_00858,0.97531
test_00859,0.99997
test_00860,0.02702
test_00861,0.57806
test_00862,0.00037
test_00863,0.99909
test_00864,0.88897
test_00865,0.26167
test_00866,0.47330
test_00867,0.03044
test_00868,0.99878
test_00869,0.09913
test_00870,0.97476
test_00871,0.00249
test_00872,0.00019
test_00873,0.99635
test_00874,0.01071
test_00875,0.38927
test_00876,0.10604
test_00877,0.00202
test_00878,0.00000
test_00879,0.99997
test_00880,0.83692
test_00881,0.98966
test_00882,0.76292
test_00883,0.47614
test_00884,0.98971
test_00885,0.10874
test_00886,0.99138
test_00887,0.02955
test_00888,0.05658
test_00889,0.99987
test_00890,0.99965
test_00891,0.99939
test_00892,0.07626
test_00893,0.91485
test_00894,0.85961
test_00895,0.94939
test_00896,0.35216
test_00897,0.60662
test_00898,0.99422
test_00899,0.02334
test_00900,0.10711
test_00901,0.79018
test_00902,0.36312
test_00903,0.99999
test_00904,0.99990
test_00905,0.00886
test_00906,0.00031
test_00907,0.38978
test_00908,0.00166
test_00909,0.92769
test_00910,0.00003
test_00911,0.24552
test_00912,0.99991
test_00913,0.00074
test_00914,0.01258
test_00915,0.92897
test_00916,0.01170
test_00917,0.72473
test_00918,0.05853
test_00919,0.00122
test_00920,0.00021
test_00921,0.00000
test_00922,0.01980
test_00923,0.06781
test_00924,0.73625
test_00925,0.99642
test_00926,0.99966
test_00927,0.03718
test_00928,0.96600
test_00929,0.93141
test_00930,0.00064
test_00931,0.99540
test_00932,0.00385
test_00933,0.98139
test_00934,0.99996
test_00935,0.00005
test_00936,0.98958
test_00937,1.00000
test_00938,0.02961
test_00939,0.99998
test_00940,1.00000
test_00941,0.98475
test_00942,0.99996
test_00943,0.00473
test_00944,0.00788
test_00945,0.99953
test_00946,0.99700
test_00947,0.00001
test_00948,0.00610
test_00949,0.32359
test_00950,0.00143
test_00951,0.27338
test_00952,0.98925
test_00953,0.93758
test_00954,0.98700
test_00955,0.99820
test_00956,0.03416
test_00957,0.37503
test_00958,0.10496
test_00959,0.81975
test_00960,0.00002
test_00961,0.96778
test_00962,0.00645
test_00963,0.99996
test_00964,0.99699
test_00965,0.99996
test_00966,0.98951
test_00967,0.03411
test_00968,0.00185
test_00969,0.99999
test_00970,0.61442
test_00971,0.96822
test_00972,0.11503
test_00973,0.99446
test_00974,0.01010
test_00975,0.44012
test_00976,1.00000
test_00977,0.99848
test_00978,0.00009
test_00979,0.94554
test_00980,0.98000
test_00981,0.99758
test_00982,0.83815
test_00983,0.00618
test_00984,0.93785
test_00985,0.94825
test_00986,0.00820
test_00987,0.00003
test_00988,0.99465
test_00989,0.99910
test_00990,0.10642
test_00991,0.99976
test_00992,0.00011
test_00993,0.00005
test_00994,0.61496
test_00995,0.70084
test_00996,0.99999
test_00997,0.91903
test_00998,0.00000
test_00999,0.34292
test_01000,0.43539
test_01001,0.99234
test_01002,0.97749
test_01003,0.99994
test_01004,0.00107
test_01005,0.06389
test_01006,0.49667
test_01007,0.00044
test_01008,0.99661
test_01009,0.97721
test_01010,0.94954
test_01011,0.97934
test_01012,0.00052
test_01013,0.00014
test_01014,0.00001
test_01015,0.90958
test_01016,0.95586
test_01017,0.35362
test_01018,0.99757
test_01019,0.99831
test_01020,0.98499
test_01021,0.99915
test_01022,0.00171
test_01023,0.99921
test_01024,0.10903
test_01025,0.83496
test_01026,0.86745
test_01027,0.05945
test_01028,0.00009
test_01029,0.99953
test_01030,0.98884
test_01031,0.01621
test_01032,0.96401
test_01033,0.93139
test_01034,0.01231
test_01035,0.00088
test_01036,0.99989
test_01037,0.00414
test_01038,0.99913
test_01039,0.99452
test_01040,0.99957
test_01041,0.99668
test_01042,0.99705
test_01043,0.74863
test_01044,0.99977
test_01045,0.94859
test_01046,0.02642
test_01047,0.99998
test_01048,0.88990
test_01049,0.00410
test_01050,0.00013
test_01051,0.03383
test_01052,0.20122
test_01053,0.95531
test_01054,0.69560
test_01055,0.54863
test_01056,0.00071
test_01057,0.37014
test_01058,0.99743
test_01059,0.99429
test_01060,0.97700
test_01061,0.99996
test_01062,0.90334
test_01063,0.22180
test_01064,0.00008
test_01065,0.04901
test_01066,0.68399
test_01067,0.97914
test_01068,0.99033
test_01069,0.00007
test_01070,0.85205
test_01071,0.99924
test_01072,0.99309
test_01073,0.36249
test_01074,0.90929
test_01075,0.00495
test_01076,0.06225
test_01077,0.97465
test_01078,0.96147
test_01079,0.14456
test_01080,0.99999
test_01081,0.99041
test_01082,0.99060
test_01083,1.00000
test_01084,0.00605
test_01085,0.99223
test_01086,0.99641
test_01087,0.01884
test_01088,0.00345
test_01089,0.99967
test_01090,0.99990
test_01091,0.95072
test_01092,0.96593
test_01093,0.70415
test_01094,0.48769
test_01095,0.99961
test_01096,0.41959
test_01097,0.99527
test_01098,0.99934
test_01099,0.99497
test_01100,0.03975
test_01101,0.98957
test_01102,1.00000
test_01103,0.01563
test_01104,0.88933
test_01105,0.98957
test_01106,0.04620
test_01107,0.98530
test_01108,0.43151
test_01109,0.00247
test_01110,0.82111
test_01111,0.00129
test_01112,0.07296
test_01113,0.99985
test_01114,0.00014
test_01115,0.92382
test_01116,0.93185
test_01117,0.58485
test_01118,0.00893
test_01119,0.01675
test_01120,0.02791
test_01121,0.77569
test_01122,0.08764
test_01123,0.17664
test_01124,0.08612
test_01125,0.99669
test_01126,0.99992
test_01127,0.00036
test_01128,0.62450
test_01129,0.63371
test_01130,1.00000
test_01131,0.98315
test_01132,0.00003
test_01133,0.86221
test_01134,0.00057
test_01135,0.40702
test_01136,0.03314
test_01137,0.99921
test_01138,0.57411
test_01139,0.00013
test_01140,0.84798
test_01141,0.99997
test_01142,0.77363
test_01143,0.28768
test_01144,1.00000
test_01145,0.99048
test_01146,0.94291
test_01147,0.46394
test_01148,0.97453
test_01149,0.36648
test_01150,0.13965
test_01151,0.00003
test_01152,0.00392
test_01153,0.99995
test_01154,0.99992
test_01155,0.01066
test_01156,0.00496
test_01157,0.02004
test_01158,0.04338
test_01159,0.48034
test_01160,0.00071
test_01161,0.00016
test_01162,0.00213
test_01163,1.00000
test_01164,0.00021
test_01165,0.11304
test_01166,0.99918
test_01167,0.99961
test_01168,0.87595
test_01169,0.03962
test_01170,0.09072
test_01171,0.99213
test_01172,0.98587
test_01173,0.00006
test_01174,0.29885
test_01175,0.00000
test_01176,0.01823
test_01177,0.14759
test_01178,0.99383
test_01179,0.00003
test_01180,0.01165
test_01181,0.00223
test_01182,0.94968
test_01183,0.88821
test_01184,0.99992
test_01185,0.09147
test_01186,0.00150
test_01187,0.11167
test_01188,0.00007
test_01189,0.00100
test_01190,0.07738
test_01191,0.00021
test_01192,0.96956
test_01193,0.00008
test_01194,0.99981
test_01195,0.92443
test_01196,0.99833
test_01197,0.99992
test_01198,0.29364
test_01199,0.00034
test_01200,0.10477
test_01201,0.01166
test_01202,0.99840
test_01203,0.99415
test_01204,0.57339
test_01205,0.00028
test_01206,0.61927
test_01207,0.02685
test_01208,0.99614
test_01209,0.59495
test_01210,0.99913
test_01211,0.99430
test_01212,0.00334
test_01213,0.99926
test_01214,0.99230
test_01215,0.00498
test_01216,0.25763
test_01217,0.00049
test_01218,0.04041
test_01219,0.33419
test_01220,0.99348
test_01221,0.99999
test_01222,0.99734
test_01223,1.00000
test_01224,0.97381
test_01225,0.99538
test_01226,0.06817
test_01227,0.99997
test_01228,0.00003
test_01229,0.99983
test_01230,0.99941
test_01231,0.93600
test_01232,0.03268
test_01233,0.99994
test_01234,0.15552
test_01235,0.99904
test_01236,0.99091
test_01237,0.04905
test_01238,0.02736
test_01239,0.99934
test_01240,1.00000
test_01241,0.99989
test_01242,0.94744
test_01243,0.02017
test_01244,0.00215
test_01245,0.97771
test_01246,0.99976
test_01247,0.99907
test_01248,0.04283
test_01249,0.99924
test_01250,0.89285
test_01251,0.99885
test_01252,0.73131
test_01253,0.90558
test_01254,0.99992
test_01255,0.99800
test_01256,0.99998
test_01257,0.65253
test_01258,0.00001
test_01259,0.02324
test_01260,0.00871
test_01261,0.09332
test_01262,0.99960
test_01263,0.90637
test_01264,0.02247
test_01265,0.99992
test_01266,0.00557
test_01267,0.20389
test_01268,0.00678
test_01269,0.32971
test_01270,0.56383
test_01271,0.00044
test_01272,0.00478
test_01273,0.12777
test_01274,0.02501
test_01275,0.99998
test_01276,0.37520
test_01277,0.51140
test_01278,0.99900
test_01279,0.00274
test_01280,0.94130
test_01281,0.82056
test_01282,0.99979
test_01283,0.20688
test_01284,0.02293
test_01285,0.04340
test_01286,0.99648
test_01287,0.99630
test_01288,0.04473
test_01289,0.99994
test_01290,1.00000
test_01291,0.00530
test_01292,0.95258
test_01293,0.72390
test_01294,0.97095
test_01295,0.99997
test_01296,0.27017
test_01297,0.99955
test_01298,0.65690
test_01299,0.98935
test_01300,0.01579
test_01301,0.99685
test_01302,0.99915
test_01303,0.26071
test_01304,0.68178
test_01305,0.02847
test_01306,0.00878
test_01307,0.99994
test_01308,0.99303
test_01309,0.00174
test_01310,0.99498
test_01311,0.00004
test_01312,0.96968
test_01313,0.99273
test_01314,0.96801
test_01315,0.02832
test_01316,0.23768
test_01317,0.77817
test_01318,0.15770
test_01319,0.00005
test_01320,0.51509
test_01321,0.00035
test_01322,0.95956
test_01323,0.98541
test_01324,0.00324
test_01325,0.99999
test_01326,0.00051
test_01327,0.36205
test_01328,0.99166
test_01329,0.99981
test_01330,0.99041
test_01331,0.00078
test_01332,0.99550
test_01333,0.99991
test_01334,0.11767
test_01335,0.99920
test_01336,0.22060
test_01337,0.99993
test_01338,0.99993
test_01339,0.99630
test_01340,0.00000
test_01341,0.99997
test_01342,0.96548
test_01343,0.99679
test_01344,0.29240
test_01345,0.98394
test_01346,0.93506
test_01347,0.99529
test_01348,0.03869
test_01349,0.00161
test_01350,0.98752
test_01351,1.00000
test_01352,0.99982
test_01353,0.00072
test_01354,0.97117
test_01355,0.82361
test_01356,0.00586
test_01357,0.42399
test_01358,0.96832
test_01359,0.00835
test_01360,0.00047
test_01361,0.99999
test_01362,0.11949
test_01363,0.99997
test_01364,0.98723
test_01365,0.17796
test_01366,0.00600
test_01367,0.95434
test_01368,0.00128
test_01369,0.00019
test_01370,0.00484
test_01371,0.00773
test_01372,0.02195
test_01373,0.99962
test_01374,0.99788
test_01375,0.07320
test_01376,0.00042
test_01377,0.00018
test_01378,0.11935
test_01379,0.00111
test_01380,0.06308
test_01381,0.00003
test_01382,0.99978
test_01383,0.99989
test_01384,1.00000
test_01385,0.99976
test_01386,0.07311
test_01387,0.80169
test_01388,0.47351
test_01389,0.59135
test_01390,0.05994
test_01391,0.40467
test_01392,1.00000
test_01393,0.98003
test_01394,0.20941
test_01395,0.99950
test_01396,0.85693
test_01397,0.36022
test_01398,0.05125
test_01399,0.02307
test_01400,0.16322
test_01401,0.03354
test_01402,0.00001
test_01403,0.11322
test_01404,0.57345
test_01405,0.99907
test_01406,0.00010
test_01407,0.95862
test_01408,0.99739
test_01409,0.99926
test_01410,0.99972
test_01411,0.00213
test_01412,0.12467
test_01413,0.00152
test_01414,0.06581
test_01415,0.50326
test_01416,0.99474
test_01417,0.00186
test_01418,0.99427
test_01419,0.04605
test_01420,0.00001
test_01421,0.00060
test_01422,0.00071
test_01423,0.99372
test_01424,0.99991
test_01425,0.98285
test_01426,0.99929
test_01427,0.12668
test_01428,0.99999
test_01429,0.99533
test_01430,0.49117
test_01431,0.24065
test_01432,0.99768
test_01433,0.99371
test_01434,0.99232
test_01435,0.98952
test_01436,0.00132
test_01437,0.02173
test_01438,0.49504
test_01439,0.92648
test_01440,0.99225
test_01441,0.00712
test_01442,0.85032
test_01443,0.40165
test_01444,0.69064
test_01445,0.97790
test_01446,0.81384
test_01447,0.39867
test_01448,0.93957
test_01449,0.96667
test_01450,0.97098
test_01451,0.02366
test_01452,0.99752
test_01453,0.96247
test_01454,0.98755
test_01455,0.58312
test_01456,0.69590
test_01457,0.99653
test_01458,0.58400
test_01459,0.98196
test_01460,0.00003
test_01461,0.00211
test_01462,0.00551
test_01463,0.99469
test_01464,0.02593
test_01465,0.87443
test_01466,0.92255
test_01467,0.99591
test_01468,0.98566
test_01469,0.00165
test_01470,0.38044
test_01471,0.93062
test_01472,0.91063
test_01473,0.00238
test_01474,0.93442
test_01475,0.31738
test_01476,0.01452
test_01477,0.99999
test_01478,0.00020
test_01479,0.98634
test_01480,0.99999
test_01481,0.67847
test_01482,0.26690
test_01483,0.99996
test_01484,0.00002
test_01485,0.14092
test_01486,0.99967
test_01487,0.29372
test_01488,0.99998
test_01489,0.94624
test_01490,0.54422
test_01491,0.00107
test_01492,0.00223
test_01493,0.00053
test_01494,0.03297
test_01495,0.00104
test_01496,0.99983
test_01497,0.99299
test_01498,0.99946
test_01499,0.48551
test_01500,0.00145
test_01501,0.00633
test_01502,0.08386
test_01503,0.97489
test_01504,0.99055
test_01505,0.00167
test_01506,0.29044
test_01507,0.99750
test_01508,0.99997
test_01509,0.99995
test_01510,0.99695
test_01511,0.99986
test_01512,0.99074
test_01513,0.99973
test_01514,0.79595
test_01515,0.99632
test_01516,0.99054
test_01517,0.19482
test_01518,0.55953
test_01519,0.84356
test_01520,0.99573
test_01521,0.67094
test_01522,0.84996
test_01523,0.60931
test_01524,0.99991
test_01525,0.99503
test_01526,0.00001
test_01527,0.98917
test_01528,0.99986
test_01529,0.00001
test_01530,0.98110
test_01531,0.83945
test_01532,0.97890
test_01533,0.05801
test_01534,0.00353
test_01535,0.00039
test_01536,0.01579
test_01537,0.99996
test_01538,0.04722
test_01539,0.99847
test_01540,0.97276
test_01541,0.97579
test_01542,0.99846
test_01543,0.99262
test_01544,0.02833
test_01545,0.99965
test_01546,0.99073
test_01547,0.99889
test_01548,0.66206
test_01549,0.98254
test_01550,0.99966
test_01551,0.00660
test_01552,0.91335
test_01553,0.99288
test_01554,0.00821
test_01555,0.55321
test_01556,0.48289
test_01557,0.99995
test_01558,0.99927
test_01559,0.03370
test_01560,0.85334
test_01561,0.00020
test_01562,0.00326
test_01563,0.84177
test_01564,0.00003
test_01565,0.24698
test_01566,0.98147
test_01567,0.10067
test_01568,0.00094
test_01569,0.02495
test_01570,0.00000
test_01571,0.65180
test_01572,0.99912
test_01573,0.74604
test_01574,0.91389
test_01575,0.04502
test_01576,0.99985
test_01577,0.03851
test_01578,0.99973
test_01579,0.45168
test_01580,0.72309
test_01581,0.99976
test_01582,0.00027
test_01583,0.00100
test_01584,0.96927
test_01585,0.00040
test_01586,0.40196
test_01587,0.99998
test_01588,0.00526
test_01589,0.98924
test_01590,0.99936
test_01591,0.99956
test_01592,0.92243
test_01593,0.00006
test_01594,0.99872
test_01595,0.97785
test_01596,0.00041
test_01597,0.98008
test_01598,0.96935
test_01599,0.91684
test_01600,0.00001
test_01601,0.92931
test_01602,0.02504
test_01603,0.99867
test_01604,0.99432
test_01605,0.10883
test_01606,0.00006
test_01607,0.99994
test_01608,0.83746
test_01609,0.98835
test_01610,0.99955
test_01611,0.33869
test_01612,0.97449
test_01613,0.11267
test_01614,0.00012
test_01615,0.99816
test_01616,0.01975
test_01617,0.91241
test_01618,0.98761
test_01619,0.00058
test_01620,0.08004
test_01621,0.09231
test_01622,0.99985
test_01623,0.99390
test_01624,0.00463
test_01625,0.33598
test_01626,0.99940
test_01627,0.99600
test_01628,0.00801
test_01629,0.96709
test_01630,0.95832
test_01631,0.99842
test_01632,0.00000
test_01633,0.99998
test_01634,0.00033
test_01635,0.99725
test_01636,0.99990
test_01637,0.00304
test_01638,0.87545
test_01639,0.04981
test_01640,0.02113
test_01641,0.28765
test_01642,0.96651
test_01643,0.16769
test_01644,0.99998
test_01645,0.98836
test_01646,0.72765
test_01647,0.99721
test_01648,0.99107
test_01649,0.00022
test_01650,0.81561
test_01651,0.34004
test_01652,0.99995
test_01653,0.00189
test_01654,0.99449
test_01655,0.99993
test_01656,0.76681
test_01657,0.00009
test_01658,0.96517
test_01659,0.02948
test_01660,0.99819
test_01661,0.00736
test_01662,0.95366
test_01663,0.00340
test_01664,0.00007
test_01665,0.66731
test_01666,0.00145
test_01667,0.00001
test_01668,0.99993
test_01669,0.00146
test_01670,0.62183
test_01671,0.96608
test_01672,0.99976
test_01673,0.02424
test_01674,0.99999
test_01675,0.00084
test_01676,0.98934
test_01677,0.70735
test_01678,0.99994
test_01679,0.97523
test_01680,0.00155
test_01681,0.99888
test_01682,0.99620
test_01683,0.00171
test_01684,0.99691
test_01685,0.99181
test_01686,0.99998
test_01687,0.65047
test_01688,0.01014
test_01689,0.00021
test_01690,0.99998
test_01691,0.91047
test_01692,0.04220
test_01693,0.83587
test_01694,0.00164
test_01695,0.23723
test_01696,0.53873
test_01697,0.99721
test_01698,0.99991
test_01699,0.09157
test_01700,0.98959
test_01701,0.00474
test_01702,0.00018
test_01703,0.99991
test_01704,0.00194
test_01705,0.95064
test_01706,0.98297
test_01707,0.95460
test_01708,0.89828
test_01709,0.82476
test_01710,0.97958
test_01711,0.00064
test_01712,0.99987
test_01713,0.00022
test_01714,0.05998
test_01715,0.99953
test_01716,0.99745
test_01717,0.99964
test_01718,0.00187
test_01719,0.20758
test_01720,0.99979
test_01721,0.00655
test_01722,0.89622
test_01723,0.99155
test_01724,0.43588
test_01725,0.00256
test_01726,0.04444
test_01727,0.99567
test_01728,0.54696
test_01729,0.99989
test_01730,0.03551
test_01731,0.00032
test_01732,0.15216
test_01733,1.00000
test_01734,0.99989
test_01735,0.99785
test_01736,0.97994
test_01737,0.99820
test_01738,0.91145
test_01739,0.94640
test_01740,0.72030
test_01741,0.04591
test_01742,0.00660
test_01743,0.81990
test_01744,0.96627
test_01745,0.37736
test_01746,0.00017
test_01747,0.99017
test_01748,0.31858
test_01749,0.67060
test_01750,0.99882
test_01751,0.10608
test_01752,0.02322
test_01753,0.13727
test_01754,0.17959
test_01755,0.59237
test_01756,0.97506
test_01757,0.60366
test_01758,0.07158
test_01759,0.90802
test_01760,1.00000
test_01761,0.00721
test_01762,0.59335
test_01763,0.00115
test_01764,0.99988
test_01765,0.99890
test_01766,0.01416
test_01767,0.00098
test_01768,0.30342
test_01769,0.09334
test_01770,0.99289
test_01771,0.01302
test_01772,0.20131
test_01773,0.86727
test_01774,0.99694
test_01775,0.99994
test_01776,0.99915
test_01777,0.99994
test_01778,0.99999
test_01779,0.61519
test_01780,0.00079
test_01781,0.99989
test_01782,0.00003
test_01783,0.99992
test_01784,0.99981
test_01785,0.98659
test_01786,0.91686
test_01787,0.65790
test_01788,0.99793
test_01789,0.90116
test_01790,0.00134
test_01791,0.94616
test_01792,0.52856
test_01793,0.86524
test_01794,0.99775
test_01795,0.01063
test_01796,0.06526
test_01797,0.99790
test_01798,0.65864
test_01799,0.78359
test_01800,0.99761
test_01801,0.96588
test_01802,0.32301
test_01803,0.99983
test_01804,0.99992
test_01805,0.00051
test_01806,0.03388
test_01807,0.99629
test_01808,0.99990
test_01809,0.97968
test_01810,0.97886
test_01811,0.98813
test_01812,1.00000
test_01813,0.32068
test_01814,0.00332
test_01815,0.98210
test_01816,0.99538
test_01817,0.00098
test_01818,0.99750
test_01819,0.71369
test_01820,0.66043
test_01821,0.98078
test_01822,0.82171
test_01823,0.03943
test_01824,0.99984
test_01825,0.04294
test_01826,0.99992
test_01827,0.00043
test_01828,0.99983
test_01829,0.02776
test_01830,0.97613
test_01831,0.00456
test_01832,0.00020
test_01833,0.00330
test_01834,0.99838
test_01835,0.98682
test_01836,0.01771
test_01837,0.99254
test_01838,0.08332
test_01839,0.99537
test_01840,0.00119
test_01841,0.98548
test_01842,0.99539
test_01843,0.00003
test_01844,0.99410
test_01845,0.29358
test_01846,1.00000
test_01847,0.99993
test_01848,0.00194
test_01849,0.53676
test_01850,0.99996
test_01851,0.33397
test_01852,0.00076
test_01853,0.75627
test_01854,0.03446
test_01855,0.05104
test_01856,0.98772
test_01857,0.00003
test_01858,0.99939
test_01859,0.69277
test_01860,0.99221
test_01861,0.00122
test_01862,0.96136
test_01863,0.97601
test_01864,0.00019
test_01865,1.00000
test_01866,0.44907
test_01867,0.01115
test_01868,0.02310
test_01869,0.98951
test_01870,0.00958
test_01871,0.94336
test_01872,0.23897
test_01873,0.98297
test_01874,0.28915
test_01875,0.00370
test_01876,0.30303
test_01877,0.99970
test_01878,0.09465
test_01879,0.85566
test_01880,0.99998
test_01881,0.99995
test_01882,0.01276
test_01883,0.23050
test_01884,0.00161
test_01885,0.24584
test_01886,0.00012
test_01887,0.98799
test_01888,0.94495
test_01889,0.00617
test_01890,0.99943
test_01891,0.99886
test_01892,0.01487
test_01893,0.99961
test_01894,0.89025
test_01895,0.00931
test_01896,0.82092
test_01897,0.00232
test_01898,0.99995
test_01899,0.97517
test_01900,0.93622
test_01901,0.00794
test_01902,0.99995
test_01903,0.00121
test_01904,0.01026
test_01905,0.99950
test_01906,0.07699
test_01907,0.99992
test_01908,0.99821
test_01909,0.16702
test_01910,0.00129
test_01911,0.73456
test_01912,0.99869
test_01913,0.00108
test_01914,0.99900
test_01915,0.98986
test_01916,0.99685
test_01917,0.99980
test_01918,0.96942
test_01919,0.15159
test_01920,0.71440
test_01921,0.00007
test_01922,0.88343
test_01923,0.71115
test_01924,0.92612
test_01925,0.97401
test_01926,0.00621
test_01927,0.98997
test_01928,0.99914
test_01929,0.99911
test_01930,0.99987
test_01931,0.00637
test_01932,0.99987
test_01933,0.99902
test_01934,0.69600
test_01935,0.05582
test_01936,0.00004
test_01937,0.99671
test_01938,0.02415
test_01939,0.99996
test_01940,0.00001
test_01941,0.42016
test_01942,0.76146
test_01943,0.02718
test_01944,0.99931
test_01945,0.77865
test_01946,0.75343
test_01947,0.00095
test_01948,0.01455
test_01949,0.98886
test_01950,0.99078
test_01951,0.66586
test_01952,0.99933
test_01953,0.00308
test_01954,0.99040
test_01955,0.04220
test_01956,0.98017
test_01957,0.99176
test_01958,0.81283
test_01959,0.00046
test_01960,0.99583
test_01961,0.99906
test_01962,0.02085
test_01963,0.99077
test_01964,0.00062
test_01965,0.99973
test_01966,0.00201
test_01967,0.39294
test_01968,0.17064
test_01969,0.00008
test_01970,0.15723
test_01971,0.99984
test_01972,0.91819
test_01973,0.00156
test_01974,0.94557
test_01975,0.99071
test_01976,0.99992
test_01977,0.00584
test_01978,0.99936
test_01979,0.01361
test_01980,0.00410
test_01981,0.08251
test_01982,0.00191
test_01983,0.15840
test_01984,0.23566
test_01985,0.99993
test_01986,0.94781
test_01987,0.00013
test_01988,0.00030
test_01989,0.69327
test_01990,0.00238
test_01991,0.65989
test_01992,0.00436
test_01993,0.99888
test_01994,0.95768
test_01995,0.99947
test_01996,0.99373
test_01997,0.53655
test_01998,0.00009
test_01999,0.19525
test_02000,0.99950
test_02001,0.45451
test_02002,0.02178
test_02003,0.99130
test_02004,0.00097
test_02005,0.99981
test_02006,0.00077
test_02007,0.97634
test_02008,0.99934
test_02009,0.99991
test_02010,0.99997
test_02011,0.99999
test_02012,0.27566
test_02013,0.99306
test_02014,0.00011
test_02015,0.00053
test_02016,0.98127
test_02017,0.79457
test_02018,0.93434
test_02019,0.99786
test_02020,0.99991
test_02021,0.99875
test_02022,0.99019
test_02023,0.00023
test_02024,0.09026
test_02025,0.99897
test_02026,0.99966
test_02027,0.02727
test_02028,0.99939
test_02029,0.99795
test_02030,0.08231
test_02031,0.94969
test_02032,0.00005
test_02033,0.00013
test_02034,0.00103
test_02035,0.99805
test_02036,0.01823
test_02037,0.01681
test_02038,0.99673
test_02039,0.99871
test_02040,0.60018
test_02041,0.99903
test_02042,0.00365
test_02043,0.00482
test_02044,0.98151
test_02045,0.82589
test_02046,0.00043
test_02047,0.03482
test_02048,0.99846
test_02049,0.08796
test_02050,0.99947
test_02051,0.99519
test_02052,0.77792
test_02053,0.99999
test_02054,0.90452
test_02055,0.91489
test_02056,0.99972
test_02057,0.99997
test_02058,0.99529
test_02059,0.99873
test_02060,0.99999
test_02061,0.94860
test_02062,0.00904
test_02063,0.00585
test_02064,0.99904
test_02065,0.99999
test_02066,1.00000
test_02067,0.00017
test_02068,0.82802
test_02069,0.99060
test_02070,0.01250
test_02071,0.21449
test_02072,0.99976
test_02073,0.00089
test_02074,0.99995
test_02075,0.97927
test_02076,0.17769
test_02077,0.05562
test_02078,0.99993
test_02079,0.00489
test_02080,1.00000
test_02081,0.00029
test_02082,0.92223
test_02083,0.08561
test_02084,0.00337
test_02085,0.24792
test_02086,0.00194
test_02087,0.00031
test_02088,0.40455
test_02089,0.00026
test_02090,0.50272
test_02091,0.23488
test_02092,0.71994
test_02093,0.00507
test_02094,0.99948
test_02095,0.00195
test_02096,0.81400
test_02097,0.55193
test_02098,0.99779
test_02099,0.99999
test_02100,0.99865
test_02101,0.99984
test_02102,0.98789
test_02103,0.01037
test_02104,0.00442
test_02105,0.99948
test_02106,1.00000
test_02107,0.00006
test_02108,0.00002
test_02109,0.00014
test_02110,0.93780
test_02111,0.00003
test_02112,0.12377
test_02113,0.99990
test_02114,0.99800
test_02115,0.13536
test_02116,0.98163
test_02117,0.00027
test_02118,0.00128
test_02119,0.99595
test_02120,0.01374
test_02121,0.99983
test_02122,0.00040
test_02123,0.20726
test_02124,0.80671
test_02125,0.99671
test_02126,0.00979
test_02127,0.04568
test_02128,0.14629
test_02129,0.36974
test_02130,0.99818
test_02131,0.99950
test_02132,0.99907
test_02133,0.99998
test_02134,0.00212
test_02135,0.99880
test_02136,0.99955
test_02137,0.05531
test_02138,0.53702
test_02139,0.99620
test_02140,0.00404
test_02141,0.99998
test_02142,0.98292
test_02143,0.02095
test_02144,0.89784
test_02145,0.00266
test_02146,0.00202
test_02147,0.45877
test_02148,0.99980
test_02149,0.09304
test_02150,0.99994
test_02151,0.00326
test_02152,0.01135
test_02153,0.99866
test_02154,0.99827
test_02155,0.99965
test_02156,0.99969
test_02157,0.00316
test_02158,0.74021
test_02159,0.94382
test_02160,0.90890
test_02161,0.10132
test_02162,0.99977
test_02163,0.00028
test_02164,0.00065
test_02165,0.99497
test_02166,0.00039
test_02167,0.73932
test_02168,0.38308
test_02169,0.00000
test_02170,0.88015
test_02171,0.00154
test_02172,0.99929
test_02173,0.00200
test_02174,0.27678
test_02175,0.91821
test_02176,0.95392
test_02177,0.99669
test_02178,0.12501
test_02179,0.90934
test_02180,0.99800
test_02181,0.99869
test_02182,0.65809
test_02183,0.00007
test_02184,0.13963
test_02185,0.99954
test_02186,0.00013
test_02187,0.97532
test_02188,0.20721
test_02189,0.99999
test_02190,0.99996
test_02191,0.94661
test_02192,0.01447
test_02193,0.00323
test_02194,0.29381
test_02195,0.99006
test_02196,0.00631
test_02197,0.99636
test_02198,0.39429
test_02199,0.01097
test_02200,0.50175
test_02201,0.80072
test_02202,0.00125
test_02203,0.68545
test_02204,0.66826
test_02205,0.94109
test_02206,0.80731
test_02207,0.02314
test_02208,0.93940
test_02209,0.71101
test_02210,0.00430
test_02211,0.94220
test_02212,0.06601
test_02213,0.99999
test_02214,0.99995
test_02215,0.93744
test_02216,0.00089
test_02217,0.00000
test_02218,0.72658
test_02219,0.02815
test_02220,0.26273
test_02221,0.05702
test_02222,0.35662
test_02223,0.00129
test_02224,0.99998
test_02225,0.00503
test_02226,0.17060
test_02227,0.20617
test_02228,0.95887
test_02229,0.99187
test_02230,0.95656
test_02231,0.01563
test_02232,0.99965
test_02233,1.00000
test_02234,0.00016
test_02235,0.99979
test_02236,0.78253
test_02237,1.00000
test_02238,0.95636
test_02239,0.99339
test_02240,0.99318
test_02241,0.99756
test_02242,0.10894
test_02243,0.22329
test_02244,0.99369
test_02245,0.12384
test_02246,0.99999
test_02247,0.99962
test_02248,0.99481
test_02249,0.99793
test_02250,0.99988
test_02251,0.35868
test_02252,0.96008
test_02253,0.98815
test_02254,0.00926
test_02255,0.98769
test_02256,0.01262
test_02257,0.99963
test_02258,0.11348
test_02259,0.97878
test_02260,0.50191
test_02261,0.00012
test_02262,0.00495
test_02263,0.98116
test_02264,0.92243
test_02265,0.99958
test_02266,0.99946
test_02267,0.00400
test_02268,0.41492
test_02269,0.99996
test_02270,0.99994
test_02271,0.35104
test_02272,0.00980
test_02273,0.08840
test_02274,0.68548
test_02275,0.99995
test_02276,0.99624
test_02277,0.98959
test_02278,0.99999
test_02279,0.99981
test_02280,0.07239
test_02281,0.57637
test_02282,0.11900
test_02283,0.34934
test_02284,0.00038
test_02285,0.99169
test_02286,0.02227
test_02287,0.00198
test_02288,0.28322
test_02289,0.00000
test_02290,0.34624
test_02291,0.37468
test_02292,0.08358
test_02293,0.01651
test_02294,0.68710
test_02295,0.68613
test_02296,0.98215
test_02297,0.99992
test_02298,0.94407
test_02299,0.92604
test_02300,0.01804
test_02301,0.80533
test_02302,0.53757
test_02303,0.99959
test_02304,0.04504
test_02305,1.00000
test_02306,0.99995
test_02307,0.46917
test_02308,0.00494
test_02309,0.00008
test_02310,0.99999
test_02311,0.99332
test_02312,0.92193
test_02313,0.98639
test_02314,0.60348
test_02315,0.99209
test_02316,0.99725
test_02317,0.20061
test_02318,0.99991
test_02319,0.99991
test_02320,0.18936
test_02321,0.99959
test_02322,0.99678
test_02323,0.55914
test_02324,0.97613
test_02325,0.92836
test_02326,0.01446
test_02327,0.93032
test_02328,0.04628
test_02329,0.00969
test_02330,0.02210
test_02331,0.00352
test_02332,0.00628
test_02333,0.00275
test_02334,0.37111
test_02335,0.99989
test_02336,0.99961
test_02337,0.01178
test_02338,0.02387
test_02339,0.99932
test_02340,0.98864
test_02341,0.88987
test_02342,0.05048
test_02343,0.99632
test_02344,0.00677
test_02345,0.00059
test_02346,0.99985
test_02347,0.99579
test_02348,0.94140
test_02349,0.99974
test_02350,0.00108
test_02351,0.01793
test_02352,0.00002
test_02353,0.98796
test_02354,0.98629
test_02355,0.99998
test_02356,0.60368
test_02357,0.07836
test_02358,0.00504
test_02359,0.99737
test_02360,0.82766
test_02361,0.16178
test_02362,0.97693
test_02363,0.05892
test_02364,0.72153
test_02365,1.00000
test_02366,0.00013
test_02367,0.64448
test_02368,0.00000
test_02369,0.00622
test_02370,0.99811
test_02371,0.99807
test_02372,0.00028
test_02373,0.00680
test_02374,0.99931
test_02375,0.99819
test_02376,0.99411
test_02377,0.99824
test_02378,0.27450
test_02379,0.03105
test_02380,0.99628
test_02381,0.99999
test_02382,0.99992
test_02383,0.79957
test_02384,0.00017
test_02385,0.06704
test_02386,0.00008
test_02387,0.99884
test_02388,0.39366
test_02389,0.00002
test_02390,0.99901
test_02391,0.30234
test_02392,0.99931
test_02393,0.07757
test_02394,0.00002
test_02395,0.99664
test_02396,0.01322
test_02397,0.99021
test_02398,0.99858
test_02399,0.93709
test_02400,0.99990
test_02401,0.99996
test_02402,0.99999
test_02403,0.04368
test_02404,0.98647
test_02405,0.99997
test_02406,0.62967
test_02407,0.99995
test_02408,0.65052
test_02409,0.24345
test_02410,0.00072
test_02411,0.99850
test_02412,0.01305
test_02413,0.99999
test_02414,0.99998
test_02415,0.99936
test_02416,0.00060
test_02417,0.51618
test_02418,0.80209
test_02419,0.39368
test_02420,0.01288
test_02421,0.97939
test_02422,0.00402
test_02423,0.99795
test_02424,0.00051
test_02425,0.03708
test_02426,0.99988
test_02427,0.94955
test_02428,0.00433
test_02429,0.13324
test_02430,0.98307
test_02431,0.98564
test_02432,0.98941
test_02433,0.99926
test_02434,0.99817
test_02435,0.98457
test_02436,0.01017
test_02437,0.14590
test_02438,0.99443
test_02439,0.99402
test_02440,0.99999
test_02441,0.99905
test_02442,0.00026
test_02443,0.99999
test_02444,0.18814
test_02445,0.97736
test_02446,0.00032
test_02447,0.93762
test_02448,0.99999
test_02449,0.00200
test_02450,0.99935
test_02451,0.99892
test_02452,0.06757
test_02453,0.99704
test_02454,0.99480
test_02455,0.00736
test_02456,0.20265
test_02457,0.00736
test_02458,0.21199
test_02459,0.00294
test_02460,0.94523
test_02461,0.99573
test_02462,0.99380
test_02463,0.15763
test_02464,0.59195
test_02465,0.00388
test_02466,0.11216
test_02467,0.00114
test_02468,0.99997
test_02469,0.74859
test_02470,0.81753
test_02471,0.99994
test_02472,0.00006
test_02473,0.99893
test_02474,0.00014
test_02475,0.36493
test_02476,0.99323
test_02477,0.17478
test_02478,0.99998
test_02479,0.99988
test_02480,0.99992
test_02481,0.99010
test_02482,0.76112
test_02483,0.00601
test_02484,0.84480
test_02485,0.01566
test_02486,0.96305
test_02487,0.99980
test_02488,0.24855
test_02489,0.99999
test_02490,0.98280
test_02491,0.71795
test_02492,0.22650
test_02493,0.00128
test_02494,0.99982
test_02495,0.00001
test_02496,0.99998
test_02497,0.75379
test_02498,0.99978
test_02499,0.11241
test_02500,0.87161
test_02501,0.00017
test_02502,0.00094
test_02503,0.92655
test_02504,0.99970
test_02505,0.02298
test_02506,0.38328
test_02507,0.99986
test_02508,0.00221
test_02509,0.99953
test_02510,0.00139
test_02511,0.99604
test_02512,0.99817
test_02513,1.00000
test_02514,0.34136
test_02515,1.00000
test_02516,0.99789
test_02517,0.14856
test_02518,0.00003
test_02519,0.83230
test_02520,0.00043
test_02521,0.00356
test_02522,0.41552
test_02523,0.00116
test_02524,0.67185
test_02525,0.99866
test_02526,0.00782
test_02527,0.55184
test_02528,0.72849
test_02529,0.92198
test_02530,0.72015
test_02531,0.99862
test_02532,0.07228
test_02533,0.98396
test_02534,0.01059
test_02535,0.06430
test_02536,1.00000
test_02537,0.38918
test_02538,0.23032
test_02539,0.99997
test_02540,0.00002
test_02541,0.02569
test_02542,0.67042
test_02543,0.64462
test_02544,0.94532
test_02545,0.07201
test_02546,0.00002
test_02547,0.78279
test_02548,0.87663
test_02549,0.99996
test_02550,0.99999
test_02551,0.00002
test_02552,0.86745
test_02553,0.99986
test_02554,0.60019
test_02555,0.05534
test_02556,0.99523
test_02557,0.05067
test_02558,0.99986
test_02559,0.00040
test_02560,0.00055
test_02561,0.99990
test_02562,0.27281
test_02563,0.99737
test_02564,0.98094
test_02565,0.34126
test_02566,0.98500
test_02567,0.02587
test_02568,0.79930
test_02569,0.00002
test_02570,0.99782
test_02571,0.04398
test_02572,0.40339
test_02573,0.01834
test_02574,0.97313
test_02575,0.81919
test_02576,0.99680
test_02577,0.97597
test_02578,0.99787
test_02579,0.00311
test_02580,0.45863
test_02581,0.71145
test_02582,0.94343
test_02583,0.99385
test_02584,0.99998
test_02585,0.00060
test_02586,0.99763
test_02587,0.62992
test_02588,0.75044
test_02589,0.06404
test_02590,0.98751
test_02591,0.38357
test_02592,0.04011
test_02593,0.98342
test_02594,0.99999
test_02595,0.99986
test_02596,0.03847
test_02597,0.99891
test_02598,0.99996
test_02599,0.98852
test_02600,0.98164
test_02601,0.00414
test_02602,0.07680
test_02603,0.00001
test_02604,0.00005
test_02605,0.00198
test_02606,0.04449
test_02607,0.99123
test_02608,0.35810
test_02609,0.99961
test_02610,0.00457
test_02611,0.99750
test_02612,0.03790
test_02613,0.00086
test_02614,0.00086
test_02615,0.00760
test_02616,0.03422
test_02617,0.99176
test_02618,0.38802
test_02619,0.94650
test_02620,0.00007
test_02621,0.99997
test_02622,0.08615
test_02623,0.40392
test_02624,0.99999
test_02625,0.00021
test_02626,0.99941
test_02627,0.96323
test_02628,0.00317
test_02629,0.00017
test_02630,0.99668
test_02631,0.00042
test_02632,0.08679
test_02633,0.99981
test_02634,0.19700
test_02635,0.01568
test_02636,0.00323
test_02637,0.99999
test_02638,1.00000
test_02639,0.03354
test_02640,0.98900
test_02641,0.99998
test_02642,0.03719
test_02643,0.95975
test_02644,0.00060
test_02645,0.18420
test_02646,0.06512
test_02647,0.00097
test_02648,0.00007
test_02649,0.99997
test_02650,0.14751
test_02651,0.70468
test_02652,0.82456
test_02653,0.99995
test_02654,0.99827
test_02655,0.05920
test_02656,0.97248
test_02657,0.90806
test_02658,0.63603
test_02659,0.99987
test_02660,0.58143
test_02661,1.00000
test_02662,0.99996
test_02663,0.04638
test_02664,0.99662
test_02665,0.99875
test_02666,0.99187
test_02667,0.98371
test_02668,0.99923
test_02669,0.00167
test_02670,0.62619
test_02671,0.30222
test_02672,0.99956
test_02673,1.00000
test_02674,0.98687
test_02675,0.78228
test_02676,0.99994
test_02677,0.13300
test_02678,0.99991
test_02679,0.98713
test_02680,0.07490
test_02681,0.14665
test_02682,0.00166
test_02683,0.99999
test_02684,0.04303
test_02685,0.12417
test_02686,0.99989
test_02687,0.44455
test_02688,0.99996
test_02689,0.99589
test_02690,0.39352
test_02691,0.82699
test_02692,0.99346
test_02693,0.13011
test_02694,0.99999
test_02695,0.95711
test_02696,0.80427
test_02697,0.00955
test_02698,0.00083
test_02699,0.99999
test_02700,0.11971
test_02701,0.00486
test_02702,0.92451
test_02703,0.04600
test_02704,0.00690
test_02705,0.99937
test_02706,0.00075
test_02707,0.99998
test_02708,0.99720
test_02709,0.99958
test_02710,0.99980
test_02711,0.24746
test_02712,0.99992
test_02713,0.98851
test_02714,0.00014
test_02715,0.97788
test_02716,0.86503
test_02717,0.99975
test_02718,0.00051
test_02719,0.97683
test_02720,0.46155
test_02721,0.00361
test_02722,0.00914
test_02723,0.99570
test_02724,0.89470
test_02725,0.97937
test_02726,0.91034
test_02727,0.06468
test_02728,0.14383
test_02729,0.06815
test_02730,0.99870
test_02731,0.20281
test_02732,0.94711
test_02733,0.05341
test_02734,0.00234
test_02735,0.99815
test_02736,0.96185
test_02737,0.96255
test_02738,0.98527
test_02739,0.18646
test_02740,0.99990
test_02741,0.86199
test_02742,0.91126
test_02743,0.02283
test_02744,0.01889
test_02745,0.99994
test_02746,0.08707
test_02747,0.00728
test_02748,0.00035
test_02749,0.44872
test_02750,0.99999
test_02751,0.96567
test_02752,0.96614
test_02753,0.99978
test_02754,0.19714
test_02755,0.99260
test_02756,0.99853
test_02757,0.10380
test_02758,0.04440
test_02759,0.98904
test_02760,0.00038
test_02761,0.92145
test_02762,0.00064
test_02763,0.22695
test_02764,0.82631
test_02765,0.03118
test_02766,0.75350
test_02767,0.47182
test_02768,0.99513
test_02769,0.00219
test_02770,0.07384
test_02771,0.98666
test_02772,0.73897
test_02773,0.02927
test_02774,0.98701
test_02775,0.51598
test_02776,0.99458
test_02777,0.99986
test_02778,0.89454
test_02779,0.69760
test_02780,0.74281
test_02781,0.59823
test_02782,0.03219
test_02783,0.00332
test_02784,0.73899
test_02785,0.99972
test_02786,0.00000
test_02787,0.00062
test_02788,0.99921
test_02789,0.01821
test_02790,0.12437
test_02791,0.00407
test_02792,0.00391
test_02793,0.00501
test_02794,0.00102
test_02795,0.99855
test_02796,0.93163
test_02797,0.03426
test_02798,0.97899
test_02799,0.99957
test_02800,0.00041
test_02801,0.00001
test_02802,0.00037
test_02803,0.01093
test_02804,0.31644
test_02805,0.03085
test_02806,0.99997
test_02807,0.00016
test_02808,0.07227
test_02809,0.91201
test_02810,0.04039
test_02811,0.00086
test_02812,0.60722
test_02813,0.96886
test_02814,0.99498
test_02815,0.24209
test_02816,0.60654
test_02817,0.04064
test_02818,0.05994
test_02819,0.99956
test_02820,0.00004
test_02821,0.78455
test_02822,0.99891
test_02823,0.89321
test_02824,0.00010
test_02825,0.99983
test_02826,0.99999
test_02827,0.99998
test_02828,0.99949
test_02829,0.99980
test_02830,0.32371
test_02831,0.97671
test_02832,0.99729
test_02833,0.08227
test_02834,0.90018
test_02835,0.00001
test_02836,0.99155
test_02837,0.99984
test_02838,0.01591
test_02839,0.99912
test_02840,0.99965
test_02841,1.00000
test_02842,0.99941
test_02843,0.00295
test_02844,0.00070
test_02845,0.01590
test_02846,0.99546
test_02847,0.99925
test_02848,0.21673
test_02849,0.03086
test_02850,0.00002
test_02851,1.00000
test_02852,0.00003
test_02853,0.00025
test_02854,0.07928
test_02855,0.99982
test_02856,0.46969
test_02857,0.99826
test_02858,0.99459
test_02859,1.00000
test_02860,0.95630
test_02861,0.99760
test_02862,0.20706
test_02863,0.48960
test_02864,0.69357
test_02865,0.96848
test_02866,0.99972
test_02867,0.84045
test_02868,0.00033
test_02869,0.82671
test_02870,0.99666
test_02871,0.99637
test_02872,0.51043
test_02873,1.00000
test_02874,0.99894
test_02875,0.99917
test_02876,0.05729
test_02877,0.00564
test_02878,0.06400
test_02879,0.23067
test_02880,0.99354
test_02881,0.00002
test_02882,0.00343
test_02883,0.98333
test_02884,0.94208
test_02885,0.99877
test_02886,0.59605
test_02887,0.03137
test_02888,0.00038
test_02889,0.00893
test_02890,0.04394
test_02891,0.14503
test_02892,0.00292
test_02893,0.00089
test_02894,0.00107
test_02895,0.91830
test_02896,0.95992
test_02897,0.47416
test_02898,0.78606
test_02899,0.98813
test_02900,0.35871
test_02901,0.99990
test_02902,0.00036
test_02903,0.01277
test_02904,0.50313
test_02905,0.99931
test_02906,0.96822
test_02907,0.98613
test_02908,0.99975
test_02909,0.06152
test_02910,0.02018
test_02911,0.12395
test_02912,0.99910
test_02913,0.00072
test_02914,0.99513
test_02915,0.99996
test_02916,0.99742
test_02917,0.02098
test_02918,0.25701
test_02919,0.00362
test_02920,0.00016
test_02921,0.00130
test_02922,0.99983
test_02923,0.00047
test_02924,0.01715
test_02925,0.00115
test_02926,0.99594
test_02927,0.16245
test_02928,0.98722
test_02929,0.00068
test_02930,0.98594
test_02931,0.83514
test_02932,0.75912
test_02933,0.00352
test_02934,0.99790
test_02935,0.98655
test_02936,0.96511
test_02937,0.03574
test_02938,0.33895
test_02939,0.99713
test_02940,0.87518
test_02941,0.99996
test_02942,0.22730
test_02943,0.94303
test_02944,0.00135
test_02945,0.99705
test_02946,0.00167
test_02947,0.15519
test_02948,0.00944
test_02949,0.98925
test_02950,0.92866
test_02951,0.03631
test_02952,0.99999
test_02953,0.61841
test_02954,0.99984
test_02955,0.06943
test_02956,0.00037
test_02957,0.00134
test_02958,0.95014
test_02959,0.04942
test_02960,0.24601
test_02961,0.18391
test_02962,0.39086
test_02963,0.00660
test_02964,0.99987
test_02965,0.00142
test_02966,0.00014
test_02967,0.03649
test_02968,0.99987
test_02969,0.99773
test_02970,0.60327
test_02971,0.43518
test_02972,1.00000
test_02973,0.12209
test_02974,0.10519
test_02975,0.66428
test_02976,0.04912
test_02977,0.99808
test_02978,0.99529
test_02979,0.99736
test_02980,0.55795
test_02981,0.20879
test_02982,0.99942
test_02983,0.98073
test_02984,0.99968
test_02985,0.00001
test_02986,0.71505
test_02987,0.02658
test_02988,0.86182
test_02989,0.90186
test_02990,0.98762
test_02991,0.99958
test_02992,0.20576
test_02993,0.06088
test_02994,0.99718
test_02995,0.00022
test_02996,0.79361
test_02997,0.82735
test_02998,0.00064
test_02999,1.00000
test_03000,0.99804
test_03001,0.99799
test_03002,0.99263
test_03003,0.99607
test_03004,0.68809
test_03005,0.00161
test_03006,0.99935
test_03007,0.74991
test_03008,0.00037
test_03009,0.43897
test_03010,0.99984
test_03011,0.99027
test_03012,0.00236
test_03013,1.00000
test_03014,0.95243
test_03015,0.00018
test_03016,0.00022
test_03017,0.99854
test_03018,0.00056
test_03019,0.00187
test_03020,0.99363
test_03021,0.00218
test_03022,0.86721
test_03023,0.33380
test_03024,0.99995
test_03025,0.73844
test_03026,0.00006
test_03027,0.00112
test_03028,0.41898
test_03029,0.00021
test_03030,0.99949
test_03031,0.02544
test_03032,0.42846
test_03033,0.99289
test_03034,0.09038
test_03035,0.00108
test_03036,0.49261
test_03037,0.18334
test_03038,0.02698
test_03039,0.88007
test_03040,0.85173
test_03041,0.99995
test_03042,0.99399
test_03043,0.95619
test_03044,0.17824
test_03045,0.99149
test_03046,0.17608
test_03047,0.99690
test_03048,0.29656
test_03049,0.86612
test_03050,0.52994
test_03051,0.00030
test_03052,0.70985
test_03053,0.04969
test_03054,0.00347
test_03055,0.99998
test_03056,0.99936
test_03057,0.00011
test_03058,0.01635
test_03059,0.99961
test_03060,0.56868
test_03061,0.99934
test_03062,0.99907
test_03063,0.02066
test_03064,0.99964
test_03065,0.45604
test_03066,0.99982
test_03067,0.79349
test_03068,0.99967
test_03069,0.04189
test_03070,0.62609
test_03071,0.99936
test_03072,0.93029
test_03073,0.02730
test_03074,0.99878
test_03075,0.39586
test_03076,0.07509
test_03077,0.55424
test_03078,0.00376
test_03079,0.91111
test_03080,0.00044
test_03081,0.96696
test_03082,0.99926
test_03083,0.36741
test_03084,0.05865
test_03085,0.97905
test_03086,0.17243
test_03087,0.33353
test_03088,0.97864
test_03089,0.00956
test_03090,0.99860
test_03091,0.99936
test_03092,0.02083
test_03093,0.82460
test_03094,0.99913
test_03095,0.99984
test_03096,0.54602
test_03097,0.02095
test_03098,0.00441
test_03099,0.03686
test_03100,0.91154
test_03101,0.80926
test_03102,0.99925
test_03103,0.10118
test_03104,0.03577
test_03105,0.03113
test_03106,0.00484
test_03107,0.14787
test_03108,0.00070
test_03109,0.31575
test_03110,0.05654
test_03111,0.00303
test_03112,0.07387
test_03113,0.00009
test_03114,0.00151
test_03115,0.00277
test_03116,0.99999
test_03117,0.00017
test_03118,0.00640
test_03119,0.94870
test_03120,0.06934
test_03121,0.00000
test_03122,0.36326
test_03123,0.99987
test_03124,0.99845
test_03125,0.60536
test_03126,0.95688
test_03127,0.99911
test_03128,0.00420
test_03129,0.06833
test_03130,0.99983
test_03131,0.99755
test_03132,0.99989
test_03133,0.05587
test_03134,0.32755
test_03135,0.98387
test_03136,0.01047
test_03137,0.87376
test_03138,0.06770
test_03139,0.00250
test_03140,0.06370
test_03141,0.75492
test_03142,0.99342
test_03143,0.44989
test_03144,0.96841
test_03145,0.98299
test_03146,0.03342
test_03147,0.04003
test_03148,0.00387
test_03149,0.99149
test_03150,0.90597
test_03151,0.00495
test_03152,0.98260
test_03153,0.00114
test_03154,0.85404
test_03155,0.00050
test_03156,0.99350
test_03157,0.03766
test_03158,0.95633
test_03159,0.99835
test_03160,0.18667
test_03161,0.00000
test_03162,0.99996
test_03163,0.01029
test_03164,0.99992
test_03165,0.01423
test_03166,0.12874
test_03167,0.28596
test_03168,0.00012
test_03169,0.88005
test_03170,0.00009
test_03171,0.89886
test_03172,0.97936
test_03173,0.98836
test_03174,0.00004
test_03175,0.51047
test_03176,0.99986
test_03177,0.42324
test_03178,0.99905
test_03179,0.81127
test_03180,0.99954
test_03181,1.00000
test_03182,0.00237
test_03183,0.97894
test_03184,0.99938
test_03185,0.99880
test_03186,0.00042
test_03187,0.50718
test_03188,0.72682
test_03189,0.95383
test_03190,0.98941
test_03191,0.00278
test_03192,0.98797
test_03193,0.01171
test_03194,0.98880
test_03195,0.02639
test_03196,0.99999
test_03197,0.10442
test_03198,0.07060
test_03199,0.55714
test_03200,0.00076
test_03201,0.76420
test_03202,0.43681
test_03203,0.00223
test_03204,0.99521
test_03205,0.89693
test_03206,0.08789
test_03207,0.74390
test_03208,0.25256
test_03209,0.99511
test_03210,0.12782
test_03211,0.58511
test_03212,0.98338
test_03213,0.99968
test_03214,0.06157
test_03215,0.98892
test_03216,0.24304
test_03217,0.13711
test_03218,0.00073
test_03219,0.99982
test_03220,0.99511
test_03221,0.67313
test_03222,0.89822
test_03223,0.10193
test_03224,1.00000
test_03225,0.99980
test_03226,0.01260
test_03227,0.99744
test_03228,0.92402
test_03229,0.00273
test_03230,0.99567
test_03231,0.99996
test_03232,0.99946
test_03233,0.02492
test_03234,0.87570
test_03235,0.99788
test_03236,0.00120
test_03237,0.99569
test_03238,0.99166
test_03239,0.35010
test_03240,0.00004
test_03241,0.72462
test_03242,0.93152
test_03243,0.00008
test_03244,0.99806
test_03245,0.99468
test_03246,0.82232
test_03247,0.99442
test_03248,0.60480
test_03249,1.00000
test_03250,0.08981
test_03251,0.00207
test_03252,1.00000
test_03253,0.99936
test_03254,0.01070
test_03255,0.03654
test_03256,0.65228
test_03257,0.93969
test_03258,0.99060
test_03259,0.73617
test_03260,0.05860
test_03261,0.00594
test_03262,0.99875
test_03263,0.96218
test_03264,0.14029
test_03265,0.00012
test_03266,0.99995
test_03267,0.99983
test_03268,0.85624
test_03269,0.99965
test_03270,0.00222
test_03271,0.00545
test_03272,0.99994
test_03273,0.96867
test_03274,0.02369
test_03275,0.08166
test_03276,0.94130
test_03277,0.03860
test_03278,0.93501
test_03279,0.70319
test_03280,0.97169
test_03281,0.99974
test_03282,0.93136
test_03283,0.09616
test_03284,0.00018
test_03285,0.99994
test_03286,0.97949
test_03287,0.99977
test_03288,0.95026
test_03289,0.98622
test_03290,0.73642
test_03291,0.99107
test_03292,0.27856
test_03293,0.99408
test_03294,0.99902
test_03295,0.00184
test_03296,0.00224
test_03297,0.99987
test_03298,0.00160
test_03299,0.98724
test_03300,0.99837
test_03301,0.04536
test_03302,0.99984
test_03303,0.00820
test_03304,0.00121
test_03305,0.98260
test_03306,0.99950
test_03307,0.98499
test_03308,0.99910
test_03309,0.02484
test_03310,0.99870
test_03311,0.28997
test_03312,0.55452
test_03313,0.00016
test_03314,0.00005
test_03315,0.74904
test_03316,0.99999
test_03317,0.98247
test_03318,0.74634
test_03319,0.00655
test_03320,0.99794
test_03321,0.87870
test_03322,0.99757
test_03323,0.99925
test_03324,0.89774
test_03325,0.77257
test_03326,0.31902
test_03327,0.99170
test_03328,0.99707
test_03329,0.18111
test_03330,0.68197
test_03331,0.00394
test_03332,0.99994
test_03333,0.01836
test_03334,0.99932
test_03335,0.00024
test_03336,0.00055
test_03337,0.01039
test_03338,0.99453
test_03339,0.99913
test_03340,0.97482
test_03341,0.00071
test_03342,0.44891
test_03343,0.00005
test_03344,0.99943
test_03345,0.00020
test_03346,0.00422
test_03347,0.00040
test_03348,0.02983
test_03349,0.99952
test_03350,0.99987
test_03351,0.12974
test_03352,0.99980
test_03353,0.83225
test_03354,0.00472
test_03355,0.19507
test_03356,0.06700
test_03357,0.96718
test_03358,0.48429
test_03359,0.99995
test_03360,0.63308
test_03361,0.00177
test_03362,0.98842
test_03363,0.98309
test_03364,0.99948
test_03365,0.71328
test_03366,0.98227
test_03367,0.88930
test_03368,0.95120
test_03369,0.00162
test_03370,0.03254
test_03371,0.99985
test_03372,0.19491
test_03373,0.97756
test_03374,0.02785
test_03375,0.00128
test_03376,0.99340
test_03377,0.84157
test_03378,0.00032
test_03379,0.99957
test_03380,1.00000
test_03381,0.99784
test_03382,0.99951
test_03383,0.00388
test_03384,0.02871
test_03385,0.99689
test_03386,0.75343
test_03387,0.99999
test_03388,0.10289
test_03389,0.99993
test_03390,0.33913
test_03391,0.99822
test_03392,0.99548
test_03393,0.00023
test_03394,0.54443
test_03395,0.04830
test_03396,0.02505
test_03397,0.38782
test_03398,0.93440
test_03399,0.96178
test_03400,0.00002
test_03401,0.34512
test_03402,0.27505
test_03403,0.00041
test_03404,0.00021
test_03405,0.59562
test_03406,0.07047
test_03407,0.00033
test_03408,0.98484
test_03409,0.03972
test_03410,0.98813
test_03411,0.99856
test_03412,0.99093
test_03413,0.00165
test_03414,0.01860
test_03415,0.91169
test_03416,0.04518
test_03417,0.00488
test_03418,0.17534
test_03419,0.06113
test_03420,0.98053
test_03421,0.00588
test_03422,0.99963
test_03423,0.55102
test_03424,0.03213
test_03425,0.00343
test_03426,0.93399
test_03427,0.99945
test_03428,0.01029
test_03429,0.60138
test_03430,0.98026
test_03431,0.99232
test_03432,0.89556
test_03433,0.99958
test_03434,0.07007
test_03435,0.98841
test_03436,0.76580
test_03437,0.99587
test_03438,0.00002
test_03439,0.99701
test_03440,0.99622
test_03441,0.97900
test_03442,0.06222
test_03443,0.98764
test_03444,0.65873
test_03445,0.98924
test_03446,0.99934
test_03447,0.99989
test_03448,0.95462
test_03449,0.99920
test_03450,0.00033
test_03451,0.19345
test_03452,0.01011
test_03453,0.04051
test_03454,0.59579
test_03455,0.00008
test_03456,0.00113
test_03457,0.07277
test_03458,0.99924
test_03459,0.00011
test_03460,0.03468
test_03461,0.99504
test_03462,0.99850
test_03463,0.00005
test_03464,0.99851
test_03465,0.01290
test_03466,0.17218
test_03467,0.94380
test_03468,0.00077
test_03469,0.05005
test_03470,0.00006
test_03471,0.93896
test_03472,0.99888
test_03473,0.99920
test_03474,0.99994
test_03475,0.56421
test_03476,0.63556
test_03477,0.09749
test_03478,0.08742
test_03479,0.01458
test_03480,0.99625
test_03481,0.60367
test_03482,0.99967
test_03483,0.28135
test_03484,0.96427
test_03485,0.02044
test_03486,0.99759
test_03487,0.96785
test_03488,0.90841
test_03489,0.06240
test_03490,0.99643
test_03491,0.99264
test_03492,0.97567
test_03493,0.99998
test_03494,0.00550
test_03495,0.00720
test_03496,0.11183
test_03497,0.99840
test_03498,0.99066
test_03499,0.99990
test_03500,0.90338
test_03501,0.19571
test_03502,0.32932
test_03503,0.00428
test_03504,0.03400
test_03505,0.00223
test_03506,0.00918
test_03507,0.00174
test_03508,0.14179
test_03509,0.13265
test_03510,0.99608
test_03511,0.00931
test_03512,0.98086
test_03513,0.00429
test_03514,0.99997
test_03515,0.97361
test_03516,0.00183
test_03517,0.99914
test_03518,0.00022
test_03519,0.60979
test_03520,0.96897
test_03521,0.99970
test_03522,0.95617
test_03523,0.99996
test_03524,0.58567
test_03525,0.99994
test_03526,1.00000
test_03527,0.99586
test_03528,0.43289
test_03529,0.00185
test_03530,0.00052
test_03531,0.11138
test_03532,0.99999
test_03533,0.00037
test_03534,0.99783
test_03535,0.00051
test_03536,0.99454
test_03537,0.02819
test_03538,0.00224
test_03539,0.99661
test_03540,0.08655
test_03541,0.91982
test_03542,0.11816
test_03543,0.94141
test_03544,0.00050
test_03545,0.00019
test_03546,0.98886
test_03547,0.99501
test_03548,0.99989
test_03549,0.11652
test_03550,0.99990
test_03551,0.99069
test_03552,0.99941
test_03553,0.98745
test_03554,0.74498
test_03555,0.01092
test_03556,0.00944
test_03557,0.95117
test_03558,0.55844
test_03559,0.00606
test_03560,0.97869
test_03561,0.99241
test_03562,0.99986
test_03563,0.90313
test_03564,0.86308
test_03565,0.96892
test_03566,0.00255
test_03567,0.16455
test_03568,0.00962
test_03569,0.00029
test_03570,0.99938
test_03571,0.00065
test_03572,0.88599
test_03573,0.99566
test_03574,0.70342
test_03575,0.92490
test_03576,0.99987
test_03577,0.32630
test_03578,0.01120
test_03579,0.12896
test_03580,0.93954
test_03581,0.00069
test_03582,0.91328
test_03583,0.99999
test_03584,0.00000
test_03585,0.99758
test_03586,0.00054
test_03587,0.93327
test_03588,0.00763
test_03589,0.42016
test_03590,0.87648
test_03591,0.01468
test_03592,0.99989
test_03593,0.99942
test_03594,0.00752
test_03595,0.99389
test_03596,0.93592
test_03597,0.75807
test_03598,0.96900
test_03599,0.99957
test_03600,0.03507
test_03601,0.99138
test_03602,0.00001
test_03603,0.99964
test_03604,0.99954
test_03605,0.00366
test_03606,0.00854
test_03607,0.00454
test_03608,0.99977
test_03609,0.00155
test_03610,0.04027
test_03611,0.96538
test_03612,0.99896
test_03613,0.99961
test_03614,0.04701
test_03615,0.95638
test_03616,0.19093
test_03617,0.00003
test_03618,0.99977
test_03619,0.53773
test_03620,0.12301
test_03621,0.53207
test_03622,0.00000
test_03623,0.05717
test_03624,0.06283
test_03625,0.99960
test_03626,0.89000
test_03627,0.00717
test_03628,0.00374
test_03629,0.34278
test_03630,0.92419
test_03631,0.00017
test_03632,0.99980
test_03633,0.13930
test_03634,0.00046
test_03635,0.99981
test_03636,0.96916
test_03637,0.00024
test_03638,0.99907
test_03639,0.01993
test_03640,0.72196
test_03641,0.99974
test_03642,0.90271
test_03643,0.99999
test_03644,0.00193
test_03645,0.99990
test_03646,0.99988
test_03647,0.33721
test_03648,0.94403
test_03649,0.99993
test_03650,0.99978
test_03651,0.78731
test_03652,0.00000
test_03653,0.98684
test_03654,0.99954
test_03655,0.97696
test_03656,0.99114
test_03657,0.15062
test_03658,0.98331
test_03659,0.99917
test_03660,0.99952
test_03661,0.01509
test_03662,1.00000
test_03663,0.98272
test_03664,0.99970
test_03665,0.99996
test_03666,0.84802
test_03667,0.36340
test_03668,0.99979
test_03669,0.99899
test_03670,0.00266
test_03671,0.00015
test_03672,0.85232
test_03673,0.97360
test_03674,0.20510
test_03675,0.99974
test_03676,0.99552
test_03677,0.99997
test_03678,0.98998
test_03679,0.00286
test_03680,0.99471
test_03681,0.00408
test_03682,0.84861
test_03683,0.99995
test_03684,0.99998
test_03685,0.99214
test_03686,0.99937
test_03687,0.99296
test_03688,0.99212
test_03689,0.00539
test_03690,0.50111
test_03691,0.99999
test_03692,0.00080
test_03693,0.99845
test_03694,0.99980
test_03695,0.00032
test_03696,0.03615
test_03697,0.50326
test_03698,0.63117
test_03699,0.99747
test_03700,0.99984
test_03701,0.00257
test_03702,0.99979
test_03703,0.98609
test_03704,0.00016
test_03705,0.00320
test_03706,0.00005
test_03707,0.99976
test_03708,0.21987
test_03709,0.99997
test_03710,0.99750
test_03711,0.73542
test_03712,0.99768
test_03713,0.00036
test_03714,0.03837
test_03715,0.99993
test_03716,0.99854
test_03717,0.00000
test_03718,0.05033
test_03719,0.99717
test_03720,0.00397
test_03721,0.00035
test_03722,0.00101
test_03723,0.02647
test_03724,0.89739
test_03725,0.00000
test_03726,0.99999
test_03727,0.02466
test_03728,0.25070
test_03729,0.03087
test_03730,0.72103
test_03731,0.11518
test_03732,0.57914
test_03733,0.44897
test_03734,0.93716
test_03735,0.03649
test_03736,0.11385
test_03737,0.96164
test_03738,0.52719
test_03739,1.00000
test_03740,0.00083
test_03741,0.00756
test_03742,0.99310
test_03743,0.98292
test_03744,0.74943
test_03745,0.99997
test_03746,0.00176
test_03747,0.22203
test_03748,0.00022
test_03749,0.98657
test_03750,0.99765
test_03751,0.99551
test_03752,0.47880
test_03753,0.90192
test_03754,0.99991
test_03755,0.87453
test_03756,0.99999
test_03757,0.34452
test_03758,0.99981
test_03759,0.00149
test_03760,0.74086
test_03761,0.77488
test_03762,0.99596
test_03763,0.34031
test_03764,0.71829
test_03765,0.00326
test_03766,0.99998
test_03767,0.19542
test_03768,0.00602
test_03769,0.42514
test_03770,0.99409
test_03771,0.37821
test_03772,0.99837
test_03773,0.00086
test_03774,0.98013
test_03775,0.18760
test_03776,0.00002
test_03777,0.00030
test_03778,0.99524
test_03779,0.02539
test_03780,0.00036
test_03781,0.11058
test_03782,0.02195
test_03783,0.00315
test_03784,0.01241
test_03785,0.99812
test_03786,0.33407
test_03787,0.01994
test_03788,0.00001
test_03789,0.02169
test_03790,0.82820
test_03791,0.97902
test_03792,0.99980
test_03793,0.00043
test_03794,0.97060
test_03795,0.99974
test_03796,0.99583
test_03797,0.07217
test_03798,0.78680
test_03799,0.00788
test_03800,0.99992
test_03801,0.00028
test_03802,0.48587
test_03803,0.28464
test_03804,0.00085
test_03805,0.99513
test_03806,0.01715
test_03807,0.99969
test_03808,0.99954
test_03809,0.99751
test_03810,0.00002
test_03811,0.07002
test_03812,0.00365
test_03813,0.99773
test_03814,0.20701
test_03815,0.98192
test_03816,0.00541
test_03817,0.08394
test_03818,0.00008
test_03819,0.05369
test_03820,0.96237
test_03821,0.99964
test_03822,0.99983
test_03823,0.01006
test_03824,0.99777
test_03825,0.84177
test_03826,0.99995
test_03827,0.95111
test_03828,0.98975
test_03829,0.01858
test_03830,0.01740
test_03831,0.00006
test_03832,0.02342
test_03833,0.07791
test_03834,0.98651
test_03835,0.74611
test_03836,0.03209
test_03837,0.00277
test_03838,0.00001
test_03839,0.17041
test_03840,0.99999
test_03841,0.99063
test_03842,0.18753
test_03843,0.59113
test_03844,0.25326
test_03845,0.99629
test_03846,1.00000
test_03847,0.00031
test_03848,0.74169
test_03849,0.99772
test_03850,0.01175
test_03851,0.89025
test_03852,0.03693
test_03853,0.99978
test_03854,0.99999
test_03855,0.00016
test_03856,0.99975
test_03857,0.00131
test_03858,0.00005
test_03859,0.00657
test_03860,0.00061
test_03861,0.00140
test_03862,0.97466
test_03863,0.99895
test_03864,0.99909
test_03865,0.98877
test_03866,0.99963
test_03867,0.00043
test_03868,0.00008
test_03869,0.99938
test_03870,0.99903
test_03871,0.00038
test_03872,0.02699
test_03873,0.02685
test_03874,0.01300
test_03875,0.09998
test_03876,0.99987
test_03877,0.98073
test_03878,0.77185
test_03879,0.98587
test_03880,0.99856
test_03881,0.00171
test_03882,0.86064
test_03883,0.00198
test_03884,0.99999
test_03885,0.01822
test_03886,0.00007
test_03887,0.94123
test_03888,0.99969
test_03889,0.00009
test_03890,0.81130
test_03891,0.04022
test_03892,0.03790
test_03893,0.00051
test_03894,0.99572
test_03895,0.08790
test_03896,0.99973
test_03897,0.99593
test_03898,0.03033
test_03899,0.98114
test_03900,0.85462
test_03901,0.00525
test_03902,0.00238
test_03903,0.99999
test_03904,0.00307
test_03905,0.99416
test_03906,0.05868
test_03907,0.99867
test_03908,0.99853
test_03909,0.99691
test_03910,0.00815
test_03911,0.13238
test_03912,0.99743
test_03913,0.36546
test_03914,0.92997
test_03915,0.00268
test_03916,0.89078
test_03917,0.99986
test_03918,0.75651
test_03919,0.99989
test_03920,0.33469
test_03921,0.08045
test_03922,0.01996
test_03923,0.99964
test_03924,0.66042
test_03925,0.00018
test_03926,0.99519
test_03927,0.32690
test_03928,0.09595
test_03929,0.88208
test_03930,0.64308
test_03931,0.99199
test_03932,0.00024
test_03933,0.01765
test_03934,0.98992
test_03935,0.10661
test_03936,0.24855
test_03937,0.01303
test_03938,0.70319
test_03939,0.04663
test_03940,0.04128
test_03941,0.81105
test_03942,0.18983
test_03943,0.04157
test_03944,0.98388
test_03945,0.99787
test_03946,0.98329
test_03947,0.99188
test_03948,0.98939
test_03949,0.59164
test_03950,0.99782
test_03951,0.45662
test_03952,0.55569
test_03953,0.89466
test_03954,0.93619
test_03955,0.00054
test_03956,0.01609
test_03957,0.97961
test_03958,1.00000
test_03959,0.32972
test_03960,0.15666
test_03961,0.99660
test_03962,0.99930
test_03963,0.05535
test_03964,0.32426
test_03965,0.00000
test_03966,0.58996
test_03967,0.00019
test_03968,0.99967
test_03969,0.77819
test_03970,0.99997
test_03971,0.00005
test_03972,0.00797
test_03973,0.99612
test_03974,0.26938
test_03975,0.97837
test_03976,1.00000
test_03977,0.99951
test_03978,0.89839
test_03979,0.99666
test_03980,0.92108
test_03981,0.97835
test_03982,0.99231
test_03983,0.99710
test_03984,0.98041
test_03985,0.38578
test_03986,0.00176
test_03987,0.80822
test_03988,0.99996
test_03989,0.02693
test_03990,0.00037
test_03991,0.00311
test_03992,0.99838
test_03993,0.38455
test_03994,0.00171
test_03995,0.00334
test_03996,0.99999
test_03997,0.99985
test_03998,0.86330
test_03999,0.99999
test_04000,0.99990
test_04001,0.00122
test_04002,0.99966
test_04003,0.99019
test_04004,0.38920
test_04005,0.02715
test_04006,0.19813
test_04007,0.00058
test_04008,0.65145
test_04009,0.00070
test_04010,0.58581
test_04011,0.00046
test_04012,0.00080
test_04013,0.33025
test_04014,0.99359
test_04015,0.99767
test_04016,0.04861
test_04017,0.06150
test_04018,0.99977
test_04019,0.91113
test_04020,0.99998
test_04021,0.00179
test_04022,0.27354
test_04023,0.28790
test_04024,0.03081
test_04025,0.00066
test_04026,0.99998
test_04027,0.19965
test_04028,0.01767
test_04029,0.78780
test_04030,0.94654
test_04031,0.00038
test_04032,0.06778
test_04033,0.99997
test_04034,0.99961
test_04035,0.98461
test_04036,0.30043
test_04037,0.99979
test_04038,0.01612
test_04039,0.00027
test_04040,1.00000
test_04041,0.99879
test_04042,0.99830
test_04043,0.28783
test_04044,0.02478
test_04045,0.08470
test_04046,0.96831
test_04047,0.99508
test_04048,0.99991
test_04049,0.99027
test_04050,0.00388
test_04051,1.00000
test_04052,0.93471
test_04053,0.99370
test_04054,0.01357
test_04055,0.99935
test_04056,0.99995
test_04057,0.99112
test_04058,0.99989
test_04059,0.96061
test_04060,0.99911
test_04061,0.24725
test_04062,0.00008
test_04063,0.04358
test_04064,0.65437
test_04065,0.99233
test_04066,0.99809
test_04067,0.25978
test_04068,0.05822
test_04069,0.00391
test_04070,0.00031
test_04071,0.31170
test_04072,0.01474
test_04073,0.01688
test_04074,0.00561
test_04075,0.99554
test_04076,0.99104
test_04077,0.84987
test_04078,0.99940
test_04079,0.00162
test_04080,0.22358
test_04081,0.99895
test_04082,0.00368
test_04083,0.98788
test_04084,0.28267
test_04085,0.00001
test_04086,0.99831
test_04087,0.94409
test_04088,0.99836
test_04089,0.30486
test_04090,0.99978
test_04091,0.85687
test_04092,0.88839
test_04093,0.99982
test_04094,0.00021
test_04095,0.13478
test_04096,0.00081
test_04097,0.16391
test_04098,0.00017
test_04099,0.99998
test_04100,1.00000
test_04101,0.00007
test_04102,0.00000
test_04103,0.03474
test_04104,0.99988
test_04105,0.00936
test_04106,0.00001
test_04107,0.20828
test_04108,0.98990
test_04109,0.99797
test_04110,0.09851
test_04111,0.99842
test_04112,0.64033
test_04113,0.99843
test_04114,0.09730
test_04115,0.98721
test_04116,0.99996
test_04117,0.99996
test_04118,0.02002
test_04119,0.00619
test_04120,0.99961
test_04121,0.83839
test_04122,0.78817
test_04123,0.99976
test_04124,0.67802
test_04125,0.00451
test_04126,0.00136
test_04127,0.00023
test_04128,0.03280
test_04129,0.96449
test_04130,0.00023
test_04131,0.00000
test_04132,0.43287
test_04133,0.00644
test_04134,0.99305
test_04135,0.99845
test_04136,0.96240
test_04137,0.51461
test_04138,0.99172
test_04139,0.39666
test_04140,1.00000
test_04141,0.09612
test_04142,0.96737
test_04143,0.06532
test_04144,0.97196
test_04145,0.98624
test_04146,0.01201
test_04147,0.00274
test_04148,0.99999
test_04149,0.28545
test_04150,0.03936
test_04151,0.99626
test_04152,0.99970
test_04153,0.93974
test_04154,0.19726
test_04155,0.00628
test_04156,0.07500
test_04157,0.99975
test_04158,0.99731
test_04159,0.05144
test_04160,0.99718
test_04161,0.01436
test_04162,0.99203
test_04163,0.97090
test_04164,0.86343
test_04165,0.99980
test_04166,0.00067
test_04167,0.01924
test_04168,0.01830
test_04169,0.99980
test_04170,0.99979
test_04171,0.99897
test_04172,0.20934
test_04173,0.99948
test_04174,0.01964
test_04175,0.99823
test_04176,0.95142
test_04177,0.00087
test_04178,0.99490
test_04179,0.13694
test_04180,0.00121
test_04181,0.97284
test_04182,0.83901
test_04183,0.00067
test_04184,0.96883
test_04185,0.99989
test_04186,0.99774
test_04187,0.96491
test_04188,0.00072
test_04189,0.00021
test_04190,0.99693
test_04191,0.99990
test_04192,0.00166
test_04193,0.04409
test_04194,0.03307
test_04195,0.05316
test_04196,0.43517
test_04197,0.00562
test_04198,0.99954
test_04199,0.03884
test_04200,0.05000
test_04201,0.69163
test_04202,0.95033
test_04203,0.97868
test_04204,0.64699
test_04205,0.00002
test_04206,0.01495
test_04207,0.99968
test_04208,0.06161
test_04209,0.96223
test_04210,0.24653
test_04211,0.43416
test_04212,0.99355
test_04213,0.01726
test_04214,0.99970
test_04215,0.00912
test_04216,0.00007
test_04217,0.99998
test_04218,0.01383
test_04219,0.98546
test_04220,0.09740
test_04221,0.99942
test_04222,1.00000
test_04223,0.99998
test_04224,0.99943
test_04225,0.99601
test_04226,0.72589
test_04227,0.99870
test_04228,0.99999
test_04229,0.96838
test_04230,0.89339
test_04231,0.84983
test_04232,0.99999
test_04233,0.99913
test_04234,0.99975
test_04235,0.99978
test_04236,0.04948
test_04237,0.91401
test_04238,0.00193
test_04239,0.17260
test_04240,0.99802
test_04241,1.00000
test_04242,0.99392
test_04243,0.00001
test_04244,0.60893
test_04245,0.99849
test_04246,0.99928
test_04247,0.99991
test_04248,0.99994
test_04249,0.99968
test_04250,0.99718
test_04251,0.91646
test_04252,0.00001
test_04253,0.00139
test_04254,0.00455
test_04255,0.99870
test_04256,0.99991
test_04257,0.99711
test_04258,0.54155
test_04259,0.99802
test_04260,0.89961
test_04261,0.99987
test_04262,0.99956
test_04263,0.98178
test_04264,0.99997
test_04265,0.96911
test_04266,0.53643
test_04267,0.01559
test_04268,0.99669
test_04269,0.99999
test_04270,0.37890
test_04271,0.00411
test_04272,0.01940
test_04273,0.99971
test_04274,0.00398
test_04275,0.00054
test_04276,0.63899
test_04277,0.94906
test_04278,0.74442
test_04279,0.00640
test_04280,0.42153
test_04281,0.98160
test_04282,0.17110
test_04283,0.00049
test_04284,0.47190
test_04285,0.99953
test_04286,0.00584
test_04287,0.99999
test_04288,0.04479
test_04289,0.99999
test_04290,0.16616
test_04291,0.83126
test_04292,0.76259
test_04293,0.98374
test_04294,0.20231
test_04295,0.00001
test_04296,0.96724
test_04297,0.99994
test_04298,0.91312
test_04299,0.00000
test_04300,0.00020
test_04301,0.99884
test_04302,0.93793
test_04303,0.05290
test_04304,0.96587
test_04305,0.76761
test_04306,0.00201
test_04307,0.99913
test_04308,0.03004
test_04309,0.56179
test_04310,1.00000
test_04311,0.99994
test_04312,0.09507
test_04313,0.00033
test_04314,0.81715
test_04315,0.99676
test_04316,0.00038
test_04317,0.00008
test_04318,0.32349
test_04319,0.47793
test_04320,0.07907
test_04321,0.99285
test_04322,0.01262
test_04323,0.00430
test_04324,0.99831
test_04325,0.99125
test_04326,0.95027
test_04327,0.98127
test_04328,0.79561
test_04329,1.00000
test_04330,1.00000
test_04331,0.95386
test_04332,0.22382
test_04333,0.00221
test_04334,0.99990
test_04335,0.00601
test_04336,0.01808
test_04337,0.59470
test_04338,0.99914
test_04339,0.99927
test_04340,0.14823
test_04341,0.99722
test_04342,0.15400
test_04343,0.91363
test_04344,0.85227
test_04345,0.74495
test_04346,0.01684
test_04347,0.13610
test_04348,0.99663
test_04349,0.97698
test_04350,0.99982
test_04351,0.24848
test_04352,0.60084
test_04353,0.80918
test_04354,0.00069
test_04355,0.99924
test_04356,0.05828
test_04357,0.00018
test_04358,0.00013
test_04359,0.60939
test_04360,0.99948
test_04361,0.99613
test_04362,0.00470
test_04363,0.71459
test_04364,0.95840
test_04365,0.79425
test_04366,0.06145
test_04367,0.00006
test_04368,0.02272
test_04369,0.59244
test_04370,0.00005
test_04371,0.98975
test_04372,0.74457
test_04373,0.06023
test_04374,0.00211
test_04375,0.99768
test_04376,0.06730
test_04377,0.30417
test_04378,0.99998
test_04379,0.00026
test_04380,0.08696
test_04381,1.00000
test_04382,0.15604
test_04383,0.55909
test_04384,0.99650
test_04385,0.19026
test_04386,0.01502
test_04387,0.40175
test_04388,0.00120
test_04389,0.00432
test_04390,0.99732
test_04391,0.98345
test_04392,0.99467
test_04393,0.97119
test_04394,0.99989
test_04395,0.00010
test_04396,0.01794
test_04397,0.10367
test_04398,0.01708
test_04399,0.00008
test_04400,0.65524
test_04401,0.02387
test_04402,0.99662
test_04403,0.73666
test_04404,0.41987
test_04405,0.99993
test_04406,0.99961
test_04407,0.33335
test_04408,0.99900
test_04409,0.99973
test_04410,0.87428
test_04411,0.99982
test_04412,0.26577
test_04413,0.99933
test_04414,0.99986
test_04415,0.00007
test_04416,0.42078
test_04417,0.84314
test_04418,0.00005
test_04419,0.00481
test_04420,0.01130
test_04421,0.99997
test_04422,0.17765
test_04423,0.02526
test_04424,0.26400
test_04425,0.99861
test_04426,0.99997
test_04427,0.99748
test_04428,0.03550
test_04429,0.99994
test_04430,0.95786
test_04431,0.99975
test_04432,0.00008
test_04433,0.00348
test_04434,0.96094
test_04435,0.96670
test_04436,0.55424
test_04437,1.00000
test_04438,0.63052
test_04439,0.00004
test_04440,0.99959
test_04441,0.99948
test_04442,0.24930
test_04443,0.05035
test_04444,0.98205
test_04445,0.99999
test_04446,0.38927
test_04447,0.96550
test_04448,0.01585
test_04449,0.32321
test_04450,0.99725
test_04451,0.00039
test_04452,0.00001
test_04453,0.99949
test_04454,0.00672
test_04455,0.87089
test_04456,0.00389
test_04457,0.88721
test_04458,0.99997
test_04459,0.02592
test_04460,0.02037
test_04461,0.99371
test_04462,0.15749
test_04463,0.99993
test_04464,0.99991
test_04465,0.99139
test_04466,0.00130
test_04467,0.99999
test_04468,0.00222
test_04469,0.00696
test_04470,0.80231
test_04471,0.95132
test_04472,0.41400
test_04473,0.00150
test_04474,0.33209
test_04475,0.00037
test_04476,0.01711
test_04477,0.14120
test_04478,0.90918
test_04479,0.43112
test_04480,0.63895
test_04481,0.60321
test_04482,0.12866
test_04483,0.99991
test_04484,0.99985
test_04485,0.99978
test_04486,0.99952
test_04487,0.72775
test_04488,0.55431
test_04489,0.00171
test_04490,0.94938
test_04491,0.07951
test_04492,0.29329
test_04493,0.62986
test_04494,0.33192
test_04495,0.94645
test_04496,0.03170
test_04497,0.00053
test_04498,0.00001
test_04499,0.00183
test_04500,0.99990
test_04501,0.00085
test_04502,0.99977
test_04503,0.00010
test_04504,0.00196
test_04505,0.00337
test_04506,0.99967
test_04507,0.00001
test_04508,0.00329
test_04509,0.00725
test_04510,0.00384
test_04511,0.00343
test_04512,1.00000
test_04513,0.22494
test_04514,0.99972
test_04515,0.00163
test_04516,0.94607
test_04517,0.99957
test_04518,0.00390
test_04519,0.83089
test_04520,0.08851
test_04521,0.99613
test_04522,0.83298
test_04523,0.00303
test_04524,0.99960
test_04525,0.06443
test_04526,1.00000
test_04527,0.31039
test_04528,0.91425
test_04529,0.01449
test_04530,0.23348
test_04531,0.02943
test_04532,0.81820
test_04533,0.04307
test_04534,0.00374
test_04535,0.99982
test_04536,0.00331
test_04537,0.02459
test_04538,0.00063
test_04539,0.97957
test_04540,0.76378
test_04541,0.99995
test_04542,0.12344
test_04543,0.00022
test_04544,0.89228
test_04545,0.99993
test_04546,0.98645
test_04547,0.99984
test_04548,0.99999
test_04549,0.00126
test_04550,0.89246
test_04551,0.99288
test_04552,0.04688
test_04553,0.52072
test_04554,0.01180
test_04555,0.00701
test_04556,0.99991
test_04557,0.02276
test_04558,0.00226
test_04559,0.00053
test_04560,0.15839
test_04561,0.00045
test_04562,0.16424
test_04563,0.99707
test_04564,0.00083
test_04565,0.97716
test_04566,0.05269
test_04567,0.99968
test_04568,0.80731
test_04569,0.99965
test_04570,0.28549
test_04571,0.02641
test_04572,0.99981
test_04573,0.79542
test_04574,0.00501
test_04575,0.31350
test_04576,0.97719
test_04577,0.98770
test_04578,0.99339
test_04579,0.99674
test_04580,0.04275
test_04581,0.10644
test_04582,0.59962
test_04583,0.82013
test_04584,0.98514
test_04585,0.98194
test_04586,0.01587
test_04587,0.79548
test_04588,0.32129
test_04589,0.92715
test_04590,0.99943
test_04591,0.99350
test_04592,0.00559
test_04593,0.67596
test_04594,0.46403
test_04595,0.99896
test_04596,0.01055
test_04597,0.00348
test_04598,0.00880
test_04599,0.99714
test_04600,0.17741
test_04601,0.01268
test_04602,0.57738
test_04603,0.96764
test_04604,0.61510
test_04605,0.99756
test_04606,0.96446
test_04607,0.18861
test_04608,0.05759
test_04609,0.99636
test_04610,0.00018
test_04611,1.00000
test_04612,0.99980
test_04613,0.99997
test_04614,0.99928
test_04615,0.99949
test_04616,0.99892
test_04617,0.00280
test_04618,0.99998
test_04619,0.99991
test_04620,0.19299
test_04621,0.99251
test_04622,0.99373
test_04623,0.99672
test_04624,0.15024
test_04625,0.98552
test_04626,0.43448
test_04627,0.04233
test_04628,0.99919
test_04629,0.99626
test_04630,0.98291
test_04631,0.99773
test_04632,0.20277
test_04633,0.24776
test_04634,0.99415
test_04635,0.99840
test_04636,0.98779
test_04637,0.99960
test_04638,0.98799
test_04639,0.99971
test_04640,0.99994
test_04641,0.98114
test_04642,0.01941
test_04643,0.99823
test_04644,0.99896
test_04645,0.97345
test_04646,0.74575
test_04647,0.99970
test_04648,0.99940
test_04649,0.98382
test_04650,0.00647
test_04651,0.99993
test_04652,0.00723
test_04653,0.99891
test_04654,0.50555
test_04655,0.21140
test_04656,0.00089
test_04657,0.99988
test_04658,0.99997
test_04659,0.50096
test_04660,0.84821
test_04661,0.68997
test_04662,0.07046
test_04663,0.08911
test_04664,0.00842
test_04665,0.99991
test_04666,0.01227
test_04667,0.99993
test_04668,0.00006
test_04669,0.94323
test_04670,0.97895
test_04671,0.69206
test_04672,0.39835
test_04673,0.91013
test_04674,0.06653
test_04675,0.95160
test_04676,0.39964
test_04677,0.99819
test_04678,0.99778
test_04679,0.00056
test_04680,0.99828
test_04681,0.99757
test_04682,0.00075
test_04683,0.00806
test_04684,0.12658
test_04685,0.98841
test_04686,0.97240
test_04687,0.99967
test_04688,0.13353
test_04689,0.95620
test_04690,0.95243
test_04691,0.00024
test_04692,0.00017
test_04693,1.00000
test_04694,0.94860
test_04695,0.00182
test_04696,1.00000
test_04697,0.32646
test_04698,0.00061
test_04699,0.01416
test_04700,0.99999
test_04701,0.89904
test_04702,0.08560
test_04703,0.99996
test_04704,0.04643
test_04705,0.00123
test_04706,0.00001
test_04707,0.99468
test_04708,0.48535
test_04709,0.00120
test_04710,0.99958
test_04711,0.99850
test_04712,1.00000
test_04713,0.80498
test_04714,0.00263
test_04715,0.99997
test_04716,0.00336
test_04717,0.55622
test_04718,0.00015
test_04719,0.00217
test_04720,0.99998
test_04721,0.88504
test_04722,0.96192
test_04723,0.99786
test_04724,1.00000
test_04725,0.99847
test_04726,0.97023
test_04727,0.99975
test_04728,0.92833
test_04729,0.00075
test_04730,0.00047
test_04731,0.00927
test_04732,0.97778
test_04733,0.12320
test_04734,0.99996
test_04735,0.99711
test_04736,0.69115
test_04737,0.45027
test_04738,0.19908
test_04739,0.57048
test_04740,0.99984
test_04741,0.96630
test_04742,0.99984
test_04743,0.31805
test_04744,0.99946
test_04745,0.62330
test_04746,0.00602
test_04747,0.93421
test_04748,0.10221
test_04749,0.61060
test_04750,0.84068
test_04751,1.00000
test_04752,0.00116
test_04753,0.96134
test_04754,0.00314
test_04755,0.02455
test_04756,0.00697
test_04757,0.00037
test_04758,0.00005
test_04759,0.98965
test_04760,0.93126
test_04761,0.02324
test_04762,0.04608
test_04763,0.16966
test_04764,0.91076
test_04765,0.99756
test_04766,0.27043
test_04767,0.99995
test_04768,0.01332
test_04769,0.99773
test_04770,0.99865
test_04771,0.00669
test_04772,0.89709
test_04773,0.99989
test_04774,0.01616
test_04775,0.83586
test_04776,0.98508
test_04777,0.00004
test_04778,0.99369
test_04779,0.13979
test_04780,0.90003
test_04781,0.68086
test_04782,0.00466
test_04783,0.94744
test_04784,0.00682
test_04785,0.99483
test_04786,0.27924
test_04787,0.99753
test_04788,0.05995
test_04789,0.00979
test_04790,0.98032
test_04791,0.02481
test_04792,0.99971
test_04793,0.99997
test_04794,0.00077
test_04795,0.02418
test_04796,0.05856
test_04797,0.99953
test_04798,0.99915
test_04799,0.00132
test_04800,0.99991
test_04801,0.58951
test_04802,0.00031
test_04803,0.99998
test_04804,0.96323
test_04805,0.00019
test_04806,0.71261
test_04807,0.04921
test_04808,0.20029
test_04809,0.53946
test_04810,0.07842
test_04811,0.00576
test_04812,0.90947
test_04813,0.99998
test_04814,0.00027
test_04815,0.30647
test_04816,0.93434
test_04817,0.00606
test_04818,0.00034
test_04819,0.46495
test_04820,0.00567
test_04821,0.99999
test_04822,0.99203
test_04823,0.99434
test_04824,0.00043
test_04825,0.96752
test_04826,0.99920
test_04827,0.01089
test_04828,0.99426
test_04829,0.99851
test_04830,0.00982
test_04831,0.97688
test_04832,0.99839
test_04833,0.05775
test_04834,0.00122
test_04835,0.99998
test_04836,0.02259
test_04837,0.05369
test_04838,0.00430
test_04839,0.00008
test_04840,0.01927
test_04841,0.00324
test_04842,0.98973
test_04843,0.03288
test_04844,0.00002
test_04845,1.00000
test_04846,0.05339
test_04847,0.96730
test_04848,0.99900
test_04849,0.70699
test_04850,0.99994
test_04851,0.97582
test_04852,0.99978
test_04853,0.11908
test_04854,0.76424
test_04855,0.99213
test_04856,0.52773
test_04857,0.00011
test_04858,0.99364
test_04859,0.02509
test_04860,0.06420
test_04861,0.99997
test_04862,0.00986
test_04863,0.24505
test_04864,0.51324
test_04865,0.62627
test_04866,0.00179
test_04867,0.06354
test_04868,0.00068
test_04869,0.55253
test_04870,0.98723
test_04871,0.99452
test_04872,0.99837
test_04873,0.99411
test_04874,0.02361
test_04875,0.68476
test_04876,0.00086
test_04877,0.93551
test_04878,0.00144
test_04879,0.99793
test_04880,0.05559
test_04881,0.39496
test_04882,0.43695
test_04883,0.98781
test_04884,0.00622
test_04885,0.06145
test_04886,1.00000
test_04887,0.56052
test_04888,0.00068
test_04889,0.94809
test_04890,0.03007
test_04891,0.48709
test_04892,0.80141
test_04893,0.51247
test_04894,0.02595
test_04895,0.00001
test_04896,0.05654
test_04897,0.00013
test_04898,0.05044
test_04899,0.07521
test_04900,0.99943
test_04901,0.97156
test_04902,0.00370
test_04903,0.98852
test_04904,0.96574
test_04905,0.32959
test_04906,0.99062
test_04907,0.06215
test_04908,0.98531
test_04909,0.99782
test_04910,0.99996
test_04911,0.99980
test_04912,1.00000
test_04913,0.79000
test_04914,0.00064
test_04915,0.98868
test_04916,0.00149
test_04917,0.99996
test_04918,0.96398
test_04919,0.01385
test_04920,0.00227
test_04921,0.99990
test_04922,0.00000
test_04923,0.00446
test_04924,0.00594
test_04925,0.02726
test_04926,0.99782
test_04927,0.00542
test_04928,0.00001
test_04929,0.99998
test_04930,0.00072
test_04931,0.68982
test_04932,0.17799
test_04933,0.99965
test_04934,0.20187
test_04935,0.00480
test_04936,1.00000
test_04937,0.00880
test_04938,0.00689
test_04939,0.99498
test_04940,0.13150
test_04941,0.98570
test_04942,0.44320
test_04943,0.99973
test_04944,0.99559
test_04945,0.00433
test_04946,0.00052
test_04947,0.85264
test_04948,0.99962
test_04949,0.96780
test_04950,0.00470
test_04951,0.01450
test_04952,0.99454
test_04953,0.00042
test_04954,0.78864
test_04955,0.99996
test_04956,0.99998
test_04957,0.96483
test_04958,0.23416
test_04959,0.11136
test_04960,0.36131
test_04961,0.90653
test_04962,0.98917
test_04963,0.00008
test_04964,0.99774
test_04965,0.99967
test_04966,1.00000
test_04967,0.00837
test_04968,0.60255
test_04969,0.99968
test_04970,0.99556
test_04971,0.99999
test_04972,0.00009
test_04973,0.91092
test_04974,0.94113
test_04975,0.01213
test_04976,0.03143
test_04977,0.00069
test_04978,0.18667
test_04979,0.01535
test_04980,0.99522
test_04981,0.99995
test_04982,0.99996
test_04983,0.02311
test_04984,0.07547
test_04985,0.97022
test_04986,0.33978
test_04987,0.99998
test_04988,0.00010
test_04989,0.03334
test_04990,0.99938
test_04991,0.01769
test_04992,0.00537
test_04993,0.99998
test_04994,0.00445
test_04995,0.99733
test_04996,0.99338
test_04997,0.09064
test_04998,0.04537
test_04999,0.00416
test_05000,0.99335
test_05001,1.00000
test_05002,0.70445
test_05003,0.99987
test_05004,0.98791
test_05005,0.99802
test_05006,0.02462
test_05007,0.95643
test_05008,0.99920
test_05009,0.93270
test_05010,0.24981
test_05011,0.92931
test_05012,0.99998
test_05013,0.99968
test_05014,0.99830
test_05015,0.64424
test_05016,0.05051
test_05017,0.99867
test_05018,0.92317
test_05019,0.01297
test_05020,0.99996
test_05021,0.63629
test_05022,0.99826
test_05023,0.90965
test_05024,0.99925
test_05025,0.00225
test_05026,0.94227
test_05027,0.86033
test_05028,0.99973
test_05029,0.99331
test_05030,0.99621
test_05031,0.33510
test_05032,0.99437
test_05033,0.98237
test_05034,0.87328
test_05035,0.94965
test_05036,0.99933
test_05037,0.99952
test_05038,0.00077
test_05039,0.98724
test_05040,0.83035
test_05041,0.99745
test_05042,0.99575
test_05043,1.00000
test_05044,0.99308
test_05045,0.99710
test_05046,0.00115
test_05047,0.99735
test_05048,0.00045
test_05049,0.99999
test_05050,0.63109
test_05051,0.99990
test_05052,0.48716
test_05053,1.00000
test_05054,0.00085
test_05055,0.00190
test_05056,0.70032
test_05057,0.99984
test_05058,0.94199
test_05059,0.00273
test_05060,0.94345
test_05061,0.99997
test_05062,0.05085
test_05063,1.00000
test_05064,0.66514
test_05065,0.00622
test_05066,0.00131
test_05067,0.99979
test_05068,0.99991
test_05069,0.87439
test_05070,0.79346
test_05071,0.13834
test_05072,0.36758
test_05073,0.38207
test_05074,0.00021
test_05075,0.99076
test_05076,0.99852
test_05077,0.00067
test_05078,1.00000
test_05079,0.96010
test_05080,0.99962
test_05081,0.03632
test_05082,0.00271
test_05083,0.01525
test_05084,0.97737
test_05085,0.99989
test_05086,0.99955
test_05087,0.98186
test_05088,0.86280
test_05089,0.75014
test_05090,0.69884
test_05091,0.99999
test_05092,0.00406
test_05093,0.00285
test_05094,0.96193
test_05095,0.99891
test_05096,0.21135
test_05097,0.99978
test_05098,0.00001
test_05099,0.97426
test_05100,0.00016
test_05101,0.99888
test_05102,0.02980
test_05103,0.99412
test_05104,0.05820
test_05105,0.99178
test_05106,0.98027
test_05107,0.36099
test_05108,0.12662
test_05109,0.00636
test_05110,0.99942
test_05111,0.95999
test_05112,0.87873
test_05113,0.92656
test_05114,0.60750
test_05115,0.00007
test_05116,0.02212
test_05117,0.28706
test_05118,0.02758
test_05119,0.99966
test_05120,0.97531
test_05121,0.00043
test_05122,0.16968
test_05123,0.00671
test_05124,0.00598
test_05125,0.98152
test_05126,0.46572
test_05127,0.99999
test_05128,0.60797
test_05129,0.99124
test_05130,0.04678
test_05131,0.87753
test_05132,0.97017
test_05133,0.78584
test_05134,0.93849
test_05135,0.00203
test_05136,0.00920
test_05137,0.99994
test_05138,0.98109
test_05139,0.98235
test_05140,1.00000
test_05141,0.01557
test_05142,0.99780
test_05143,0.06464
test_05144,0.91355
test_05145,0.99868
test_05146,0.99986
test_05147,0.39939
test_05148,0.08428
test_05149,0.00238
test_05150,0.00001
test_05151,0.99952
test_05152,0.99996
test_05153,0.98013
test_05154,0.12167
test_05155,0.47091
test_05156,0.99994
test_05157,0.04141
test_05158,0.98584
test_05159,0.08987
test_05160,0.57449
test_05161,0.96979
test_05162,0.00004
test_05163,0.00007
test_05164,0.12262
test_05165,0.00807
test_05166,0.99834
test_05167,0.98727
test_05168,0.47955
test_05169,0.99953
test_05170,0.00024
test_05171,0.99998
test_05172,0.98528
test_05173,0.00435
test_05174,0.34167
test_05175,0.03144
test_05176,0.02711
test_05177,0.99853
test_05178,0.46991
test_05179,0.01169
test_05180,0.20025
test_05181,0.32101
test_05182,0.60342
test_05183,0.59938
test_05184,0.99047
test_05185,0.99995
test_05186,1.00000
test_05187,0.99989
test_05188,0.99997
test_05189,0.99785
test_05190,0.58326
test_05191,0.85835
test_05192,0.00001
test_05193,0.00160
test_05194,0.25781
test_05195,0.24030
test_05196,0.22993
test_05197,0.44514
test_05198,0.98516
test_05199,0.99999
test_05200,0.99993
test_05201,0.99987
test_05202,0.99748
test_05203,0.99855
test_05204,0.00278
test_05205,0.52668
test_05206,0.05600
test_05207,0.31488
test_05208,0.96598
test_05209,0.98753
test_05210,0.99991
test_05211,0.86871
test_05212,0.99927
test_05213,0.17619
test_05214,0.76726
test_05215,0.99746
test_05216,0.95390
test_05217,0.99998
test_05218,0.99744
test_05219,0.99645
test_05220,0.99926
test_05221,0.00214
test_05222,0.04509
test_05223,0.99878
test_05224,0.22029
test_05225,1.00000
test_05226,0.00001
test_05227,0.95771
test_05228,0.99925
test_05229,0.22197
test_05230,0.01883
test_05231,0.19411
test_05232,0.03952
test_05233,0.99954
test_05234,0.00109
test_05235,0.99915
test_05236,0.72399
test_05237,0.45656
test_05238,0.01282
test_05239,0.98436
test_05240,0.97822
test_05241,0.02698
test_05242,0.33624
test_05243,0.99388
test_05244,0.86792
test_05245,0.00013
test_05246,0.06031
test_05247,0.06223
test_05248,0.08064
test_05249,0.99879
test_05250,0.88230
test_05251,1.00000
test_05252,0.00086
test_05253,0.21757
test_05254,0.93871
test_05255,0.99986
test_05256,0.00752
test_05257,0.92510
test_05258,0.44713
test_05259,0.00028
test_05260,0.85457
test_05261,0.99967
test_05262,0.87131
test_05263,0.99963
test_05264,0.03874
test_05265,0.06919
test_05266,0.99759
test_05267,0.99766
test_05268,0.95467
test_05269,0.74903
test_05270,0.12280
test_05271,0.94351
test_05272,0.99772
test_05273,0.00151
test_05274,0.83673
test_05275,0.16242
test_05276,0.99447
test_05277,0.40367
test_05278,0.99348
test_05279,0.00140
test_05280,0.01609
test_05281,0.99681
test_05282,0.78320
test_05283,0.99982
test_05284,0.99997
test_05285,0.15969
test_05286,0.99998
test_05287,0.00332
test_05288,0.96068
test_05289,0.99591
test_05290,0.99950
test_05291,0.00000
test_05292,0.99979
test_05293,0.02479
test_05294,0.96440
test_05295,1.00000
test_05296,0.30246
test_05297,0.04205
test_05298,0.99396
test_05299,0.46277
test_05300,0.00135
test_05301,0.00002
test_05302,0.00195
test_05303,0.99998
test_05304,0.01028
test_05305,0.99785
test_05306,0.10157
test_05307,0.42902
test_05308,1.00000
test_05309,0.00050
test_05310,0.39781
test_05311,0.98688
test_05312,0.99408
test_05313,0.99989
test_05314,0.99758
test_05315,0.05128
test_05316,0.97539
test_05317,0.99970
test_05318,0.97785
test_05319,0.99999
test_05320,0.99967
test_05321,1.00000
test_05322,0.95311
test_05323,0.87160
test_05324,0.99962
test_05325,0.99724
test_05326,0.99997
test_05327,0.45842
test_05328,0.68963
test_05329,0.97869
test_05330,0.01645
test_05331,0.01207
test_05332,0.00043
test_05333,0.02793
test_05334,0.00129
test_05335,0.03539
test_05336,0.97229
test_05337,1.00000
test_05338,0.99938
test_05339,0.00264
test_05340,0.63807
test_05341,0.22219
test_05342,0.00123
test_05343,0.67928
test_05344,0.00002
test_05345,0.35444
test_05346,0.99980
test_05347,0.00315
test_05348,0.85149
test_05349,0.95969
test_05350,0.01169
test_05351,0.99341
test_05352,0.00304
test_05353,0.00028
test_05354,0.00496
test_05355,0.01058
test_05356,0.72195
test_05357,0.86986
test_05358,0.04197
test_05359,0.00000
test_05360,0.00005
test_05361,0.99893
test_05362,0.99989
test_05363,0.00181
test_05364,0.99994
test_05365,0.04764
test_05366,0.35257
test_05367,0.00176
test_05368,0.27557
test_05369,0.00187
test_05370,0.99947
test_05371,0.10546
test_05372,0.99679
test_05373,0.99997
test_05374,0.01678
test_05375,0.00150
test_05376,0.00028
test_05377,1.00000
test_05378,0.99838
test_05379,0.99956
test_05380,0.00165
test_05381,0.99950
test_05382,0.97994
test_05383,0.91792
test_05384,0.26998
test_05385,0.96745
test_05386,0.02670
test_05387,1.00000
test_05388,1.00000
test_05389,0.00061
test_05390,0.99838
test_05391,0.99963
test_05392,0.99554
test_05393,0.67982
test_05394,0.99720
test_05395,0.98930
test_05396,0.64346
test_05397,0.00059
test_05398,0.94765
test_05399,0.98882
test_05400,0.38711
test_05401,0.66848
test_05402,0.92444
test_05403,0.99803
test_05404,0.99479
test_05405,0.00498
test_05406,0.99946
test_05407,0.77602
test_05408,0.98797
test_05409,0.00017
test_05410,0.99990
test_05411,0.99995
test_05412,0.99925
test_05413,0.01207
test_05414,0.00496
test_05415,0.03591
test_05416,0.89022
test_05417,0.16423
test_05418,0.99092
test_05419,0.97406
test_05420,0.08365
test_05421,0.99731
test_05422,0.71206
test_05423,0.98661
test_05424,0.00622
test_05425,0.09866
test_05426,0.00441
test_05427,0.00011
test_05428,0.99998
test_05429,0.99994
test_05430,0.99756
test_05431,0.70999
test_05432,0.99991
test_05433,0.99889
test_05434,0.99981
test_05435,0.98168
test_05436,0.17117
test_05437,0.84012
test_05438,0.26904
test_05439,0.35475
test_05440,0.00046
test_05441,0.99966
test_05442,0.99706
test_05443,0.03135
test_05444,0.88785
test_05445,0.97843
test_05446,0.01311
test_05447,0.99902
test_05448,0.97987
test_05449,0.00657
test_05450,0.99978
test_05451,0.77492
test_05452,1.00000
test_05453,0.99994
test_05454,0.23627
test_05455,0.05449
test_05456,0.00483
test_05457,0.00047
test_05458,0.04169
test_05459,0.00070
test_05460,1.00000
test_05461,0.06536
test_05462,0.99855
test_05463,0.99991
test_05464,0.99981
test_05465,0.10932
test_05466,0.99995
test_05467,0.51523
test_05468,0.19192
test_05469,0.22214
test_05470,0.26218
test_05471,0.04372
test_05472,0.99994
test_05473,0.95118
test_05474,0.00295
test_05475,0.00018
test_05476,0.02427
test_05477,0.03640
test_05478,0.99041
test_05479,0.99949
test_05480,0.00520
test_05481,0.93987
test_05482,0.03470
test_05483,0.94836
test_05484,0.30337
test_05485,0.00693
test_05486,0.54287
test_05487,0.65655
test_05488,0.98978
test_05489,0.12006
test_05490,0.00021
test_05491,0.93942
test_05492,0.00078
test_05493,0.22846
test_05494,0.89673
test_05495,0.99980
test_05496,0.99898
test_05497,0.08580
test_05498,0.94959
test_05499,0.09641
test_05500,0.99987
test_05501,0.99452
test_05502,0.00006
test_05503,0.00137
test_05504,0.99994
test_05505,0.95688
test_05506,0.00596
test_05507,0.00159
test_05508,0.99996
test_05509,0.00018
test_05510,0.98679
test_05511,0.98582
test_05512,0.03993
test_05513,0.79641
test_05514,0.00390
test_05515,0.00404
test_05516,0.09593
test_05517,0.01421
test_05518,0.97444
test_05519,0.60403
test_05520,0.09260
test_05521,0.99618
test_05522,0.00100
test_05523,0.99997
test_05524,0.98983
test_05525,0.00151
test_05526,0.00199
test_05527,0.45239
test_05528,0.00520
test_05529,0.99981
test_05530,0.07815
test_05531,0.09738
test_05532,0.99826
test_05533,0.99693
test_05534,0.98705
test_05535,0.99779
test_05536,0.99947
test_05537,0.99999
test_05538,0.99683
test_05539,0.99910
test_05540,0.86385
test_05541,0.78131
test_05542,0.36375
test_05543,0.00907
test_05544,1.00000
test_05545,0.00506
test_05546,0.01056
test_05547,0.00002
test_05548,0.99995
test_05549,0.75526
test_05550,0.00670
test_05551,0.98037
test_05552,0.00016
test_05553,0.99996
test_05554,0.99986
test_05555,0.99571
test_05556,0.99801
test_05557,0.98238
test_05558,0.78799
test_05559,0.00025
test_05560,0.99904
test_05561,0.71135
test_05562,0.99999
test_05563,0.98422
test_05564,0.98928
test_05565,0.99912
test_05566,0.43363
test_05567,0.99991
test_05568,0.92698
test_05569,0.64607
test_05570,0.01425
test_05571,1.00000
test_05572,1.00000
test_05573,0.99992
test_05574,0.60915
test_05575,0.94755
test_05576,0.27463
test_05577,0.99762
test_05578,0.99948
test_05579,0.05970
test_05580,0.92970
test_05581,0.27827
test_05582,0.99995
test_05583,0.00647
test_05584,0.99930
test_05585,0.00909
test_05586,0.81833
test_05587,0.00033
test_05588,0.99675
test_05589,0.00000
test_05590,0.90085
test_05591,0.01666
test_05592,0.00051
test_05593,0.99986
test_05594,0.99557
test_05595,0.99969
test_05596,0.90093
test_05597,0.00002
test_05598,0.82318
test_05599,0.47543
test_05600,0.99295
test_05601,0.99950
test_05602,0.38252
test_05603,0.83890
test_05604,0.99846
test_05605,0.98753
test_05606,0.00017
test_05607,0.94297
test_05608,0.00047
test_05609,0.00084
test_05610,1.00000
test_05611,0.01952
test_05612,0.92287
test_05613,0.08044
test_05614,0.95641
test_05615,0.97610
test_05616,0.86181
test_05617,0.03770
test_05618,0.00001
test_05619,0.00830
test_05620,0.27598
test_05621,0.22580
test_05622,0.99999
test_05623,0.00003
test_05624,0.99737
test_05625,0.00011
test_05626,0.60410
test_05627,0.00121
test_05628,0.37886
test_05629,0.85133
test_05630,0.00051
test_05631,0.00176
test_05632,0.99992
test_05633,0.99293
test_05634,0.99989
test_05635,0.27922
test_05636,0.53605
test_05637,0.99951
test_05638,0.88217
test_05639,0.99917
test_05640,0.99915
test_05641,0.00307
test_05642,0.99923
test_05643,0.92313
test_05644,0.98583
test_05645,0.97161
test_05646,0.87906
test_05647,0.37741
test_05648,0.00108
test_05649,0.00026
test_05650,0.99783
test_05651,0.40129
test_05652,0.99835
test_05653,0.07245
test_05654,0.99617
test_05655,0.99993
test_05656,0.95972
test_05657,0.00070
test_05658,0.00816
test_05659,0.99987
test_05660,0.99963
test_05661,0.00157
test_05662,0.98910
test_05663,0.99976
test_05664,0.98466
test_05665,0.12591
test_05666,0.00265
test_05667,0.00101
test_05668,0.00042
test_05669,0.99666
test_05670,0.01138
test_05671,0.93779
test_05672,0.29144
test_05673,0.00437
test_05674,0.01540
test_05675,0.40015
test_05676,0.00275
test_05677,0.12178
test_05678,0.00006
test_05679,0.96155
test_05680,0.00022
test_05681,0.07939
test_05682,0.82169
test_05683,0.00308
test_05684,0.95354
test_05685,0.11131
test_05686,0.88726
test_05687,0.00013
test_05688,0.01128
test_05689,0.99999
test_05690,0.00144
test_05691,1.00000
test_05692,0.87047
test_05693,0.99993
test_05694,0.99854
test_05695,0.00029
test_05696,0.99969
test_05697,0.91662
test_05698,0.00397
test_05699,0.99934
test_05700,0.99944
test_05701,0.99942
test_05702,0.94649
test_05703,1.00000
test_05704,0.99909
test_05705,0.05079
test_05706,0.37704
test_05707,0.90736
test_05708,0.07987
test_05709,0.99200
test_05710,0.99956
test_05711,0.00396
test_05712,0.99973
test_05713,0.53310
test_05714,0.99926
test_05715,0.00969
test_05716,0.99997
test_05717,0.99536
test_05718,0.99991
test_05719,0.00007
test_05720,0.00294
test_05721,0.99972
test_05722,0.92814
test_05723,0.14839
test_05724,0.99996
test_05725,0.00014
test_05726,0.00011
test_05727,0.99344
test_05728,0.99977
test_05729,0.00157
test_05730,0.99949
test_05731,0.98274
test_05732,0.00339
test_05733,0.99999
test_05734,0.88770
test_05735,0.00048
test_05736,0.15013
test_05737,0.01719
test_05738,0.29200
test_05739,0.24715
test_05740,0.00233
test_05741,0.00480
test_05742,0.31150
test_05743,0.05997
test_05744,0.02716
test_05745,0.89616
test_05746,0.00499
test_05747,0.97639
test_05748,0.99917
test_05749,0.99776
test_05750,0.01752
test_05751,0.00500
test_05752,0.09062
test_05753,0.09054
test_05754,0.99999
test_05755,0.97140
test_05756,0.93612
test_05757,0.00317
test_05758,0.00552
test_05759,0.00112
test_05760,0.17777
test_05761,0.11798
test_05762,0.00014
test_05763,0.99999
test_05764,0.99948
test_05765,0.99974
test_05766,0.13757
test_05767,0.01934
test_05768,0.00041
test_05769,0.88935
test_05770,0.99998
test_05771,0.54803
test_05772,0.11464
test_05773,0.99998
test_05774,0.98179
test_05775,0.75782
test_05776,0.00076
test_05777,0.99976
test_05778,0.75918
test_05779,0.81756
test_05780,0.99637
test_05781,0.93339
test_05782,0.99975
test_05783,0.99977
test_05784,0.99804
test_05785,0.68498
test_05786,0.90632
test_05787,0.17318
test_05788,0.96500
test_05789,0.99839
test_05790,0.99561
test_05791,0.01405
test_05792,0.96952
test_05793,0.99911
test_05794,0.87045
test_05795,0.99499
test_05796,0.98278
test_05797,0.99993
test_05798,0.33485
test_05799,0.99997
test_05800,0.97968
test_05801,0.01905
test_05802,0.00360
test_05803,0.99452
test_05804,0.99965
test_05805,0.96149
test_05806,0.00128
test_05807,0.00455
test_05808,0.91667
test_05809,0.93994
test_05810,0.99999
test_05811,0.00722
test_05812,0.99987
test_05813,0.99997
test_05814,0.99951
test_05815,0.80383
test_05816,0.00139
test_05817,0.82435
test_05818,0.99227
test_05819,0.99844
test_05820,0.07388
test_05821,0.78785
test_05822,0.86985
test_05823,0.95914
test_05824,0.01421
test_05825,0.08781
test_05826,0.80187
test_05827,0.00228
test_05828,0.00646
test_05829,0.00005
test_05830,0.11711
test_05831,0.00137
test_05832,0.87358
test_05833,0.86402
test_05834,0.00146
test_05835,1.00000
test_05836,0.98406
test_05837,0.26761
test_05838,0.48479
test_05839,0.99633
test_05840,0.99997
test_05841,0.84903
test_05842,0.00001
test_05843,0.90565
test_05844,0.07692
test_05845,0.01110
test_05846,0.42915
test_05847,0.98170
test_05848,0.34418
test_05849,0.02384
test_05850,0.00384
test_05851,0.01688
test_05852,0.99977
test_05853,0.92705
test_05854,0.52312
test_05855,0.99989
test_05856,0.99987
test_05857,0.92554
test_05858,0.19956
test_05859,0.44070
test_05860,0.02641
test_05861,0.00013
test_05862,0.01371
test_05863,0.00057
test_05864,0.00233
test_05865,0.00032
test_05866,0.95942
test_05867,1.00000
test_05868,0.99564
test_05869,0.99975
test_05870,0.38774
test_05871,0.99954
test_05872,0.99999
test_05873,0.01233
test_05874,0.00286
test_05875,0.00063
test_05876,0.00015
test_05877,0.99867
test_05878,0.99988
test_05879,0.99405
test_05880,0.97211
test_05881,0.99902
test_05882,0.99996
test_05883,0.99599
test_05884,0.99985
test_05885,0.09365
test_05886,0.19526
test_05887,0.02090
test_05888,0.00003
test_05889,0.24520
test_05890,0.00001
test_05891,0.15817
test_05892,0.99884
test_05893,0.04220
test_05894,0.97241
test_05895,0.00856
test_05896,0.97521
test_05897,0.05075
test_05898,0.00013
test_05899,0.99998
test_05900,0.99576
test_05901,0.97136
test_05902,0.99999
test_05903,0.70114
test_05904,0.01898
test_05905,0.50596
test_05906,0.98158
test_05907,0.78579
test_05908,0.00159
test_05909,0.30371
test_05910,0.99521
test_05911,0.00123
test_05912,0.90151
test_05913,0.00123
test_05914,0.00096
test_05915,0.00054
test_05916,0.03115
test_05917,0.09171
test_05918,0.67227
test_05919,0.99755
test_05920,0.15916
test_05921,0.99620
test_05922,0.99929
test_05923,1.00000
test_05924,0.08677
test_05925,0.00002
test_05926,0.03188
test_05927,0.01297
test_05928,0.99996
test_05929,0.00113
test_05930,0.88256
test_05931,0.99994
test_05932,0.01879
test_05933,0.33507
test_05934,0.00278
test_05935,0.40926
test_05936,0.94528
test_05937,0.17532
test_05938,1.00000
test_05939,0.00032
test_05940,0.96520
test_05941,1.00000
test_05942,0.00257
test_05943,0.99776
test_05944,0.98081
test_05945,0.00356
test_05946,0.88178
test_05947,0.99997
test_05948,0.97600
test_05949,0.62981
test_05950,0.00243
test_05951,0.06234
test_05952,0.00288
test_05953,0.99999
test_05954,0.21163
test_05955,0.50330
test_05956,0.98681
test_05957,0.00339
test_05958,0.00000
test_05959,0.99852
test_05960,0.01061
test_05961,0.99872
test_05962,0.99696
test_05963,0.99996
test_05964,0.91217
test_05965,0.00575
test_05966,0.02108
test_05967,0.67665
test_05968,0.99998
test_05969,0.00002
test_05970,0.94924
test_05971,0.00006
test_05972,0.99987
test_05973,0.01016
test_05974,0.00018
test_05975,0.98643
test_05976,0.54657
test_05977,0.99727
test_05978,0.99541
test_05979,0.02846
test_05980,0.00474
test_05981,0.95826
test_05982,0.99969
test_05983,0.00041
test_05984,0.03291
test_05985,0.01301
test_05986,0.39104
test_05987,0.99954
test_05988,0.99979
test_05989,0.99999
test_05990,0.99995
test_05991,0.98575
test_05992,0.88897
test_05993,0.97718
test_05994,0.57950
test_05995,0.00077
test_05996,0.61644
test_05997,0.99975
test_05998,0.38296
test_05999,0.03244
test_06000,0.99909
test_06001,0.99787
test_06002,0.93166
test_06003,0.98025
test_06004,0.00026
test_06005,0.99997
test_06006,0.99958
test_06007,0.14722
test_06008,0.00129
test_06009,0.00330
test_06010,0.68958
test_06011,0.07873
test_06012,0.98846
test_06013,0.66841
test_06014,0.02889
test_06015,0.00602
test_06016,0.02252
test_06017,0.00254
test_06018,0.97470
test_06019,0.54484
test_06020,0.97624
test_06021,0.04666
test_06022,0.00512
test_06023,0.03477
test_06024,0.99850
test_06025,0.99998
test_06026,0.18674
test_06027,0.99990
test_06028,0.00803
test_06029,0.11673
test_06030,1.00000
test_06031,0.88498
test_06032,0.00102
test_06033,0.01419
test_06034,0.53555
test_06035,0.00017
test_06036,0.96549
test_06037,0.00684
test_06038,0.99889
test_06039,0.00186
test_06040,0.11656
test_06041,0.03942
test_06042,0.99729
test_06043,0.00056
test_06044,0.99999
test_06045,0.76870
test_06046,0.11637
test_06047,0.77633
test_06048,0.66649
test_06049,0.07548
test_06050,0.38386
test_06051,0.00369
test_06052,0.99152
test_06053,0.00888
test_06054,0.00410
test_06055,0.00018
test_06056,1.00000
test_06057,0.99320
test_06058,0.99954
test_06059,0.99987
test_06060,0.99810
test_06061,0.00006
test_06062,0.84838
test_06063,0.99999
test_06064,0.98338
test_06065,0.00425
test_06066,0.13032
test_06067,0.90302
test_06068,0.99986
test_06069,0.96480
test_06070,0.00652
test_06071,0.02463
test_06072,0.99707
test_06073,0.99984
test_06074,0.02066
test_06075,0.00539
test_06076,0.99436
test_06077,0.99208
test_06078,0.34964
test_06079,0.99999
test_06080,0.72992
test_06081,0.99945
test_06082,0.75865
test_06083,0.14429
test_06084,0.00032
test_06085,0.99997
test_06086,0.12847
test_06087,0.94030
test_06088,0.48523
test_06089,0.97577
test_06090,0.99991
test_06091,0.95008
test_06092,0.00011
test_06093,0.02592
test_06094,0.99992
test_06095,0.00071
test_06096,0.99984
test_06097,0.04193
test_06098,0.00086
test_06099,0.00166
test_06100,0.00033
test_06101,0.02549
test_06102,0.99999
test_06103,0.99982
test_06104,0.99990
test_06105,0.97134
test_06106,0.99997
test_06107,0.09899
test_06108,0.67257
test_06109,0.00311
test_06110,0.99743
test_06111,0.00043
test_06112,0.96405
test_06113,0.00951
test_06114,0.14157
test_06115,0.99989
test_06116,0.91316
test_06117,0.00769
test_06118,0.00441
test_06119,1.00000
test_06120,0.98053
test_06121,0.67277
test_06122,0.39083
test_06123,0.99168
test_06124,0.94059
test_06125,0.99957
test_06126,0.60110
test_06127,0.82757
test_06128,0.98838
test_06129,0.96712
test_06130,0.99843
test_06131,0.23246
test_06132,1.00000
test_06133,0.17485
test_06134,0.01488
test_06135,0.00010
test_06136,1.00000
test_06137,0.99986
test_06138,0.92054
test_06139,1.00000
test_06140,0.77227
test_06141,0.95821
test_06142,0.99992
test_06143,0.06034
test_06144,0.99842
test_06145,0.03217
test_06146,0.03587
test_06147,0.86943
test_06148,0.00007
test_06149,0.09551
test_06150,0.05750
test_06151,0.01081
test_06152,0.00161
test_06153,0.99208
test_06154,0.00077
test_06155,0.93527
test_06156,0.00838
test_06157,0.01319
test_06158,0.00255
test_06159,0.14395
test_06160,0.86423
test_06161,0.11111
test_06162,0.59764
test_06163,0.90687
test_06164,0.86480
test_06165,0.07211
test_06166,0.07951
test_06167,0.29375
test_06168,0.11573
test_06169,0.99774
test_06170,0.99364
test_06171,0.00003
test_06172,0.99961
test_06173,0.99944
test_06174,0.00386
test_06175,0.00040
test_06176,0.96411
test_06177,0.99471
test_06178,0.99592
test_06179,0.99600
test_06180,0.99997
test_06181,0.14172
test_06182,0.28060
test_06183,0.99999
test_06184,0.00281
test_06185,0.13855
test_06186,0.99694
test_06187,0.00046
test_06188,0.03654
test_06189,0.00295
test_06190,0.91648
test_06191,0.02797
test_06192,0.00257
test_06193,0.98426
test_06194,0.79817
test_06195,0.00044
test_06196,0.00017
test_06197,0.99750
test_06198,0.85527
test_06199,0.87833
test_06200,0.99987
test_06201,1.00000
test_06202,0.03382
test_06203,0.05433
test_06204,0.22111
test_06205,0.99952
test_06206,0.05321
test_06207,0.95017
test_06208,0.03156
test_06209,0.00001
test_06210,1.00000
test_06211,0.96335
test_06212,0.99973
test_06213,0.35292
test_06214,0.85857
test_06215,0.99996
test_06216,0.97433
test_06217,0.99994
test_06218,0.93737
test_06219,0.32252
test_06220,0.00007
test_06221,0.00063
test_06222,0.00077
test_06223,0.14885
test_06224,0.99283
test_06225,0.98788
test_06226,0.98855
test_06227,0.00008
test_06228,0.99821
test_06229,0.00001
test_06230,0.00630
test_06231,0.00100
test_06232,0.14843
test_06233,0.01413
test_06234,0.90806
test_06235,0.02032
test_06236,0.07333
test_06237,0.79579
test_06238,0.03953
test_06239,0.99889
test_06240,0.87572
test_06241,0.98604
test_06242,0.33169
test_06243,0.99866
test_06244,0.28777
test_06245,0.99782
test_06246,0.99972
test_06247,0.99997
test_06248,1.00000
test_06249,0.99694
test_06250,0.99994
test_06251,0.00028
test_06252,0.81036
test_06253,0.03326
test_06254,0.99853
test_06255,0.00128
test_06256,0.99197
test_06257,0.99999
test_06258,0.99994
test_06259,0.55190
test_06260,0.99856
test_06261,0.96556
test_06262,0.99561
test_06263,0.99570
test_06264,0.99875
test_06265,0.96907
test_06266,0.99888
test_06267,0.96317
test_06268,0.99998
test_06269,0.38407
test_06270,0.35814
test_06271,0.99967
test_06272,0.99997
test_06273,0.06951
test_06274,0.92093
test_06275,0.99943
test_06276,0.99811
test_06277,0.98270
test_06278,0.03768
test_06279,0.01008
test_06280,0.02835
test_06281,0.98513
test_06282,0.99296
test_06283,0.00107
test_06284,0.54204
test_06285,0.24731
test_06286,0.75034
test_06287,0.00424
test_06288,0.68457
test_06289,0.10514
test_06290,0.01658
test_06291,0.11458
test_06292,0.00106
test_06293,0.00035
test_06294,0.04131
test_06295,0.00018
test_06296,0.25215
test_06297,0.59416
test_06298,1.00000
test_06299,0.94735
test_06300,0.99996
test_06301,0.43916
test_06302,0.99808
test_06303,0.00047
test_06304,1.00000
test_06305,0.04333
test_06306,0.00472
test_06307,0.97775
test_06308,0.97696
test_06309,0.97198
test_06310,0.00050
test_06311,0.02771
test_06312,0.59699
test_06313,0.35313
test_06314,0.00262
test_06315,0.00271
test_06316,0.30522
test_06317,0.99807
test_06318,0.99961
test_06319,0.99102
test_06320,0.99925
test_06321,0.99956
test_06322,0.99963
test_06323,0.01228
test_06324,0.00119
test_06325,0.99926
test_06326,0.88297
test_06327,0.00009
test_06328,0.99998
test_06329,0.38112
test_06330,0.00008
test_06331,0.05922
test_06332,0.02324
test_06333,0.99998
test_06334,0.00092
test_06335,0.22796
test_06336,0.10520
test_06337,0.31648
test_06338,0.99961
test_06339,1.00000
test_06340,0.99999
test_06341,0.00026
test_06342,0.99152
test_06343,0.48788
test_06344,0.01220
test_06345,0.89602
test_06346,0.99986
test_06347,0.51753
test_06348,0.99553
test_06349,0.93824
test_06350,0.00421
test_06351,0.99822
test_06352,0.91548
test_06353,0.00264
test_06354,0.14219
test_06355,0.53922
test_06356,0.99996
test_06357,0.00000
test_06358,0.99995
test_06359,0.99988
test_06360,0.99971
test_06361,0.96669
test_06362,0.00032
test_06363,0.98552
test_06364,0.81828
test_06365,0.33984
test_06366,0.99704
test_06367,0.96938
test_06368,0.99961
test_06369,0.99947
test_06370,0.99964
test_06371,0.47180
test_06372,0.45005
test_06373,1.00000
test_06374,0.60768
test_06375,0.02111
test_06376,0.12676
test_06377,0.81364
test_06378,0.98017
test_06379,0.00228
test_06380,0.00696
test_06381,0.00005
test_06382,0.99820
test_06383,0.88273
test_06384,0.99530
test_06385,0.99852
test_06386,0.99978
test_06387,0.99999
test_06388,0.98440
test_06389,0.59181
test_06390,0.98018
test_06391,0.00053
test_06392,0.08140
test_06393,0.00851
test_06394,0.99999
test_06395,0.85238
test_06396,0.72451
test_06397,0.00031
test_06398,0.94652
test_06399,0.09991
test_06400,0.02108
test_06401,0.94235
test_06402,0.96107
test_06403,0.31044
test_06404,0.94580
test_06405,0.00006
test_06406,0.00017
test_06407,0.00218
test_06408,0.00003
test_06409,0.99999
test_06410,0.99986
test_06411,0.85462
test_06412,0.83042
test_06413,0.00688
test_06414,0.89906
test_06415,0.01256
test_06416,0.99829
test_06417,0.98684
test_06418,0.01844
test_06419,0.99918
test_06420,0.00086
test_06421,0.88630
test_06422,0.99945
test_06423,0.75451
test_06424,0.92635
test_06425,0.03299
test_06426,0.11933
test_06427,0.95463
test_06428,0.99739
test_06429,0.00004
test_06430,0.08953
test_06431,0.98768
test_06432,0.00003
test_06433,0.98333
test_06434,0.99694
test_06435,0.93692
test_06436,0.18978
test_06437,0.45397
test_06438,0.00180
test_06439,0.99978
test_06440,0.01646
test_06441,0.98241
test_06442,0.06190
test_06443,0.60872
test_06444,0.18963
test_06445,0.00023
test_06446,0.94581
test_06447,0.96844
test_06448,0.99979
test_06449,0.00030
test_06450,0.99712
test_06451,0.98094
test_06452,0.99863
test_06453,0.01357
test_06454,0.99127
test_06455,0.99996
test_06456,0.01961
test_06457,0.99998
test_06458,0.06418
test_06459,0.99654
test_06460,0.00227
test_06461,0.01584
test_06462,0.99991
test_06463,0.99966
test_06464,0.00844
test_06465,0.17370
test_06466,0.08177
test_06467,0.99378
test_06468,0.00093
test_06469,0.99988
test_06470,0.98103
test_06471,0.00188
test_06472,0.19103
test_06473,0.99984
test_06474,0.00102
test_06475,0.77584
test_06476,0.00002
test_06477,0.24201
test_06478,0.96600
test_06479,1.00000
test_06480,0.99772
test_06481,0.03969
test_06482,0.98701
test_06483,0.56271
test_06484,0.00193
test_06485,0.99941
test_06486,0.30979
test_06487,0.28697
test_06488,0.99889
test_06489,0.00002
test_06490,0.99995
test_06491,0.01279
test_06492,0.99919
test_06493,0.00019
test_06494,0.86198
test_06495,0.00000
test_06496,0.10177
test_06497,0.99995
test_06498,0.99994
test_06499,0.00383
test_06500,0.28843
test_06501,0.00079
test_06502,0.99755
test_06503,0.59343
test_06504,0.00027
test_06505,0.00029
test_06506,0.74068
test_06507,0.99998
test_06508,0.99888
test_06509,0.15331
test_06510,0.18437
test_06511,0.99632
test_06512,0.17313
test_06513,0.18148
test_06514,0.12458
test_06515,0.99910
test_06516,0.99982
test_06517,0.99629
test_06518,0.91922
test_06519,0.00384
test_06520,0.82788
test_06521,0.99892
test_06522,0.99962
test_06523,1.00000
test_06524,0.00289
test_06525,0.11295
test_06526,0.99823
test_06527,0.00105
test_06528,0.99708
test_06529,0.01322
test_06530,0.14376
test_06531,0.97083
test_06532,0.65551
test_06533,1.00000
test_06534,0.99995
test_06535,0.99775
test_06536,0.78331
test_06537,0.41520
test_06538,0.99986
test_06539,0.40985
test_06540,0.03397
test_06541,0.92792
test_06542,0.00046
test_06543,0.05843
test_06544,0.83756
test_06545,0.99989
test_06546,0.91000
test_06547,0.83839
test_06548,0.99152
test_06549,0.00014
test_06550,0.99997
test_06551,0.04478
test_06552,0.99000
test_06553,0.99857
test_06554,0.20578
test_06555,0.89874
test_06556,0.99875
test_06557,0.03847
test_06558,0.62874
test_06559,0.05939
test_06560,0.74291
test_06561,0.28582
test_06562,0.00001
test_06563,0.00162
test_06564,0.81974
test_06565,0.99923
test_06566,0.99990
test_06567,0.39233
test_06568,0.00009
test_06569,0.00187
test_06570,0.02293
test_06571,0.00129
test_06572,0.04599
test_06573,0.46791
test_06574,0.00400
test_06575,0.06981
test_06576,0.00086
test_06577,0.00003
test_06578,0.99998
test_06579,0.86955
test_06580,0.98414
test_06581,0.19860
test_06582,0.99844
test_06583,0.75803
test_06584,0.94766
test_06585,0.49383
test_06586,0.31373
test_06587,0.99977
test_06588,0.84865
test_06589,0.99322
test_06590,0.00010
test_06591,0.00405
test_06592,0.99874
test_06593,0.54590
test_06594,0.95844
test_06595,0.37227
test_06596,0.78590
test_06597,0.87713
test_06598,0.00012
test_06599,0.00114
test_06600,0.00873
test_06601,0.03794
test_06602,0.77150
test_06603,0.31274
test_06604,0.12469
test_06605,0.00080
test_06606,0.71029
test_06607,0.01975
test_06608,0.99739
test_06609,0.99597
test_06610,0.00012
test_06611,0.99741
test_06612,0.02426
test_06613,0.00002
test_06614,0.00020
test_06615,0.29142
test_06616,0.99924
test_06617,0.99995
test_06618,0.03077
test_06619,0.09932
test_06620,0.90286
test_06621,0.00001
test_06622,0.02561
test_06623,0.00595
test_06624,0.99999
test_06625,0.92032
test_06626,0.00069
test_06627,0.00128
test_06628,0.98141
test_06629,0.00022
test_06630,0.00257
test_06631,0.06729
test_06632,0.18388
test_06633,0.01397
test_06634,0.51902
test_06635,0.33444
test_06636,0.67221
test_06637,0.01166
test_06638,0.99291
test_06639,0.99927
test_06640,0.99877
test_06641,0.00544
test_06642,0.99970
test_06643,0.99584
test_06644,0.99343
test_06645,1.00000
test_06646,0.99056
test_06647,0.99992
test_06648,0.00166
test_06649,0.94504
test_06650,0.00072
test_06651,0.99947
test_06652,0.00025
test_06653,1.00000
test_06654,0.66258
test_06655,0.00042
test_06656,0.98323
test_06657,0.99911
test_06658,0.10012
test_06659,0.98850
test_06660,0.96384
test_06661,0.51848
test_06662,0.01564
test_06663,0.00251
test_06664,0.00487
test_06665,0.03970
test_06666,0.87275
test_06667,0.99984
test_06668,0.87736
test_06669,0.25864
test_06670,0.18439
test_06671,0.99996
test_06672,0.05272
test_06673,0.00034
test_06674,0.99747
test_06675,0.13170
test_06676,0.48664
test_06677,0.99876
test_06678,1.00000
test_06679,0.00922
test_06680,0.00002
test_06681,0.99978
test_06682,0.00542
test_06683,0.99869
test_06684,0.00278
test_06685,0.99493
test_06686,0.99899
test_06687,0.73198
test_06688,0.99388
test_06689,0.69404
test_06690,0.99332
test_06691,0.00087
test_06692,0.88136
test_06693,0.70216
test_06694,0.99724
test_06695,0.93332
test_06696,0.90136
test_06697,1.00000
test_06698,0.00000
test_06699,0.99731
test_06700,0.99927
test_06701,0.99997
test_06702,0.99938
test_06703,0.02876
test_06704,0.99999
test_06705,0.99984
test_06706,0.87582
test_06707,0.15175
test_06708,0.99935
test_06709,0.95052
test_06710,0.84709
test_06711,1.00000
test_06712,0.00161
test_06713,0.99973
test_06714,0.99477
test_06715,0.00001
test_06716,0.99994
test_06717,0.99349
test_06718,0.53568
test_06719,0.99884
test_06720,0.99998
test_06721,0.00352
test_06722,0.99964
test_06723,1.00000
test_06724,0.06743
test_06725,0.91748
test_06726,0.80568
test_06727,0.59753
test_06728,0.90006
test_06729,0.00047
test_06730,0.04269
test_06731,0.99925
test_06732,0.01212
test_06733,0.99981
test_06734,0.12464
test_06735,0.99968
test_06736,0.99904
test_06737,0.99953
test_06738,0.98345
test_06739,0.93431
test_06740,0.97077
test_06741,0.99939
test_06742,0.99961
test_06743,0.99985
test_06744,0.00025
test_06745,0.00001
test_06746,0.79132
test_06747,0.99879
test_06748,0.00022
test_06749,0.96514
test_06750,0.96685
test_06751,0.15671
test_06752,0.00122
test_06753,0.00033
test_06754,0.00881
test_06755,0.81328
test_06756,0.00269
test_06757,0.99983
test_06758,0.00107
test_06759,0.18545
test_06760,0.00191
test_06761,0.87804
test_06762,0.96980
test_06763,0.99060
test_06764,0.99983
test_06765,0.66359
test_06766,0.00689
test_06767,0.00002
test_06768,0.99992
test_06769,0.00051
test_06770,0.14257
test_06771,0.98681
test_06772,0.00428
test_06773,0.99887
test_06774,0.06866
test_06775,0.13293
test_06776,0.99998
test_06777,0.99989
test_06778,0.00005
test_06779,0.98884
test_06780,0.99996
test_06781,0.99997
test_06782,0.58655
test_06783,0.55004
test_06784,0.00956
test_06785,0.97077
test_06786,0.99985
test_06787,0.00353
test_06788,0.00007
test_06789,0.96453
test_06790,0.07705
test_06791,0.57105
test_06792,0.98908
test_06793,0.00017
test_06794,0.99686
test_06795,0.00008
test_06796,0.98739
test_06797,0.98570
test_06798,0.99971
test_06799,0.00098
test_06800,0.00121
test_06801,0.11108
test_06802,0.02179
test_06803,0.16048
test_06804,0.98040
test_06805,0.16816
test_06806,0.99548
test_06807,0.99910
test_06808,0.99948
test_06809,0.33395
test_06810,0.99798
test_06811,0.99950
test_06812,0.02333
test_06813,0.26241
test_06814,0.99933
test_06815,0.99678
test_06816,0.99820
test_06817,0.00698
test_06818,0.98718
test_06819,0.99974
test_06820,0.00168
test_06821,0.99384
test_06822,0.76217
test_06823,0.03696
test_06824,0.98385
test_06825,0.00698
test_06826,0.00068
test_06827,0.08142
test_06828,0.99934
test_06829,0.36366
test_06830,0.00811
test_06831,0.41985
test_06832,0.00005
test_06833,0.01047
test_06834,0.01008
test_06835,0.00015
test_06836,0.91649
test_06837,0.00954
test_06838,0.00147
test_06839,0.27474
test_06840,0.99992
test_06841,0.14696
test_06842,0.99900
test_06843,0.03246
test_06844,0.00030
test_06845,0.00005
test_06846,0.99999
test_06847,0.98872
test_06848,0.99372
test_06849,0.49574
test_06850,0.02882
test_06851,0.00177
test_06852,0.24757
test_06853,0.01757
test_06854,0.99610
test_06855,0.00020
test_06856,0.00002
test_06857,0.99618
test_06858,0.40271
test_06859,0.05736
test_06860,0.99994
test_06861,0.00522
test_06862,0.99830
test_06863,0.89879
test_06864,0.06434
test_06865,0.00119
test_06866,0.37471
test_06867,0.00809
test_06868,0.99831
test_06869,0.10809
test_06870,0.99414
test_06871,0.99569
test_06872,0.13299
test_06873,0.02641
test_06874,0.99993
test_06875,0.15329
test_06876,0.00676
test_06877,0.99884
test_06878,0.85265
test_06879,0.31280
test_06880,0.03888
test_06881,0.97332
test_06882,0.00363
test_06883,0.45298
test_06884,0.00001
test_06885,0.82478
test_06886,0.00757
test_06887,0.99803
test_06888,0.98475
test_06889,0.99648
test_06890,0.01475
test_06891,0.00115
test_06892,0.00036
test_06893,0.98199
test_06894,0.01089
test_06895,0.00006
test_06896,1.00000
test_06897,0.99849
test_06898,0.47107
test_06899,0.92900
test_06900,0.00131
test_06901,0.99385
test_06902,0.52051
test_06903,0.99791
test_06904,0.99998
test_06905,0.99327
test_06906,0.31410
test_06907,0.99073
test_06908,0.99971
test_06909,0.00000
test_06910,0.99508
test_06911,0.99997
test_06912,0.00116
test_06913,0.17123
test_06914,0.85060
test_06915,0.14753
test_06916,0.99993
test_06917,0.08074
test_06918,0.30973
test_06919,0.99985
test_06920,0.77111
test_06921,0.97843
test_06922,0.99998
test_06923,0.87894
test_06924,0.13163
test_06925,0.00001
test_06926,0.02310
test_06927,0.00283
test_06928,0.00090
test_06929,0.33431
test_06930,0.00263
test_06931,0.12241
test_06932,0.99850
test_06933,0.97211
test_06934,0.00275
test_06935,0.00302
test_06936,0.99581
test_06937,0.15306
test_06938,0.00704
test_06939,0.01472
test_06940,0.99797
test_06941,0.83001
test_06942,0.01929
test_06943,0.26824
test_06944,0.96574
test_06945,0.00042
test_06946,0.00683
test_06947,0.97994
test_06948,0.99980
test_06949,0.99992
test_06950,0.98568
test_06951,0.00216
test_06952,0.45581
test_06953,0.00152
test_06954,0.22513
test_06955,0.97085
test_06956,0.75146
test_06957,0.83228
test_06958,0.98602
test_06959,0.05835
test_06960,0.00267
test_06961,0.81139
test_06962,0.00016
test_06963,0.15621
test_06964,0.99799
test_06965,0.78222
test_06966,0.00261
test_06967,0.00138
test_06968,0.01800
test_06969,0.00013
test_06970,0.99906
test_06971,0.99561
test_06972,0.12028
test_06973,0.99492
test_06974,0.51338
test_06975,0.99954
test_06976,0.98073
test_06977,0.78936
test_06978,0.00005
test_06979,0.98428
test_06980,0.99860
test_06981,0.99838
test_06982,0.97375
test_06983,0.36164
test_06984,0.00945
test_06985,0.00924
test_06986,0.97800
test_06987,0.03032
test_06988,0.00506
test_06989,0.13893
test_06990,0.99991
test_06991,0.96832
test_06992,0.33628
test_06993,0.01478
test_06994,0.00030
test_06995,0.00003
test_06996,0.06267
test_06997,0.43847
test_06998,0.00592
test_06999,0.84008
test_07000,0.00960
test_07001,0.99025
test_07002,0.99945
test_07003,0.91189
test_07004,0.06374
test_07005,0.54800
test_07006,0.95136
test_07007,0.04960
test_07008,0.45236
test_07009,0.99931
test_07010,0.99554
test_07011,0.99820
test_07012,0.68729
test_07013,0.29675
test_07014,0.99350
test_07015,0.95928
test_07016,0.99765
test_07017,0.54740
test_07018,0.99868
test_07019,0.47928
test_07020,0.37041
test_07021,0.99745
test_07022,0.06704
test_07023,0.99945
test_07024,0.30692
test_07025,0.99999
test_07026,0.99998
test_07027,0.00000
test_07028,0.99530
test_07029,0.99716
test_07030,0.92370
test_07031,0.00000
test_07032,0.99931
test_07033,0.99942
test_07034,0.00096
test_07035,0.69824
test_07036,0.01986
test_07037,0.22767
test_07038,0.99932
test_07039,0.00411
test_07040,0.45032
test_07041,0.78339
test_07042,0.99990
test_07043,0.08744
test_07044,0.99918
test_07045,0.01724
test_07046,0.98533
test_07047,0.99989
test_07048,0.00155
test_07049,0.00423
test_07050,0.31093
test_07051,0.03823
test_07052,0.82230
test_07053,0.00339
test_07054,0.06455
test_07055,0.99991
test_07056,0.99646
test_07057,0.00199
test_07058,0.00961
test_07059,0.99402
test_07060,1.00000
test_07061,0.99731
test_07062,0.00449
test_07063,0.02963
test_07064,0.00286
test_07065,0.01215
test_07066,0.28473
test_07067,0.99995
test_07068,0.68046
test_07069,0.99960
test_07070,0.00110
test_07071,0.00033
test_07072,0.99997
test_07073,0.59335
test_07074,1.00000
test_07075,0.39796
test_07076,0.99872
test_07077,0.00031
test_07078,1.00000
test_07079,0.99986
test_07080,0.02067
test_07081,0.00302
test_07082,0.99958
test_07083,0.03119
test_07084,0.00319
test_07085,0.00572
test_07086,0.97260
test_07087,0.13465
test_07088,0.83479
test_07089,0.79874
test_07090,0.21915
test_07091,0.00709
test_07092,0.99998
test_07093,0.00964
test_07094,0.99995
test_07095,0.00070
test_07096,0.99796
test_07097,0.00740
test_07098,0.94847
test_07099,0.00268
test_07100,0.01618
test_07101,0.99938
test_07102,0.91178
test_07103,0.57000
test_07104,0.99988
test_07105,0.00000
test_07106,0.61599
test_07107,0.00016
test_07108,0.01170
test_07109,0.28780
test_07110,0.87265
test_07111,0.05320
test_07112,0.98155
test_07113,0.02299
test_07114,0.99951
test_07115,0.99990
test_07116,0.39678
test_07117,0.31346
test_07118,0.01346
test_07119,0.05773
test_07120,0.00268
test_07121,0.88448
test_07122,0.94818
test_07123,0.33485
test_07124,0.96560
test_07125,0.99995
test_07126,0.56099
test_07127,0.99381
test_07128,0.00448
test_07129,0.00042
test_07130,0.95649
test_07131,0.98365
test_07132,0.08127
test_07133,0.01819
test_07134,0.95817
test_07135,0.00006
test_07136,0.98542
test_07137,0.99874
test_07138,0.00020
test_07139,0.56755
test_07140,0.22915
test_07141,0.99485
test_07142,0.58342
test_07143,0.02083
test_07144,0.00054
test_07145,0.58001
test_07146,1.00000
test_07147,0.99917
test_07148,0.99982
test_07149,0.00563
test_07150,0.97959
test_07151,0.71119
test_07152,0.87723
test_07153,0.99942
test_07154,0.89008
test_07155,0.03155
test_07156,0.00013
test_07157,0.67132
test_07158,0.99990
test_07159,0.04922
test_07160,0.96312
test_07161,0.01004
test_07162,0.99653
test_07163,0.99482
test_07164,0.19047
test_07165,0.77160
test_07166,0.99995
test_07167,0.00983
test_07168,0.92816
test_07169,0.00015
test_07170,0.99958
test_07171,0.03363
test_07172,0.99996
test_07173,0.99932
test_07174,0.99731
test_07175,0.99995
test_07176,0.00415
test_07177,0.00388
test_07178,0.37475
test_07179,0.99291
test_07180,0.72484
test_07181,0.60916
test_07182,0.02751
test_07183,0.13539
test_07184,0.00429
test_07185,0.99999
test_07186,0.97418
test_07187,0.00076
test_07188,0.99921
test_07189,0.00013
test_07190,0.84787
test_07191,0.00080
test_07192,0.00005
test_07193,0.05355
test_07194,0.98994
test_07195,0.80159
test_07196,0.99908
test_07197,0.96305
test_07198,0.00054
test_07199,0.01524
test_07200,0.99996
test_07201,0.57628
test_07202,0.01313
test_07203,0.99977
test_07204,0.86867
test_07205,0.00246
test_07206,0.86696
test_07207,0.94226
test_07208,0.00006
test_07209,0.88947
test_07210,0.06262
test_07211,0.87878
test_07212,0.97972
test_07213,0.80615
test_07214,0.99777
test_07215,0.97283
test_07216,0.10326
test_07217,0.00352
test_07218,0.17586
test_07219,0.99773
test_07220,0.00443
test_07221,0.90598
test_07222,0.02230
test_07223,0.00346
test_07224,0.99970
test_07225,0.81827
test_07226,0.80430
test_07227,0.99249
test_07228,0.05602
test_07229,0.00164
test_07230,0.95793
test_07231,0.00500
test_07232,0.72204
test_07233,0.91155
test_07234,0.89621
test_07235,0.98659
test_07236,0.00925
test_07237,0.99995
test_07238,0.00027
test_07239,0.99500
test_07240,0.55621
test_07241,0.00112
test_07242,0.68772
test_07243,0.00944
test_07244,0.99999
test_07245,0.75401
test_07246,0.79330
test_07247,0.99887
test_07248,0.99988
test_07249,0.02495
test_07250,0.10283
test_07251,0.00001
test_07252,0.97616
test_07253,0.00051
test_07254,0.09615
test_07255,0.99901
test_07256,0.00473
test_07257,0.98839
test_07258,0.14823
test_07259,0.26734
test_07260,0.99993
test_07261,0.00130
test_07262,0.00092
test_07263,0.99948
test_07264,0.00005
test_07265,0.99984
test_07266,0.00292
test_07267,0.98744
test_07268,0.99911
test_07269,0.83022
test_07270,0.99363
test_07271,0.99363
test_07272,0.03525
test_07273,0.99396
test_07274,0.99582
test_07275,0.02081
test_07276,0.05438
test_07277,0.99998
test_07278,0.98617
test_07279,0.04856
test_07280,0.00007
test_07281,0.13318
test_07282,0.89086
test_07283,0.00802
test_07284,0.94121
test_07285,0.99684
test_07286,0.43675
test_07287,0.06482
test_07288,0.00353
test_07289,0.31021
test_07290,0.00028
test_07291,0.99533
test_07292,0.36520
test_07293,0.15921
test_07294,0.99919
test_07295,0.68791
test_07296,0.98081
test_07297,0.99993
test_07298,0.02997
test_07299,0.05207
test_07300,0.08883
test_07301,0.99999
test_07302,0.00014
test_07303,0.09779
test_07304,0.02539
test_07305,0.73227
test_07306,0.00001
test_07307,0.00011
test_07308,0.29142
test_07309,0.00055
test_07310,0.49168
test_07311,0.01655
test_07312,0.99804
test_07313,0.04945
test_07314,0.99895
test_07315,0.81164
test_07316,0.88564
test_07317,0.99963
test_07318,0.01445
test_07319,0.87160
test_07320,0.99991
test_07321,0.31966
test_07322,0.78070
test_07323,0.00485
test_07324,0.99559
test_07325,0.52906
test_07326,0.99050
test_07327,0.96652
test_07328,0.99987
test_07329,0.01037
test_07330,0.92787
test_07331,0.00429
test_07332,0.01655
test_07333,0.59297
test_07334,0.51043
test_07335,0.99037
test_07336,0.16591
test_07337,0.88316
test_07338,0.18913
test_07339,0.10556
test_07340,1.00000
test_07341,0.07295
test_07342,0.02009
test_07343,0.99900
test_07344,0.23936
test_07345,0.03248
test_07346,0.01641
test_07347,0.00076
test_07348,0.99791
test_07349,0.09591
test_07350,0.99988
test_07351,0.00068
test_07352,0.10536
test_07353,0.02891
test_07354,0.95817
test_07355,0.99931
test_07356,0.85332
test_07357,0.98998
test_07358,0.99853
test_07359,0.24434
test_07360,0.93241
test_07361,0.98392
test_07362,0.02184
test_07363,0.97775
test_07364,0.67083
test_07365,0.89301
test_07366,0.94051
test_07367,0.30934
test_07368,0.50765
test_07369,0.02594
test_07370,0.99992
test_07371,0.00400
test_07372,0.33811
test_07373,0.99984
test_07374,0.09791
test_07375,0.31028
test_07376,0.30712
test_07377,0.00235
test_07378,0.99704
test_07379,0.00484
test_07380,0.94596
test_07381,0.04010
test_07382,0.99631
test_07383,0.99359
test_07384,0.96549
test_07385,0.55443
test_07386,0.27506
test_07387,0.00018
test_07388,0.75973
test_07389,0.01483
test_07390,0.01734
test_07391,0.99989
test_07392,0.99963
test_07393,0.95030
test_07394,0.76617
test_07395,0.99987
test_07396,0.00286
test_07397,0.99730
test_07398,0.99425
test_07399,0.91160
test_07400,0.99929
test_07401,0.28872
test_07402,1.00000
test_07403,0.00006
test_07404,0.51436
test_07405,0.99489
test_07406,0.00004
test_07407,0.05023
test_07408,0.17770
test_07409,0.98522
test_07410,0.99996
test_07411,0.96960
test_07412,0.00425
test_07413,0.99982
test_07414,0.00016
test_07415,0.32789
test_07416,0.00082
test_07417,0.00018
test_07418,0.99988
test_07419,0.01487
test_07420,0.00001
test_07421,0.69373
test_07422,1.00000
test_07423,0.99993
test_07424,0.05932
test_07425,0.00379
test_07426,0.13145
test_07427,0.84707
test_07428,0.00852
test_07429,0.36869
test_07430,0.00003
test_07431,0.93615
test_07432,0.00001
test_07433,0.05464
test_07434,0.13320
test_07435,0.00002
test_07436,0.00322
test_07437,0.62142
test_07438,0.97360
test_07439,0.56021
test_07440,0.00139
test_07441,0.01179
test_07442,0.00023
test_07443,0.96984
test_07444,0.03308
test_07445,0.00903
test_07446,0.00000
test_07447,0.00000
test_07448,0.40198
test_07449,0.99998
test_07450,0.99081
test_07451,0.99803
test_07452,0.58286
test_07453,0.00245
test_07454,0.99899
test_07455,0.63799
test_07456,0.99979
test_07457,0.99916
test_07458,1.00000
test_07459,0.99782
test_07460,0.00236
test_07461,0.99514
test_07462,0.56581
test_07463,0.01332
test_07464,0.04839
test_07465,0.99198
test_07466,0.07155
test_07467,0.99997
test_07468,0.99992
test_07469,0.46124
test_07470,0.99715
test_07471,0.49136
test_07472,0.90320
test_07473,0.08955
test_07474,0.00842
test_07475,0.56165
test_07476,0.00201
test_07477,0.00064
test_07478,0.99997
test_07479,0.99231
test_07480,0.07627
test_07481,0.55133
test_07482,0.99999
test_07483,0.92806
test_07484,0.53402
test_07485,0.99811
test_07486,0.99992
test_07487,0.23228
test_07488,0.17344
test_07489,0.99986
test_07490,0.24179
test_07491,0.15775
test_07492,0.86484
test_07493,0.51306
test_07494,0.99093
test_07495,0.99997
test_07496,0.01543
test_07497,0.21287
test_07498,0.21338
test_07499,0.00005
test_07500,0.00822
test_07501,0.00068
test_07502,0.99880
test_07503,0.19211
test_07504,0.00272
test_07505,0.99846
test_07506,0.99765
test_07507,0.18454
test_07508,0.03061
test_07509,0.99998
test_07510,0.89885
test_07511,0.99104
test_07512,0.06199
test_07513,0.99901
test_07514,0.98114
test_07515,0.88630
test_07516,0.99997
test_07517,1.00000
test_07518,0.00002
test_07519,0.08990
test_07520,0.00446
test_07521,0.09243
test_07522,0.99327
test_07523,0.00011
test_07524,0.15253
test_07525,0.00658
test_07526,0.01206
test_07527,0.23027
test_07528,0.99796
test_07529,0.00042
test_07530,1.00000
test_07531,0.93381
test_07532,0.99940
test_07533,0.20541
test_07534,0.00167
test_07535,0.04656
test_07536,0.33042
test_07537,0.00007
test_07538,0.00376
test_07539,0.97828
test_07540,0.01043
test_07541,0.02447
test_07542,0.97710
test_07543,0.05911
test_07544,0.99999
test_07545,0.00669
test_07546,0.94747
test_07547,0.99995
test_07548,0.45605
test_07549,0.97507
test_07550,0.79033
test_07551,0.94954
test_07552,0.00035
test_07553,0.93176
test_07554,0.99988
test_07555,0.00000
test_07556,0.00065
test_07557,0.99910
test_07558,0.14731
test_07559,0.99746
test_07560,0.78871
test_07561,0.00044
test_07562,0.48683
test_07563,1.00000
test_07564,1.00000
test_07565,0.76008
test_07566,0.56353
test_07567,0.10656
test_07568,0.00362
test_07569,0.75469
test_07570,0.98903
test_07571,0.00594
test_07572,1.00000
test_07573,1.00000
test_07574,0.99985
test_07575,0.18885
test_07576,0.02204
test_07577,0.33780
test_07578,0.01057
test_07579,0.00040
test_07580,0.99992
test_07581,0.01902
test_07582,0.03802
test_07583,0.99071
test_07584,0.99927
test_07585,0.98558
test_07586,0.99872
test_07587,0.83648
test_07588,0.99802
test_07589,0.86108
test_07590,0.03853
test_07591,0.99825
test_07592,0.00248
test_07593,0.99035
test_07594,0.15323
test_07595,0.00048
test_07596,0.01400
test_07597,0.93546
test_07598,0.97747
test_07599,0.99990
test_07600,0.00017
test_07601,0.48753
test_07602,0.10932
test_07603,0.99977
test_07604,0.06096
test_07605,0.07910
test_07606,0.00960
test_07607,0.00831
test_07608,0.94805
test_07609,0.99919
test_07610,0.01623
test_07611,0.01643
test_07612,0.00181
test_07613,0.28040
test_07614,0.98638
test_07615,0.99964
test_07616,0.96708
test_07617,0.58968
test_07618,0.97402
test_07619,0.00139
test_07620,0.65778
test_07621,0.00002
test_07622,0.03425
test_07623,0.99932
test_07624,0.00001
test_07625,0.00090
test_07626,1.00000
test_07627,1.00000
test_07628,0.92586
test_07629,0.07152
test_07630,0.99999
test_07631,0.11154
test_07632,0.02979
test_07633,0.73519
test_07634,0.89753
test_07635,0.99549
test_07636,0.15333
test_07637,0.23572
test_07638,1.00000
test_07639,0.29727
test_07640,0.00699
test_07641,0.99936
test_07642,0.04904
test_07643,0.99991
test_07644,0.99155
test_07645,0.00810
test_07646,0.31479
test_07647,0.99998
test_07648,0.60817
test_07649,0.64195
test_07650,1.00000
test_07651,0.75807
test_07652,0.99227
test_07653,0.99993
test_07654,0.99266
test_07655,0.49748
test_07656,0.59496
test_07657,0.99723
test_07658,0.00003
test_07659,0.99999
test_07660,0.94034
test_07661,0.99191
test_07662,0.00430
test_07663,0.98920
test_07664,0.00262
test_07665,0.00162
test_07666,0.99978
test_07667,0.14506
test_07668,0.02991
test_07669,0.99997
test_07670,0.13639
test_07671,0.00003
test_07672,0.05292
test_07673,0.01777
test_07674,0.54572
test_07675,0.00019
test_07676,0.61949
test_07677,0.15908
test_07678,0.99815
test_07679,0.06387
test_07680,0.91399
test_07681,0.00002
test_07682,0.00128
test_07683,0.99650
test_07684,0.15792
test_07685,0.00446
test_07686,0.04478
test_07687,0.16725
test_07688,0.99973
test_07689,0.99887
test_07690,1.00000
test_07691,0.00006
test_07692,1.00000
test_07693,0.99991
test_07694,0.04678
test_07695,0.00206
test_07696,0.85159
test_07697,0.99862
test_07698,0.99372
test_07699,0.22604
test_07700,0.89933
test_07701,0.00379
test_07702,0.02222
test_07703,0.99255
test_07704,0.99294
test_07705,0.07497
test_07706,0.99788
test_07707,0.95750
test_07708,1.00000
test_07709,0.13351
test_07710,1.00000
test_07711,0.88904
test_07712,0.02508
test_07713,0.00001
test_07714,0.00020
test_07715,0.99890
test_07716,0.97806
test_07717,0.02144
test_07718,0.00038
test_07719,0.00115
test_07720,0.51689
test_07721,0.01641
test_07722,0.06313
test_07723,0.84081
test_07724,1.00000
test_07725,0.99508
test_07726,0.98163
test_07727,0.18229
test_07728,0.00816
test_07729,0.99967
test_07730,0.08420
test_07731,0.03489
test_07732,0.99426
test_07733,0.99484
test_07734,0.01910
test_07735,0.06037
test_07736,0.00128
test_07737,0.99533
test_07738,0.01856
test_07739,0.39224
test_07740,0.01481
test_07741,0.00014
test_07742,0.05468
test_07743,0.91927
test_07744,0.02124
test_07745,0.99984
test_07746,0.99619
test_07747,0.93416
test_07748,0.00167
test_07749,0.68560
test_07750,0.99998
test_07751,0.74579
test_07752,0.02180
test_07753,0.43112
test_07754,0.50800
test_07755,0.99617
test_07756,0.99867
test_07757,0.05387
test_07758,0.05636
test_07759,0.99345
test_07760,0.98785
test_07761,0.63015
test_07762,0.99711
test_07763,0.99999
test_07764,0.99627
test_07765,0.19016
test_07766,1.00000
test_07767,0.00128
test_07768,0.69270
test_07769,0.00142
test_07770,0.46336
test_07771,0.99881
test_07772,0.99638
test_07773,0.99996
test_07774,0.00450
test_07775,0.08388
test_07776,0.75766
test_07777,0.99987
test_07778,0.99730
test_07779,0.98616
test_07780,0.99952
test_07781,0.00299
test_07782,0.27353
test_07783,0.03072
test_07784,0.87834
test_07785,0.05841
test_07786,0.96824
test_07787,0.99928
test_07788,0.99888
test_07789,0.92296
test_07790,0.24409
test_07791,0.98359
test_07792,0.00253
test_07793,0.00053
test_07794,0.02049
test_07795,0.96708
test_07796,0.00055
test_07797,0.00322
test_07798,0.99647
test_07799,0.99109
test_07800,0.99211
test_07801,0.15103
test_07802,0.83902
test_07803,0.80346
test_07804,0.99998
test_07805,0.22799
test_07806,0.07137
test_07807,0.01112
test_07808,0.05174
test_07809,0.00164
test_07810,0.00957
test_07811,0.99971
test_07812,0.03848
test_07813,0.99999
test_07814,0.40340
test_07815,0.00072
test_07816,0.94071
test_07817,0.99990
test_07818,0.02481
test_07819,0.99989
test_07820,0.02416
test_07821,0.99860
test_07822,0.02825
test_07823,0.00009
test_07824,0.99715
test_07825,0.99986
test_07826,0.36085
test_07827,0.60640
test_07828,0.00074
test_07829,0.99415
test_07830,0.32759
test_07831,0.99956
test_07832,0.99926
test_07833,0.98270
test_07834,0.98593
test_07835,0.20872
test_07836,0.04151
test_07837,0.01777
test_07838,0.99955
test_07839,0.99999
test_07840,0.99665
test_07841,0.00609
test_07842,0.03372
test_07843,0.00096
test_07844,0.99519
test_07845,0.99990
test_07846,0.01657
test_07847,0.97791
test_07848,0.02314
test_07849,0.99594
test_07850,0.99994
test_07851,0.77370
test_07852,0.57852
test_07853,0.01830
test_07854,0.99995
test_07855,0.00187
test_07856,0.07476
test_07857,0.01381
test_07858,0.02065
test_07859,0.99864
test_07860,0.00047
test_07861,0.96282
test_07862,0.00015
test_07863,0.98646
test_07864,0.63275
test_07865,0.99929
test_07866,0.82702
test_07867,0.04457
test_07868,1.00000
test_07869,0.99964
test_07870,0.00039
test_07871,0.99358
test_07872,0.45700
test_07873,0.02513
test_07874,0.72367
test_07875,0.00039
test_07876,0.74799
test_07877,0.24919
test_07878,0.01011
test_07879,0.00018
test_07880,0.96190
test_07881,0.99230
test_07882,0.57443
test_07883,0.89534
test_07884,0.28178
test_07885,0.99935
test_07886,0.00005
test_07887,0.99741
test_07888,0.02558
test_07889,0.99891
test_07890,0.16179
test_07891,0.99976
test_07892,0.92998
test_07893,0.97657
test_07894,0.00974
test_07895,0.64289
test_07896,0.85677
test_07897,0.00182
test_07898,0.99794
test_07899,0.99999
test_07900,0.98709
test_07901,0.67072
test_07902,0.00022
test_07903,0.61631
test_07904,0.00158
test_07905,0.96886
test_07906,0.01759
test_07907,0.87889
test_07908,0.00440
test_07909,0.80662
test_07910,0.35435
test_07911,0.99532
test_07912,0.00016
test_07913,0.00025
test_07914,0.00002
test_07915,0.00208
test_07916,0.87692
test_07917,0.00240
test_07918,0.00000
test_07919,0.02458
test_07920,0.13933
test_07921,0.97334
test_07922,0.37990
test_07923,0.99919
test_07924,0.57024
test_07925,0.00061
test_07926,0.67774
test_07927,0.99110
test_07928,0.84019
test_07929,0.00748
test_07930,0.00765
test_07931,0.00172
test_07932,0.99912
test_07933,0.99963
test_07934,0.37845
test_07935,0.19953
test_07936,0.00011
test_07937,0.36570
test_07938,0.99935
test_07939,0.06939
test_07940,0.00908
test_07941,0.03598
test_07942,0.02791
test_07943,0.99930
test_07944,0.28517
test_07945,0.00029
test_07946,0.00645
test_07947,0.99637
test_07948,0.27899
test_07949,0.89858
test_07950,1.00000
test_07951,0.00587
test_07952,0.00297
test_07953,0.01042
test_07954,0.01324
test_07955,0.00019
test_07956,0.05312
test_07957,0.41667
test_07958,0.01113
test_07959,0.99999
test_07960,0.00113
test_07961,0.98853
test_07962,0.00219
test_07963,0.09265
test_07964,0.00300
test_07965,0.06269
test_07966,0.99463
test_07967,0.99935
test_07968,0.09728
test_07969,0.04073
test_07970,0.00047
test_07971,0.23763
test_07972,0.99904
test_07973,0.01686
test_07974,0.93595
test_07975,0.09248
test_07976,0.55975
test_07977,0.00000
test_07978,0.99897
test_07979,0.05662
test_07980,0.99903
test_07981,0.29428
test_07982,0.03461
test_07983,0.02793
test_07984,0.63149
test_07985,0.99893
test_07986,0.00003
test_07987,0.00009
test_07988,0.00360
test_07989,0.00246
test_07990,0.24948
test_07991,0.99558
test_07992,0.00002
test_07993,1.00000
test_07994,0.57640
test_07995,0.58186
test_07996,0.99994
test_07997,0.99948
test_07998,0.99960
test_07999,0.99946
test_08000,0.00082
test_08001,0.00347
test_08002,0.35315
test_08003,0.69212
test_08004,0.00026
test_08005,0.99722
test_08006,0.04516
test_08007,0.00102
test_08008,0.97730
test_08009,0.07363
test_08010,0.99813
test_08011,0.43330
test_08012,0.99355
test_08013,0.00060
test_08014,0.08655
test_08015,0.00176
test_08016,0.98909
test_08017,0.23495
test_08018,0.99999
test_08019,0.99806
test_08020,0.99995
test_08021,0.56196
test_08022,0.44459
test_08023,0.00001
test_08024,0.00020
test_08025,0.86896
test_08026,1.00000
test_08027,0.35794
test_08028,0.52887
test_08029,0.99424
test_08030,0.19956
test_08031,0.00067
test_08032,0.99875
test_08033,0.09596
test_08034,0.99991
test_08035,0.87203
test_08036,0.96319
test_08037,0.98970
test_08038,0.24244
test_08039,0.99936
test_08040,0.94557
test_08041,0.93307
test_08042,0.99997
test_08043,0.01967
test_08044,0.06716
test_08045,0.00005
test_08046,0.03189
test_08047,0.13299
test_08048,0.44085
test_08049,0.99995
test_08050,0.98776
test_08051,0.00057
test_08052,0.76684
test_08053,0.99831
test_08054,0.02952
test_08055,0.99935
test_08056,0.99998
test_08057,0.14324
test_08058,0.68812
test_08059,0.90974
test_08060,1.00000
test_08061,0.94527
test_08062,0.83953
test_08063,0.99886
test_08064,0.97910
test_08065,0.99829
test_08066,0.04780
test_08067,0.99931
test_08068,0.51165
test_08069,0.99593
test_08070,0.01015
test_08071,0.98404
test_08072,0.04544
test_08073,0.96101
test_08074,0.00519
test_08075,0.99999
test_08076,0.00003
test_08077,0.00286
test_08078,0.41175
test_08079,0.11279
test_08080,0.95777
test_08081,0.00019
test_08082,0.01292
test_08083,0.99966
test_08084,0.00097
test_08085,0.00267
test_08086,0.30884
test_08087,0.99717
test_08088,0.99014
test_08089,0.34011
test_08090,0.30628
test_08091,0.99902
test_08092,0.68783
test_08093,0.74213
test_08094,0.04720
test_08095,0.81395
test_08096,0.00066
test_08097,0.99109
test_08098,0.06932
test_08099,0.24483
test_08100,0.99751
test_08101,0.00800
test_08102,0.02130
test_08103,0.99545
test_08104,0.00092
test_08105,0.99985
test_08106,0.99813
test_08107,0.47366
test_08108,0.06652
test_08109,0.97372
test_08110,0.99773
test_08111,0.04916
test_08112,0.99859
test_08113,0.00760
test_08114,0.00508
test_08115,0.00018
test_08116,0.99695
test_08117,0.00279
test_08118,0.28557
test_08119,0.14482
test_08120,0.01951
test_08121,0.28140
test_08122,0.99998
test_08123,0.12741
test_08124,0.99703
test_08125,1.00000
test_08126,0.60390
test_08127,0.00010
test_08128,0.00423
test_08129,0.17784
test_08130,0.17993
test_08131,0.99875
test_08132,0.00686
test_08133,0.45272
test_08134,0.13066
test_08135,0.00631
test_08136,0.99995
test_08137,0.00052
test_08138,0.00009
test_08139,0.99177
test_08140,0.98672
test_08141,0.99161
test_08142,0.95623
test_08143,0.20146
test_08144,0.99980
test_08145,0.07966
test_08146,0.00944
test_08147,0.30515
test_08148,0.04693
test_08149,0.12871
test_08150,0.97863
test_08151,0.85518
test_08152,0.81290
test_08153,0.95922
test_08154,0.07035
test_08155,0.43623
test_08156,0.00163
test_08157,0.00141
test_08158,0.00295
test_08159,0.99978
test_08160,0.99999
test_08161,0.27914
test_08162,0.45042
test_08163,0.97455
test_08164,0.02868
test_08165,0.45675
test_08166,0.00749
test_08167,0.70470
test_08168,0.99987
test_08169,0.99761
test_08170,0.00015
test_08171,0.94616
test_08172,0.57950
test_08173,0.37078
test_08174,0.00675
test_08175,0.99941
test_08176,0.98943
test_08177,0.99890
test_08178,0.99966
test_08179,0.99574
test_08180,0.00086
test_08181,0.01505
test_08182,0.01470
test_08183,0.98980
test_08184,0.99891
test_08185,0.54945
test_08186,0.77947
test_08187,0.56960
test_08188,0.00013
test_08189,0.59267
test_08190,0.00010
test_08191,0.99893
test_08192,0.99510
test_08193,0.99994
test_08194,0.11287
test_08195,0.00077
test_08196,0.00514
test_08197,1.00000
test_08198,0.99942
test_08199,0.00013
test_08200,0.99842
test_08201,0.00065
test_08202,0.95869
test_08203,0.98853
test_08204,0.83622
test_08205,0.99468
test_08206,0.44180
test_08207,0.99871
test_08208,0.75244
test_08209,0.00155
test_08210,0.95955
test_08211,0.49484
test_08212,0.96803
test_08213,0.82374
test_08214,0.91167
test_08215,0.00669
test_08216,0.00005
test_08217,0.99994
test_08218,0.98638
test_08219,0.77808
test_08220,0.00003
test_08221,0.00114
test_08222,0.61990
test_08223,0.00040
test_08224,0.07220
test_08225,0.00413
test_08226,0.91193
test_08227,0.98456
test_08228,0.97016
test_08229,0.00706
test_08230,0.99455
test_08231,0.04953
test_08232,0.00560
test_08233,0.00000
test_08234,0.00302
test_08235,0.00233
test_08236,0.03654
test_08237,0.99808
test_08238,0.99992
test_08239,0.20727
test_08240,0.08175
test_08241,0.70718
test_08242,0.99370
test_08243,0.00074
test_08244,0.92170
test_08245,0.00013
test_08246,0.99159
test_08247,0.95081
test_08248,0.28429
test_08249,0.97151
test_08250,0.75866
test_08251,0.89548
test_08252,0.99015
test_08253,0.14364
test_08254,0.70618
test_08255,0.00002
test_08256,0.34093
test_08257,0.00522
test_08258,0.99783
test_08259,0.98579
test_08260,0.99355
test_08261,0.99994
test_08262,0.46750
test_08263,0.99998
test_08264,0.77284
test_08265,0.99340
test_08266,0.99995
test_08267,0.00071
test_08268,0.05754
test_08269,0.07106
test_08270,0.01773
test_08271,0.79242
test_08272,0.27368
test_08273,0.95610
test_08274,0.89832
test_08275,0.80437
test_08276,0.99104
test_08277,0.00959
test_08278,0.00200
test_08279,0.72945
test_08280,0.01386
test_08281,0.80518
test_08282,0.99981
test_08283,0.82159
test_08284,0.99856
test_08285,0.99994
test_08286,0.24423
test_08287,0.47367
test_08288,0.00046
test_08289,0.00176
test_08290,0.09538
test_08291,0.68540
test_08292,0.00134
test_08293,0.99902
test_08294,0.16464
test_08295,0.98536
test_08296,0.81192
test_08297,0.99958
test_08298,0.00333
test_08299,0.00004
test_08300,0.98748
test_08301,0.83885
test_08302,0.98905
test_08303,0.99572
test_08304,0.94295
test_08305,0.29697
test_08306,0.00023
test_08307,0.51344
test_08308,0.94784
test_08309,0.05730
test_08310,0.96941
test_08311,0.65092
test_08312,0.99837
test_08313,0.99984
test_08314,0.07595
test_08315,0.97926
test_08316,0.97527
test_08317,0.99321
test_08318,0.01508
test_08319,0.79981
test_08320,0.83745
test_08321,0.74737
test_08322,0.93489
test_08323,0.99869
test_08324,0.86396
test_08325,0.99962
test_08326,0.01965
test_08327,0.03661
test_08328,0.00278
test_08329,0.99686
test_08330,0.99740
test_08331,0.90162
test_08332,0.01903
test_08333,0.04838
test_08334,0.94781
test_08335,0.00055
test_08336,0.96257
test_08337,0.95437
test_08338,0.99978
test_08339,0.00141
test_08340,0.00163
test_08341,0.99965
test_08342,0.04293
test_08343,0.80913
test_08344,0.67616
test_08345,0.99998
test_08346,0.41271
test_08347,0.00028
test_08348,0.99956
test_08349,0.10116
test_08350,0.99791
test_08351,0.99936
test_08352,0.22044
test_08353,0.99999
test_08354,0.00003
test_08355,0.17840
test_08356,0.65976
test_08357,0.01894
test_08358,0.73810
test_08359,0.78423
test_08360,0.95844
test_08361,0.96790
test_08362,0.00068
test_08363,0.99866
test_08364,0.97833
test_08365,0.00798
test_08366,0.62363
test_08367,0.95542
test_08368,0.99993
test_08369,0.00374
test_08370,0.99996
test_08371,0.00040
test_08372,0.36966
test_08373,0.99604
test_08374,0.99966
test_08375,0.00013
test_08376,0.99981
test_08377,0.03681
test_08378,0.92293
test_08379,0.99907
test_08380,0.99973
test_08381,0.99883
test_08382,0.81222
test_08383,0.07259
test_08384,0.01934
test_08385,0.01164
test_08386,0.00035
test_08387,0.12961
test_08388,0.00000
test_08389,0.98484
test_08390,0.01983
test_08391,0.92490
test_08392,0.34507
test_08393,0.94715
test_08394,0.00057
test_08395,0.02768
test_08396,0.00529
test_08397,0.01979
test_08398,0.91300
test_08399,0.02050
test_08400,0.00019
test_08401,0.00019
test_08402,0.21128
test_08403,0.00233
test_08404,0.99978
test_08405,0.80484
test_08406,0.01953
test_08407,0.99990
test_08408,0.00895
test_08409,0.00210
test_08410,0.80673
test_08411,0.99927
test_08412,0.99495
test_08413,0.00040
test_08414,0.99303
test_08415,0.00156
test_08416,0.99999
test_08417,0.99667
test_08418,0.97072
test_08419,0.07238
test_08420,0.04739
test_08421,0.62051
test_08422,0.90260
test_08423,0.99849
test_08424,0.01808
test_08425,0.61211
test_08426,0.01604
test_08427,0.99969
test_08428,0.99999
test_08429,0.26735
test_08430,0.46810
test_08431,0.26986
test_08432,0.46103
test_08433,0.93596
test_08434,0.94388
test_08435,0.02422
test_08436,0.99872
test_08437,0.01010
test_08438,0.99144
test_08439,0.62641
test_08440,0.98890
test_08441,0.19813
test_08442,0.68515
test_08443,0.05762
test_08444,0.00113
test_08445,0.90691
test_08446,0.00200
test_08447,0.25568
test_08448,0.99913
test_08449,0.61028
test_08450,0.29053
test_08451,0.85995
test_08452,0.19662
test_08453,0.03107
test_08454,0.00725
test_08455,0.18749
test_08456,0.99886
test_08457,0.99759
test_08458,0.00019
test_08459,0.99999
test_08460,0.99999
test_08461,0.03979
test_08462,0.11874
test_08463,0.99965
test_08464,0.37545
test_08465,0.99962
test_08466,0.01505
test_08467,0.00001
test_08468,0.89125
test_08469,0.00421
test_08470,0.01366
test_08471,0.14854
test_08472,0.99992
test_08473,0.00447
test_08474,0.99975
test_08475,0.00089
test_08476,0.32315
test_08477,0.99838
test_08478,0.74882
test_08479,0.29550
test_08480,0.21975
test_08481,0.89483
test_08482,0.99921
test_08483,0.21758
test_08484,0.99994
test_08485,0.38513
test_08486,0.72544
test_08487,0.99783
test_08488,0.73025
test_08489,0.63324
test_08490,0.48860
test_08491,0.99622
test_08492,0.91012
test_08493,0.95691
test_08494,0.12023
test_08495,0.49645
test_08496,0.00760
test_08497,0.70829
test_08498,0.51696
test_08499,0.99955
test_08500,0.99930
test_08501,0.00688
test_08502,0.99829
test_08503,0.09832
test_08504,0.98683
test_08505,0.10222
test_08506,0.29269
test_08507,0.00000
test_08508,0.93192
test_08509,0.95508
test_08510,0.96984
test_08511,0.19882
test_08512,0.97154
test_08513,1.00000
test_08514,0.00092
test_08515,0.99743
test_08516,0.99929
test_08517,0.99999
test_08518,0.99358
test_08519,0.99980
test_08520,0.72751
test_08521,0.00009
test_08522,0.00491
test_08523,0.00060
test_08524,0.00102
test_08525,0.42182
test_08526,0.00028
test_08527,0.00195
test_08528,0.00057
test_08529,0.99963
test_08530,0.00003
test_08531,0.67559
test_08532,0.99999
test_08533,0.85174
test_08534,0.00510
test_08535,0.99997
test_08536,0.00034
test_08537,0.99933
test_08538,0.98200
test_08539,0.08482
test_08540,0.99858
test_08541,0.00001
test_08542,0.99953
test_08543,0.00272
test_08544,0.99749
test_08545,0.95606
test_08546,0.08263
test_08547,0.84710
test_08548,0.00912
test_08549,0.00020
test_08550,0.99987
test_08551,0.99673
test_08552,0.24257
test_08553,0.99995
test_08554,0.00039
test_08555,0.99559
test_08556,0.00000
test_08557,0.00029
test_08558,0.03181
test_08559,0.99991
test_08560,0.11268
test_08561,0.99994
test_08562,0.57747
test_08563,0.00006
test_08564,0.00001
test_08565,0.99984
test_08566,0.99999
test_08567,0.54816
test_08568,0.98121
test_08569,0.08687
test_08570,0.04019
test_08571,0.62508
test_08572,0.29452
test_08573,0.99906
test_08574,0.03033
test_08575,0.95310
test_08576,0.89194
test_08577,1.00000
test_08578,0.00138
test_08579,0.76785
test_08580,0.95915
test_08581,0.99994
test_08582,0.07055
test_08583,0.03491
test_08584,0.00141
test_08585,0.05276
test_08586,0.53607
test_08587,0.03324
test_08588,0.99789
test_08589,0.17089
test_08590,0.99747
test_08591,0.00051
test_08592,0.98413
test_08593,0.91653
test_08594,0.29368
test_08595,0.94160
test_08596,0.85664
test_08597,0.48816
test_08598,0.85742
test_08599,0.93833
test_08600,0.99931
test_08601,0.99998
test_08602,0.99799
test_08603,0.99784
test_08604,0.85409
test_08605,0.24355
test_08606,1.00000
test_08607,0.99975
test_08608,0.59986
test_08609,0.26784
test_08610,0.50189
test_08611,0.00489
test_08612,0.99993
test_08613,0.43378
test_08614,0.99940
test_08615,0.67806
test_08616,0.99975
test_08617,0.40119
test_08618,0.00054
test_08619,0.98820
test_08620,1.00000
test_08621,0.99984
test_08622,0.99865
test_08623,0.81230
test_08624,0.81057
test_08625,0.99994
test_08626,0.43721
test_08627,0.03521
test_08628,0.98250
test_08629,0.00551
test_08630,0.99905
test_08631,0.68172
test_08632,0.00000
test_08633,1.00000
test_08634,1.00000
test_08635,1.00000
test_08636,0.07143
test_08637,0.99858
test_08638,0.99971
test_08639,0.00008
test_08640,0.00089
test_08641,0.99463
test_08642,0.99986
test_08643,0.01104
test_08644,0.99997
test_08645,0.04279
test_08646,0.26094
test_08647,0.00001
test_08648,0.00001
test_08649,0.99947
test_08650,0.99900
test_08651,0.99446
test_08652,0.99817
test_08653,0.99739
test_08654,0.00034
test_08655,0.29735
test_08656,0.01888
test_08657,0.99063
test_08658,0.36763
test_08659,0.00042
test_08660,0.70128
test_08661,0.68261
test_08662,0.00657
test_08663,0.00005
test_08664,0.00097
test_08665,0.05558
test_08666,0.97011
test_08667,0.99867
test_08668,0.99969
test_08669,0.99146
test_08670,0.76652
test_08671,0.45674
test_08672,0.99966
test_08673,0.99737
test_08674,0.99968
test_08675,0.00108
test_08676,0.99986
test_08677,0.99321
test_08678,0.99948
test_08679,0.77055
test_08680,0.99999
test_08681,0.01036
test_08682,0.26847
test_08683,0.95258
test_08684,0.03159
test_08685,0.19216
test_08686,0.99300
test_08687,0.00589
test_08688,0.99479
test_08689,0.99729
test_08690,0.76636
test_08691,0.97458
test_08692,0.99811
test_08693,0.01412
test_08694,0.09349
test_08695,0.99826
test_08696,0.01173
test_08697,0.01204
test_08698,0.97437
test_08699,0.60105
test_08700,0.99676
test_08701,1.00000
test_08702,0.00032
test_08703,0.22454
test_08704,0.00000
test_08705,0.04628
test_08706,0.12065
test_08707,0.99852
test_08708,0.98128
test_08709,0.99951
test_08710,0.00245
test_08711,0.30955
test_08712,0.00008
test_08713,0.99794
test_08714,0.93897
test_08715,0.44358
test_08716,0.99999
test_08717,0.87975
test_08718,0.95315
test_08719,0.83154
test_08720,0.93152
test_08721,0.99950
test_08722,0.99995
test_08723,0.99506
test_08724,0.67217
test_08725,0.99998
test_08726,0.99978
test_08727,0.18746
test_08728,0.01761
test_08729,0.80232
test_08730,0.05374
test_08731,0.84640
test_08732,0.25193
test_08733,0.00008
test_08734,0.81598
test_08735,0.52885
test_08736,1.00000
test_08737,0.00632
test_08738,0.68837
test_08739,0.01710
test_08740,0.09055
test_08741,0.00121
test_08742,0.05350
test_08743,0.03044
test_08744,0.98671
test_08745,0.99738
test_08746,0.00026
test_08747,0.99961
test_08748,0.40877
test_08749,0.08568
test_08750,0.46126
test_08751,0.01457
test_08752,0.04357
test_08753,0.99908
test_08754,0.00003
test_08755,0.99745
test_08756,0.99414
test_08757,0.99921
test_08758,0.01696
test_08759,0.02745
test_08760,0.00510
test_08761,0.87122
test_08762,0.99451
test_08763,0.09685
test_08764,0.41233
test_08765,0.00668
test_08766,0.91357
test_08767,0.00193
test_08768,1.00000
test_08769,0.14704
test_08770,0.99990
test_08771,0.64117
test_08772,0.00060
test_08773,0.00159
test_08774,0.00573
test_08775,0.98924
test_08776,0.99968
test_08777,0.00001
test_08778,0.96615
test_08779,0.23862
test_08780,0.96921
test_08781,0.99993
test_08782,0.93340
test_08783,0.99999
test_08784,0.99568
test_08785,0.09207
test_08786,0.97022
test_08787,0.01477
test_08788,0.16935
test_08789,0.60966
test_08790,0.00453
test_08791,0.20997
test_08792,0.01485
test_08793,0.13160
test_08794,0.05285
test_08795,1.00000
test_08796,0.99195
test_08797,0.10386
test_08798,0.94533
test_08799,0.99895
test_08800,0.99658
test_08801,0.99929
test_08802,0.96597
test_08803,0.99998
test_08804,0.76222
test_08805,0.99999
test_08806,0.30326
test_08807,0.00997
test_08808,0.99310
test_08809,0.95851
test_08810,0.00318
test_08811,0.99761
test_08812,0.02126
test_08813,0.99783
test_08814,0.00036
test_08815,0.00348
test_08816,0.02274
test_08817,0.99968
test_08818,0.01581
test_08819,0.99999
test_08820,0.99975
test_08821,0.51790
test_08822,0.99955
test_08823,0.09793
test_08824,0.02596
test_08825,0.15072
test_08826,0.00123
test_08827,0.99762
test_08828,0.95079
test_08829,0.09198
test_08830,0.99999
test_08831,0.36610
test_08832,0.14041
test_08833,0.99985
test_08834,0.91416
test_08835,0.99875
test_08836,0.05101
test_08837,0.19618
test_08838,0.23205
test_08839,0.99999
test_08840,0.93527
test_08841,0.76558
test_08842,0.00009
test_08843,0.35630
test_08844,0.19682
test_08845,0.01412
test_08846,0.99910
test_08847,0.94993
test_08848,0.09634
test_08849,0.22175
test_08850,0.99884
test_08851,0.01731
test_08852,0.71508
test_08853,0.99737
test_08854,0.90586
test_08855,0.99844
test_08856,0.99738
test_08857,0.94181
test_08858,0.99699
test_08859,0.00009
test_08860,0.99999
test_08861,0.99807
test_08862,0.02296
test_08863,0.15550
test_08864,0.03381
test_08865,0.01256
test_08866,0.97673
test_08867,0.75112
test_08868,0.00016
test_08869,0.19187
test_08870,0.99164
test_08871,0.99998
test_08872,0.31616
test_08873,0.99998
test_08874,0.00000
test_08875,0.99868
test_08876,0.99845
test_08877,0.32705
test_08878,0.45158
test_08879,0.06771
test_08880,0.60922
test_08881,0.99982
test_08882,0.15102
test_08883,0.00459
test_08884,0.90915
test_08885,0.04684
test_08886,0.00691
test_08887,0.00387
test_08888,0.62263
test_08889,0.99986
test_08890,0.54082
test_08891,0.90900
test_08892,0.35740
test_08893,0.02727
test_08894,0.94035
test_08895,0.36067
test_08896,0.99997
test_08897,0.00000
test_08898,0.99337
test_08899,0.00460
test_08900,0.99848
test_08901,0.99938
test_08902,0.49806
test_08903,0.99985
test_08904,0.99407
test_08905,0.90537
test_08906,0.99788
test_08907,0.99912
test_08908,0.97434
test_08909,0.14200
test_08910,0.00099
test_08911,0.99839
test_08912,0.02610
test_08913,0.11247
test_08914,0.00009
test_08915,0.27411
test_08916,0.99760
test_08917,0.99957
test_08918,0.99968
test_08919,0.71094
test_08920,0.00057
test_08921,0.98912
test_08922,0.96965
test_08923,0.27379
test_08924,0.99980
test_08925,0.99998
test_08926,0.15591
test_08927,0.06496
test_08928,0.49335
test_08929,0.99921
test_08930,0.99989
test_08931,0.01321
test_08932,0.94226
test_08933,0.60578
test_08934,0.03781
test_08935,1.00000
test_08936,0.99991
test_08937,0.98429
test_08938,0.99507
test_08939,0.00000
test_08940,0.16084
test_08941,0.25206
test_08942,0.87658
test_08943,0.98911
test_08944,0.99988
test_08945,0.98952
test_08946,0.99955
test_08947,0.14829
test_08948,0.96469
test_08949,0.01179
test_08950,0.03038
test_08951,0.73684
test_08952,0.99950
test_08953,0.72826
test_08954,0.21736
test_08955,0.99999
test_08956,0.99622
test_08957,0.88591
test_08958,0.00627
test_08959,0.02741
test_08960,0.99087
test_08961,0.00733
test_08962,0.02697
test_08963,0.00676
test_08964,0.00038
test_08965,0.00033
test_08966,0.99998
test_08967,0.01251
test_08968,0.87288
test_08969,0.00165
test_08970,0.99690
test_08971,0.00035
test_08972,0.00011
test_08973,0.99956
test_08974,0.50181
test_08975,0.43224
test_08976,0.01316
test_08977,0.99423
test_08978,0.81969
test_08979,0.62150
test_08980,0.99350
test_08981,0.99996
test_08982,0.99879
test_08983,0.48464
test_08984,0.00135
test_08985,0.00112
test_08986,0.99637
test_08987,0.00092
test_08988,0.00714
test_08989,0.99963
test_08990,0.05915
test_08991,0.02311
test_08992,0.25837
test_08993,0.22006
test_08994,0.99909
test_08995,0.00000
test_08996,0.99978
test_08997,0.99800
test_08998,0.99515
test_08999,0.88220
test_09000,0.99996
test_09001,0.52400
test_09002,0.06414
test_09003,0.98783
test_09004,0.00003
test_09005,1.00000
test_09006,1.00000
test_09007,0.04250
test_09008,0.10441
test_09009,0.94790
test_09010,0.99279
test_09011,0.00172
test_09012,0.92369
test_09013,0.97692
test_09014,0.00990
test_09015,0.94721
test_09016,0.82315
test_09017,0.83373
test_09018,1.00000
test_09019,0.99370
test_09020,0.20520
test_09021,0.97957
test_09022,0.99867
test_09023,0.00067
test_09024,0.99427
test_09025,0.81893
test_09026,1.00000
test_09027,0.64020
test_09028,0.83120
test_09029,0.00908
test_09030,0.99994
test_09031,0.01531
test_09032,0.99878
test_09033,0.99778
test_09034,0.00075
test_09035,0.06553
test_09036,0.00002
test_09037,0.00263
test_09038,0.00037
test_09039,0.00039
test_09040,0.99886
test_09041,0.13501
test_09042,0.99999
test_09043,0.00753
test_09044,0.12768
test_09045,0.09625
test_09046,0.99947
test_09047,0.06656
test_09048,0.00936
test_09049,0.99997
test_09050,0.05980
test_09051,0.88147
test_09052,0.99777
test_09053,0.99998
test_09054,0.95348
test_09055,0.30238
test_09056,0.47113
test_09057,0.00036
test_09058,0.92963
test_09059,0.00159
test_09060,0.81394
test_09061,0.08026
test_09062,0.01433
test_09063,0.99761
test_09064,0.25896
test_09065,0.99565
test_09066,0.99263
test_09067,0.77064
test_09068,0.00032
test_09069,0.00066
test_09070,0.00101
test_09071,0.64669
test_09072,0.98887
test_09073,1.00000
test_09074,0.99903
test_09075,0.99961
test_09076,0.09919
test_09077,0.99376
test_09078,0.99973
test_09079,0.99982
test_09080,0.99978
test_09081,0.98979
test_09082,0.32336
test_09083,0.99252
test_09084,0.00006
test_09085,0.99995
test_09086,0.99987
test_09087,0.00035
test_09088,0.00019
test_09089,0.06718
test_09090,0.64531
test_09091,0.00027
test_09092,0.00006
test_09093,0.17817
test_09094,0.99952
test_09095,0.99007
test_09096,0.00002
test_09097,0.73002
test_09098,0.99835
test_09099,0.03448
test_09100,0.33903
test_09101,0.00669
test_09102,0.07394
test_09103,0.01277
test_09104,0.99982
test_09105,0.12005
test_09106,0.93315
test_09107,0.00526
test_09108,0.96888
test_09109,0.00066
test_09110,0.99939
test_09111,0.99990
test_09112,0.96850
test_09113,0.95282
test_09114,0.01379
test_09115,0.00001
test_09116,0.99998
test_09117,0.00821
test_09118,0.99961
test_09119,0.01592
test_09120,0.99968
test_09121,0.47733
test_09122,0.99993
test_09123,0.00001
test_09124,0.99867
test_09125,0.72309
test_09126,0.00059
test_09127,0.99857
test_09128,0.01903
test_09129,0.56601
test_09130,0.00006
test_09131,0.00089
test_09132,0.15396
test_09133,0.50225
test_09134,0.23954
test_09135,0.99999
test_09136,0.99980
test_09137,0.99926
test_09138,0.27328
test_09139,0.93700
test_09140,0.99953
test_09141,0.01349
test_09142,0.01804
test_09143,0.02629
test_09144,0.99755
test_09145,0.98416
test_09146,0.00001
test_09147,0.47122
test_09148,0.00005
test_09149,0.78108
test_09150,0.00091
test_09151,0.00183
test_09152,0.01407
test_09153,0.81507
test_09154,0.34449
test_09155,0.99796
test_09156,0.38234
test_09157,0.00022
test_09158,0.53673
test_09159,0.08002
test_09160,0.40432
test_09161,0.99986
test_09162,0.06967
test_09163,0.99770
test_09164,0.85094
test_09165,0.00020
test_09166,0.99874
test_09167,0.31846
test_09168,0.99995
test_09169,0.99986
test_09170,0.57960
test_09171,0.98799
test_09172,0.95189
test_09173,0.99977
test_09174,0.14888
test_09175,0.00079
test_09176,0.00363
test_09177,0.84840
test_09178,0.99940
test_09179,0.14247
test_09180,0.04441
test_09181,0.76794
test_09182,0.99987
test_09183,0.01270
test_09184,0.00003
test_09185,0.02544
test_09186,0.19154
test_09187,0.99948
test_09188,0.03440
test_09189,0.01277
test_09190,0.99840
test_09191,0.85542
test_09192,0.00101
test_09193,0.99994
test_09194,0.01085
test_09195,1.00000
test_09196,0.99973
test_09197,0.91777
test_09198,0.00041
test_09199,0.99786
test_09200,0.00921
test_09201,0.96937
test_09202,0.00601
test_09203,0.99925
test_09204,0.99998
test_09205,0.85049
test_09206,0.96151
test_09207,0.00033
test_09208,0.02290
test_09209,0.00000
test_09210,0.54512
test_09211,0.93571
test_09212,0.00359
test_09213,0.99994
test_09214,0.06190
test_09215,0.99594
test_09216,0.03051
test_09217,0.09205
test_09218,0.99813
test_09219,0.85921
test_09220,0.99666
test_09221,0.99946
test_09222,0.31403
test_09223,0.99642
test_09224,0.99752
test_09225,0.99889
test_09226,0.99182
test_09227,0.00003
test_09228,0.02208
test_09229,0.00397
test_09230,0.69684
test_09231,0.97972
test_09232,0.00916
test_09233,0.00024
test_09234,0.99721
test_09235,0.00245
test_09236,0.00436
test_09237,0.99704
test_09238,0.99976
test_09239,0.00112
test_09240,0.00007
test_09241,0.64077
test_09242,0.99369
test_09243,0.00117
test_09244,0.28830
test_09245,0.99996
test_09246,0.97741
test_09247,0.97947
test_09248,0.07765
test_09249,0.99952
test_09250,0.00263
test_09251,0.05014
test_09252,0.00122
test_09253,0.99946
test_09254,0.09988
test_09255,0.02162
test_09256,0.99922
test_09257,0.15580
test_09258,0.05805
test_09259,0.83604
test_09260,0.00008
test_09261,0.00622
test_09262,0.98287
test_09263,0.98980
test_09264,0.83689
test_09265,0.99854
test_09266,0.99942
test_09267,0.54325
test_09268,0.99152
test_09269,0.83748
test_09270,0.00609
test_09271,0.94974
test_09272,0.99917
test_09273,0.99989
test_09274,0.76205
test_09275,0.00046
test_09276,0.99375
test_09277,0.99148
test_09278,0.99167
test_09279,0.00100
test_09280,0.02084
test_09281,0.35655
test_09282,0.00128
test_09283,0.00579
test_09284,0.99879
test_09285,0.23711
test_09286,0.00607
test_09287,0.99954
test_09288,0.73499
test_09289,0.98049
test_09290,0.00041
test_09291,1.00000
test_09292,0.96345
test_09293,0.00002
test_09294,0.00007
test_09295,0.00147
test_09296,0.02453
test_09297,0.52393
test_09298,0.95098
test_09299,0.01575
test_09300,0.00012
test_09301,0.00004
test_09302,0.99783
test_09303,0.99999
test_09304,0.33686
test_09305,0.91114
test_09306,0.15283
test_09307,0.01105
test_09308,0.00103
test_09309,0.99994
test_09310,0.99794
test_09311,0.89782
test_09312,0.99940
test_09313,0.78792
test_09314,0.00008
test_09315,0.01299
test_09316,0.89076
test_09317,0.99962
test_09318,0.27036
test_09319,0.50751
test_09320,0.97823
test_09321,0.97756
test_09322,0.99823
test_09323,0.99999
test_09324,0.74653
test_09325,0.99955
test_09326,0.86501
test_09327,0.00388
test_09328,0.28863
test_09329,0.40231
test_09330,0.17390
test_09331,1.00000
test_09332,0.00075
test_09333,0.98300
test_09334,0.99914
test_09335,0.03113
test_09336,0.05184
test_09337,0.62451
test_09338,0.39983
test_09339,0.00043
test_09340,0.94406
test_09341,0.00126
test_09342,0.27498
test_09343,0.00036
test_09344,0.47602
test_09345,0.20801
test_09346,0.72215
test_09347,0.00003
test_09348,0.74799
test_09349,0.08884
test_09350,0.99994
test_09351,0.95779
test_09352,0.05675
test_09353,0.00440
test_09354,0.99793
test_09355,0.99999
test_09356,0.99338
test_09357,0.96956
test_09358,0.01478
test_09359,0.00065
test_09360,0.73385
test_09361,0.48533
test_09362,0.02636
test_09363,0.18775
test_09364,0.00011
test_09365,0.01946
test_09366,0.93859
test_09367,0.36809
test_09368,0.12908
test_09369,0.74987
test_09370,0.00179
test_09371,0.47193
test_09372,0.99664
test_09373,0.00148
test_09374,0.99998
test_09375,0.95942
test_09376,0.21334
test_09377,0.70783
test_09378,0.98614
test_09379,0.99999
test_09380,0.03267
test_09381,0.90324
test_09382,1.00000
test_09383,0.51212
test_09384,0.33899
test_09385,0.99995
test_09386,0.98505
test_09387,0.99778
test_09388,0.64185
test_09389,0.98664
test_09390,0.97893
test_09391,0.00133
test_09392,0.02557
test_09393,0.02814
test_09394,0.99298
test_09395,0.00219
test_09396,0.58881
test_09397,0.00903
test_09398,0.72455
test_09399,0.02343
test_09400,0.95263
test_09401,0.98955
test_09402,0.96744
test_09403,0.00837
test_09404,0.94281
test_09405,0.01616
test_09406,0.23225
test_09407,0.98176
test_09408,0.07163
test_09409,0.23220
test_09410,1.00000
test_09411,0.99737
test_09412,0.97347
test_09413,0.99989
test_09414,0.00006
test_09415,0.97820
test_09416,0.99208
test_09417,0.00058
test_09418,0.99960
test_09419,0.91755
test_09420,0.98945
test_09421,0.00290
test_09422,0.16788
test_09423,0.98142
test_09424,0.99996
test_09425,0.01296
test_09426,0.97532
test_09427,0.00026
test_09428,0.00441
test_09429,0.99855
test_09430,0.99271
test_09431,0.99965
test_09432,0.00901
test_09433,0.80906
test_09434,0.99996
test_09435,0.99047
test_09436,0.02786
test_09437,0.00365
test_09438,0.73643
test_09439,0.99587
test_09440,0.99967
test_09441,0.34371
test_09442,0.01152
test_09443,0.90793
test_09444,0.88029
test_09445,0.99473
test_09446,0.99469
test_09447,0.32885
test_09448,0.92468
test_09449,0.99988
test_09450,0.99808
test_09451,0.00320
test_09452,0.99714
test_09453,0.99938
test_09454,0.02837
test_09455,1.00000
test_09456,0.99752
test_09457,0.02131
test_09458,0.38858
test_09459,0.99892
test_09460,0.99982
test_09461,0.99972
test_09462,0.52127
test_09463,0.00057
test_09464,0.43885
test_09465,0.99995
test_09466,0.00095
test_09467,0.71413
test_09468,0.98953
test_09469,0.01780
test_09470,0.99998
test_09471,0.25953
test_09472,0.99948
test_09473,0.17465
test_09474,0.99965
test_09475,0.99792
test_09476,0.49434
test_09477,0.04521
test_09478,0.00061
test_09479,0.41063
test_09480,0.01448
test_09481,0.00951
test_09482,0.01031
test_09483,0.56040
test_09484,0.08914
test_09485,0.01489
test_09486,0.97145
test_09487,0.99988
test_09488,0.01672
test_09489,0.72852
test_09490,0.00139
test_09491,0.19090
test_09492,1.00000
test_09493,0.48763
test_09494,0.77292
test_09495,0.04316
test_09496,0.00674
test_09497,0.00105
test_09498,0.95273
test_09499,0.98830
test_09500,1.00000
test_09501,0.99863
test_09502,0.05896
test_09503,0.69810
test_09504,0.74122
test_09505,0.99985
test_09506,0.85931
test_09507,0.99968
test_09508,0.99996
test_09509,0.18919
test_09510,0.99937
test_09511,0.03213
test_09512,0.00851
test_09513,0.00344
test_09514,0.99989
test_09515,0.00030
test_09516,0.37085
test_09517,0.13557
test_09518,0.04103
test_09519,0.99364
test_09520,0.76020
test_09521,1.00000
test_09522,0.00809
test_09523,0.00005
test_09524,0.93451
test_09525,0.99970
test_09526,0.81267
test_09527,0.99833
test_09528,0.12207
test_09529,0.84842
test_09530,0.03107
test_09531,0.19367
test_09532,0.00361
test_09533,0.99605
test_09534,0.98321
test_09535,0.09836
test_09536,0.01200
test_09537,0.99999
test_09538,0.04306
test_09539,0.99285
test_09540,0.00001
test_09541,0.39071
test_09542,0.01678
test_09543,0.99999
test_09544,0.99993
test_09545,0.58462
test_09546,0.00606
test_09547,0.00008
test_09548,0.00004
test_09549,0.95930
test_09550,0.00004
test_09551,0.18646
test_09552,0.99773
test_09553,0.06362
test_09554,0.00086
test_09555,0.00028
test_09556,0.41712
test_09557,0.80558
test_09558,0.00133
test_09559,0.99888
test_09560,0.03939
test_09561,0.00019
test_09562,0.99913
test_09563,0.13404
test_09564,0.90195
test_09565,0.99955
test_09566,0.21450
test_09567,0.99957
test_09568,0.99733
test_09569,0.12245
test_09570,0.01636
test_09571,0.96227
test_09572,0.20532
test_09573,0.99249
test_09574,0.99986
test_09575,0.94477
test_09576,0.90283
test_09577,0.00019
test_09578,0.16551
test_09579,0.99610
test_09580,0.00093
test_09581,0.99991
test_09582,0.99955
test_09583,0.02142
test_09584,0.99683
test_09585,0.37758
test_09586,0.82212
test_09587,0.00034
test_09588,0.99994
test_09589,0.99389
test_09590,0.99338
test_09591,0.99970
test_09592,0.99978
test_09593,0.60424
test_09594,0.99211
test_09595,0.99720
test_09596,1.00000
test_09597,0.99998
test_09598,0.00674
test_09599,0.00080
test_09600,0.46392
test_09601,0.97885
test_09602,0.98861
test_09603,0.00010
test_09604,0.00002
test_09605,0.57946
test_09606,0.03522
test_09607,0.65150
test_09608,0.59538
test_09609,0.99465
test_09610,0.98481
test_09611,0.11686
test_09612,0.99988
test_09613,0.01766
test_09614,0.17072
test_09615,0.01454
test_09616,0.02480
test_09617,0.99999
test_09618,0.00982
test_09619,0.42904
test_09620,0.99195
test_09621,0.99256
test_09622,0.04377
test_09623,0.99999
test_09624,0.04504
test_09625,1.00000
test_09626,0.99985
test_09627,0.21906
test_09628,0.00205
test_09629,0.99946
test_09630,0.97706
test_09631,0.00021
test_09632,0.00050
test_09633,0.99843
test_09634,0.26201
test_09635,0.98043
test_09636,0.00043
test_09637,0.58269
test_09638,0.19497
test_09639,0.99201
test_09640,0.04120
test_09641,0.03744
test_09642,0.00030
test_09643,0.86816
test_09644,0.32855
test_09645,0.99808
test_09646,0.00031
test_09647,0.44386
test_09648,0.88497
test_09649,0.00268
test_09650,0.03107
test_09651,0.06507
test_09652,0.99385
test_09653,0.16761
test_09654,0.00006
test_09655,0.06994
test_09656,0.99999
test_09657,0.00040
test_09658,0.00917
test_09659,0.97108
test_09660,0.89850
test_09661,0.99413
test_09662,0.18479
test_09663,0.99941
test_09664,0.97699
test_09665,0.48401
test_09666,0.99015
test_09667,0.00916
test_09668,0.00000
test_09669,0.99922
test_09670,0.39244
test_09671,0.00267
test_09672,0.61407
test_09673,0.00014
test_09674,0.18437
test_09675,0.24091
test_09676,0.61785
test_09677,0.26314
test_09678,0.99958
test_09679,0.12561
test_09680,1.00000
test_09681,0.90271
test_09682,0.43992
test_09683,0.11847
test_09684,0.60810
test_09685,0.79706
test_09686,0.04478
test_09687,0.00673
test_09688,0.96233
test_09689,0.00002
test_09690,0.54364
test_09691,0.99814
test_09692,0.84049
test_09693,0.99207
test_09694,0.99984
test_09695,0.02182
test_09696,0.14295
test_09697,0.99990
test_09698,0.99864
test_09699,0.33517
test_09700,0.04302
test_09701,0.94620
test_09702,0.99879
test_09703,0.96150
test_09704,0.71715
test_09705,0.99810
test_09706,0.98565
test_09707,1.00000
test_09708,0.97147
test_09709,0.03149
test_09710,0.68462
test_09711,0.02449
test_09712,0.00865
test_09713,0.98121
test_09714,0.99561
test_09715,0.00450
test_09716,0.02532
test_09717,0.93506
test_09718,0.94482
test_09719,0.06738
test_09720,0.97818
test_09721,0.50066
test_09722,0.00011
test_09723,0.97301
test_09724,0.66995
test_09725,0.92481
test_09726,0.03848
test_09727,0.82741
test_09728,0.01660
test_09729,0.37260
test_09730,0.99882
test_09731,0.06308
test_09732,0.10202
test_09733,0.88263
test_09734,0.00255
test_09735,0.05158
test_09736,0.02680
test_09737,0.99085
test_09738,0.00738
test_09739,0.09585
test_09740,0.02811
test_09741,0.12416
test_09742,0.00001
test_09743,0.91115
test_09744,0.99867
test_09745,0.99917
test_09746,0.99776
test_09747,0.68749
test_09748,0.99330
test_09749,0.99993
test_09750,0.99909
test_09751,0.94952
test_09752,0.99594
test_09753,0.99841
test_09754,0.00007
test_09755,0.55057
test_09756,0.99999
test_09757,0.98721
test_09758,0.99735
test_09759,0.99804
test_09760,0.03098
test_09761,0.90921
test_09762,0.00018
test_09763,0.99074
test_09764,0.00150
test_09765,0.00184
test_09766,0.00011
test_09767,0.00706
test_09768,0.99496
test_09769,0.00006
test_09770,0.00210
test_09771,0.97717
test_09772,0.99207
test_09773,0.99927
test_09774,0.00320
test_09775,0.00316
test_09776,0.91424
test_09777,0.75700
test_09778,0.00204
test_09779,0.99720
test_09780,0.00155
test_09781,0.77675
test_09782,0.99618
test_09783,0.99884
test_09784,0.00440
test_09785,0.99994
test_09786,0.03282
test_09787,0.40122
test_09788,0.99998
test_09789,0.10810
test_09790,0.08674
test_09791,0.83268
test_09792,0.94046
test_09793,0.76801
test_09794,0.02493
test_09795,0.94557
test_09796,0.56916
test_09797,0.22811
test_09798,0.99999
test_09799,0.99980
test_09800,0.95635
test_09801,0.00094
test_09802,0.99998
test_09803,0.99755
test_09804,0.94194
test_09805,0.88244
test_09806,0.99990
test_09807,0.99997
test_09808,0.98570
test_09809,0.00521
test_09810,0.99414
test_09811,0.10336
test_09812,0.78673
test_09813,0.00005
test_09814,0.58661
test_09815,0.49796
test_09816,0.26787
test_09817,0.36161
test_09818,0.99917
test_09819,0.95105
test_09820,0.97762
test_09821,0.00002
test_09822,0.99998
test_09823,1.00000
test_09824,0.98239
test_09825,0.99916
test_09826,0.99987
test_09827,0.91708
test_09828,0.90707
test_09829,0.57087
test_09830,0.99892
test_09831,0.99981
test_09832,0.99819
test_09833,0.99995
test_09834,0.99984
test_09835,0.00008
test_09836,0.99801
test_09837,0.99922
test_09838,0.99980
test_09839,0.99786
test_09840,0.43756
test_09841,0.99807
test_09842,0.00638
test_09843,0.00320
test_09844,0.04745
test_09845,0.11472
test_09846,0.97882
test_09847,0.00145
test_09848,0.19803
test_09849,0.99987
test_09850,0.99550
test_09851,0.99738
test_09852,0.99991
test_09853,0.99998
test_09854,0.99831
test_09855,0.00770
test_09856,0.05157
test_09857,0.99295
test_09858,0.53270
test_09859,0.01574
test_09860,0.99372
test_09861,0.99620
test_09862,0.36312
test_09863,0.99903
test_09864,1.00000
test_09865,0.09753
test_09866,0.96757
test_09867,0.00001
test_09868,0.99996
test_09869,0.99961
test_09870,0.73492
test_09871,0.00384
test_09872,0.76090
test_09873,0.98058
test_09874,0.07579
test_09875,1.00000
test_09876,0.85252
test_09877,0.22690
test_09878,0.00250
test_09879,0.00041
test_09880,0.00009
test_09881,0.99993
test_09882,0.01103
test_09883,0.01634
test_09884,0.99964
test_09885,0.99985
test_09886,0.98973
test_09887,0.01276
test_09888,0.82262
test_09889,0.99832
test_09890,0.00135
test_09891,0.97003
test_09892,0.99999
test_09893,0.00020
test_09894,0.99961
test_09895,0.00881
test_09896,0.17305
test_09897,0.98685
test_09898,0.99997
test_09899,0.98891
test_09900,0.00044
test_09901,0.08108
test_09902,0.99786
test_09903,0.05945
test_09904,0.00037
test_09905,0.99971
test_09906,0.43595
test_09907,0.99999
test_09908,0.00013
test_09909,0.81325
test_09910,0.21305
test_09911,0.14600
test_09912,0.00568
test_09913,0.51934
test_09914,0.01569
test_09915,0.02202
test_09916,0.99647
test_09917,0.00497
test_09918,0.00692
test_09919,0.88990
test_09920,0.00009
test_09921,0.99924
test_09922,0.03607
test_09923,0.99412
test_09924,0.89904
test_09925,0.99996
test_09926,0.99385
test_09927,0.03384
test_09928,0.00155
test_09929,0.98031
test_09930,0.99849
test_09931,0.99013
test_09932,1.00000
test_09933,0.01188
test_09934,0.01316
test_09935,0.89929
test_09936,1.00000
test_09937,0.99984
test_09938,0.99887
test_09939,0.68346
test_09940,0.74503
test_09941,0.99805
test_09942,0.91806
test_09943,1.00000
test_09944,0.99998
test_09945,0.99989
test_09946,0.00024
test_09947,0.99972
test_09948,0.80297
test_09949,0.01508
test_09950,0.87359
test_09951,0.99483
test_09952,0.67169
test_09953,0.02743
test_09954,0.05702
test_09955,0.43003
test_09956,0.96669
test_09957,0.12513
test_09958,0.99643
test_09959,0.59986
test_09960,0.99999
test_09961,0.77366
test_09962,0.99962
test_09963,0.90684
test_09964,0.10476
test_09965,0.01164
test_09966,1.00000
test_09967,0.23129
test_09968,0.00057
test_09969,0.89214
test_09970,0.01107
test_09971,0.01409
test_09972,0.36156
test_09973,0.30487
test_09974,0.99932
test_09975,0.00066
test_09976,0.29578
test_09977,0.00468
test_09978,0.78406
test_09979,0.74715
test_09980,0.92845
test_09981,0.96034
test_09982,0.99800
test_09983,0.63933
test_09984,0.00262
test_09985,0.00268
test_09986,0.01928
test_09987,0.00036
test_09988,0.99583
test_09989,0.99721
test_09990,0.00419
test_09991,0.96549
test_09992,0.00132
test_09993,0.00003
test_09994,0.99974
test_09995,0.99999
test_09996,0.99998
test_09997,0.07515
test_09998,0.01058
test_09999,0.99992
test_10000,0.99974
test_10001,0.99994
test_10002,0.99978
test_10003,0.99998
test_10004,0.99976
test_10005,0.00653
test_10006,0.94780
test_10007,0.17584
test_10008,0.99493
test_10009,0.00843
test_10010,0.99990
test_10011,0.94828
test_10012,0.00323
test_10013,0.03742
test_10014,0.00017
test_10015,0.00227
test_10016,0.80776
test_10017,0.94413
test_10018,0.93004
test_10019,0.02074
test_10020,0.01833
test_10021,0.02925
test_10022,0.16636
test_10023,0.00556
test_10024,0.99957
test_10025,0.00134
test_10026,0.99132
test_10027,0.15441
test_10028,0.00046
test_10029,0.99936
test_10030,0.99847
test_10031,0.85553
test_10032,0.01768
test_10033,0.02940
test_10034,0.30334
test_10035,0.98752
test_10036,0.83203
test_10037,0.99995
test_10038,0.99984
test_10039,0.07140
test_10040,0.99995
test_10041,0.92738
test_10042,0.03503
test_10043,0.99845
test_10044,0.98974
test_10045,0.44959
test_10046,0.99911
test_10047,0.94413
test_10048,0.54482
test_10049,0.92405
test_10050,0.99438
test_10051,0.48056
test_10052,0.79387
test_10053,0.01806
test_10054,0.96652
test_10055,0.00717
test_10056,0.99992
test_10057,0.99420
test_10058,0.99492
test_10059,0.99565
test_10060,0.93060
test_10061,0.02883
test_10062,0.00285
test_10063,0.99992
test_10064,0.00000
test_10065,0.00130
test_10066,0.99997
test_10067,0.89261
test_10068,0.66552
test_10069,0.16373
test_10070,0.87491
test_10071,0.99916
test_10072,0.00415
test_10073,0.67246
test_10074,0.00019
test_10075,0.99769
test_10076,0.00710
test_10077,0.74056
test_10078,0.00179
test_10079,0.99808
test_10080,0.00003
test_10081,0.06133
test_10082,0.99978
test_10083,0.95529
test_10084,0.99754
test_10085,0.99088
test_10086,0.97181
test_10087,0.99974
test_10088,0.76891
test_10089,0.40789
test_10090,0.98098
test_10091,0.99978
test_10092,0.99991
test_10093,0.43358
test_10094,0.60858
test_10095,0.99989
test_10096,0.11058
test_10097,0.99993
test_10098,0.00137
test_10099,0.10591
test_10100,1.00000
test_10101,0.99945
test_10102,0.00052
test_10103,0.00690
test_10104,0.99995
test_10105,0.99998
test_10106,0.00015
test_10107,0.02409
test_10108,0.99863
test_10109,0.00159
test_10110,0.00318
test_10111,0.62331
test_10112,0.00480
test_10113,0.88301
test_10114,0.42242
test_10115,0.00002
test_10116,0.00004
test_10117,0.00022
test_10118,0.97202
test_10119,1.00000
test_10120,0.40072
test_10121,0.99944
test_10122,0.24347
test_10123,0.60518
test_10124,0.64384
test_10125,0.00758
test_10126,0.08076
test_10127,0.00206
test_10128,0.08324
test_10129,0.97863
test_10130,0.93873
test_10131,0.00105
test_10132,0.04133
test_10133,0.00000
test_10134,0.17922
test_10135,0.00072
test_10136,0.01322
test_10137,0.00001
test_10138,0.95295
test_10139,0.48974
test_10140,0.14630
test_10141,0.17952
test_10142,0.00033
test_10143,0.00059
test_10144,0.32111
test_10145,0.12150
test_10146,0.00428
test_10147,0.99993
test_10148,0.99853
test_10149,0.00199
test_10150,0.98890
test_10151,0.02913
test_10152,0.00310
test_10153,0.98133
test_10154,0.97658
test_10155,0.01000
test_10156,0.97147
test_10157,0.54745
test_10158,0.00002
test_10159,0.95815
test_10160,0.11749
test_10161,0.53779
test_10162,0.99998
test_10163,0.98701
test_10164,0.00017
test_10165,0.00105
test_10166,0.99882
test_10167,0.99942
test_10168,0.52160
test_10169,0.99992
test_10170,0.00049
test_10171,0.07590
test_10172,0.92023
test_10173,0.99517
test_10174,0.99916
test_10175,0.53883
test_10176,0.00584
test_10177,0.00005
test_10178,0.90359
test_10179,0.56558
test_10180,0.90187
test_10181,0.00095
test_10182,0.99971
test_10183,0.04235
test_10184,0.44481
test_10185,0.64269
test_10186,0.03910
test_10187,0.99886
test_10188,0.99677
test_10189,0.97781
test_10190,0.97389
test_10191,0.33359
test_10192,0.07684
test_10193,0.26723
test_10194,0.96341
test_10195,0.99976
test_10196,0.00043
test_10197,0.99958
test_10198,0.48587
test_10199,0.00221
test_10200,0.85920
test_10201,0.00150
test_10202,0.99879
test_10203,0.99820
test_10204,0.02542
test_10205,0.93438
test_10206,0.32762
test_10207,0.00108
test_10208,0.67419
test_10209,1.00000
test_10210,0.98363
test_10211,0.00029
test_10212,0.99997
test_10213,0.63925
test_10214,0.87647
test_10215,0.00016
test_10216,0.99981
test_10217,0.99968
test_10218,0.99267
test_10219,0.99099
test_10220,0.99868
test_10221,0.91762
test_10222,0.99839
test_10223,0.99989
test_10224,0.57065
test_10225,0.10468
test_10226,0.00477
test_10227,0.03006
test_10228,0.95522
test_10229,0.09938
test_10230,0.00029
test_10231,0.99807
test_10232,0.99974
test_10233,0.99990
test_10234,0.00012
test_10235,0.25029
test_10236,0.70054
test_10237,0.95420
test_10238,0.00145
test_10239,0.99998
test_10240,0.97422
test_10241,0.88687
test_10242,0.93775
test_10243,0.98684
test_10244,0.57880
test_10245,0.76218
test_10246,0.99995
test_10247,0.48846
test_10248,0.67907
test_10249,0.15261
test_10250,0.04753
test_10251,0.99996
test_10252,0.00001
test_10253,0.99992
test_10254,0.00876
test_10255,0.00054
test_10256,0.43538
test_10257,0.07615
test_10258,0.54372
test_10259,0.03098
test_10260,0.98968
test_10261,0.99957
test_10262,0.98655
test_10263,0.99612
test_10264,0.24636
test_10265,0.00007
test_10266,0.05104
test_10267,0.96306
test_10268,0.99885
test_10269,0.16458
test_10270,0.01254
test_10271,0.00056
test_10272,0.32629
test_10273,0.98692
test_10274,0.43666
test_10275,0.97674
test_10276,1.00000
test_10277,0.99965
test_10278,0.95906
test_10279,0.37370
test_10280,0.98465
test_10281,0.00088
test_10282,0.95765
test_10283,0.00001
test_10284,0.17748
test_10285,0.99648
test_10286,0.04460
test_10287,0.60715
test_10288,0.86079
test_10289,0.47392
test_10290,0.99993
test_10291,0.94728
test_10292,0.60359
test_10293,0.99220
test_10294,0.99726
test_10295,0.98714
test_10296,0.94590
test_10297,0.89334
test_10298,0.00056
test_10299,0.00238
test_10300,0.31420
test_10301,0.08040
test_10302,1.00000
test_10303,0.99384
test_10304,0.97434
test_10305,0.74095
test_10306,0.00158
test_10307,0.00001
test_10308,0.01886
test_10309,0.99904
test_10310,0.04940
test_10311,0.47761
test_10312,0.00920
test_10313,0.17032
test_10314,0.99796
test_10315,0.00332
test_10316,0.99998
test_10317,0.60814
test_10318,0.85364
test_10319,0.87065
test_10320,0.77413
test_10321,0.99998
test_10322,0.87061
test_10323,0.07633
test_10324,0.00080
test_10325,0.99423
test_10326,1.00000
test_10327,0.99881
test_10328,0.00451
test_10329,0.99764
test_10330,0.01794
test_10331,0.97766
test_10332,0.99999
test_10333,1.00000
test_10334,0.01581
test_10335,0.00002
test_10336,0.65592
test_10337,0.39076
test_10338,0.74076
test_10339,1.00000
test_10340,1.00000
test_10341,0.00003
test_10342,0.98896
test_10343,0.02467
test_10344,0.90806
test_10345,0.59179
test_10346,0.99535
test_10347,0.99381
test_10348,0.97874
test_10349,0.59672
test_10350,0.93224
test_10351,0.00045
test_10352,0.00034
test_10353,0.00123
test_10354,1.00000
test_10355,0.83791
test_10356,0.02808
test_10357,0.08091
test_10358,0.69413
test_10359,0.01207
test_10360,0.00003
test_10361,0.99998
test_10362,0.73152
test_10363,0.98007
test_10364,0.20977
test_10365,0.27345
test_10366,0.71479
test_10367,0.13461
test_10368,0.46898
test_10369,0.99538
test_10370,0.93507
test_10371,0.99597
test_10372,0.00370
test_10373,0.98580
test_10374,0.00274
test_10375,0.19041
test_10376,0.99983
test_10377,0.00500
test_10378,0.00064
test_10379,0.66789
test_10380,0.99913
test_10381,0.09591
test_10382,0.71099
test_10383,0.99323
test_10384,0.00017
test_10385,0.06380
test_10386,0.11321
test_10387,0.99844
test_10388,0.03068
test_10389,0.00518
test_10390,0.04302
test_10391,0.01384
test_10392,0.01355
test_10393,0.03186
test_10394,0.91000
test_10395,0.98610
test_10396,0.54242
test_10397,0.04653
test_10398,0.96323
test_10399,0.00397
test_10400,0.99999
test_10401,0.03683
test_10402,0.00059
test_10403,0.00051
test_10404,0.07758
test_10405,0.06148
test_10406,0.99474
test_10407,0.99998
test_10408,0.99647
test_10409,0.00088
test_10410,0.00286
test_10411,0.92774
test_10412,0.01123
test_10413,0.02459
test_10414,0.02759
test_10415,0.95273
test_10416,0.02730
test_10417,0.99827
test_10418,0.82556
test_10419,0.99761
test_10420,0.94742
test_10421,0.58240
test_10422,0.53023
test_10423,0.99983
test_10424,0.99883
test_10425,0.01534
test_10426,0.96644
test_10427,0.99971
test_10428,0.05226
test_10429,0.94544
test_10430,0.00048
test_10431,0.00193
test_10432,0.00013
test_10433,0.99998
test_10434,0.99998
test_10435,0.00105
test_10436,0.92198
test_10437,0.02065
test_10438,0.99986
test_10439,0.94953
test_10440,0.00925
test_10441,0.65901
test_10442,0.85885
test_10443,1.00000
test_10444,0.83270
test_10445,0.14722
test_10446,0.99853
test_10447,0.99983
test_10448,0.00005
test_10449,0.99522
test_10450,0.99152
test_10451,0.99998
test_10452,0.99977
test_10453,0.84444
test_10454,0.09753
test_10455,0.60713
test_10456,0.08010
test_10457,0.99612
test_10458,0.65566
test_10459,0.02236
test_10460,0.02926
test_10461,0.59069
test_10462,0.99392
test_10463,0.29165
test_10464,0.39022
test_10465,0.00065
test_10466,0.99870
test_10467,0.98602
test_10468,0.97700
test_10469,0.95008
test_10470,0.99957
test_10471,0.34598
test_10472,0.99954
test_10473,0.99652
test_10474,0.97935
test_10475,0.95136
test_10476,0.00098
test_10477,0.08928
test_10478,0.00006
test_10479,0.99965
test_10480,0.99899
test_10481,0.99193
test_10482,0.00514
test_10483,0.99497
test_10484,0.98793
test_10485,0.00153
test_10486,0.00306
test_10487,0.99973
test_10488,0.00009
test_10489,0.25570
test_10490,0.99797
test_10491,0.02181
test_10492,0.00564
test_10493,0.99969
test_10494,0.29420
test_10495,0.98689
test_10496,0.99227
test_10497,0.00024
test_10498,0.00043
test_10499,0.99906
test_10500,0.99809
test_10501,0.27993
test_10502,0.60483
test_10503,0.93250
test_10504,0.28177
test_10505,0.89135
test_10506,0.99954
test_10507,0.00035
test_10508,0.30186
test_10509,0.99813
test_10510,0.95448
test_10511,0.00108
test_10512,0.01165
test_10513,0.99555
test_10514,0.99992
test_10515,0.00457
test_10516,0.74566
test_10517,0.40720
test_10518,0.44166
test_10519,0.00048
test_10520,0.99996
test_10521,0.99536
test_10522,0.37266
test_10523,0.99995
test_10524,0.93985
test_10525,0.99224
test_10526,0.99974
test_10527,0.61261
test_10528,0.99465
test_10529,0.99690
test_10530,0.45350
test_10531,0.99980
test_10532,0.01376
test_10533,0.88299
test_10534,0.68878
test_10535,0.04585
test_10536,0.99983
test_10537,0.99845
test_10538,0.00025
test_10539,0.84845
test_10540,0.01560
test_10541,0.00605
test_10542,0.99987
test_10543,0.91557
test_10544,0.01623
test_10545,0.25470
test_10546,0.14998
test_10547,0.93281
test_10548,0.00097
test_10549,0.83808
test_10550,0.99985
test_10551,0.00363
test_10552,0.99992
test_10553,0.00054
test_10554,0.99999
test_10555,0.99910
test_10556,0.00034
test_10557,0.19555
test_10558,0.01976
test_10559,0.99971
test_10560,0.99808
test_10561,0.98420
test_10562,0.99887
test_10563,0.99845
test_10564,0.99990
test_10565,0.98930
test_10566,0.98685
test_10567,0.00051
test_10568,0.98521
test_10569,0.80030
test_10570,0.97892
test_10571,0.99991
test_10572,0.99997
test_10573,0.99705
test_10574,0.98053
test_10575,0.99776
test_10576,0.82682
test_10577,0.79071
test_10578,0.00572
test_10579,0.08165
test_10580,0.01067
test_10581,0.00295
test_10582,0.99980
test_10583,0.03893
test_10584,0.98923
test_10585,0.00022
test_10586,0.00031
test_10587,0.00455
test_10588,0.00050
test_10589,0.04646
test_10590,0.05577
test_10591,0.00077
test_10592,0.42167
test_10593,0.99844
test_10594,0.99947
test_10595,0.11542
test_10596,0.99903
test_10597,0.00033
test_10598,0.99988
test_10599,0.99998
test_10600,0.00048
test_10601,0.03327
test_10602,0.96530
test_10603,0.99488
test_10604,0.96736
test_10605,0.99846
test_10606,1.00000
test_10607,0.01489
test_10608,0.11221
test_10609,0.98994
test_10610,0.49703
test_10611,0.83574
test_10612,0.00217
test_10613,0.00900
test_10614,0.00283
test_10615,0.99901
test_10616,0.99997
test_10617,0.97391
test_10618,0.99976
test_10619,0.99766
test_10620,0.99937
test_10621,0.99980
test_10622,0.92149
test_10623,0.00586
test_10624,0.00281
test_10625,0.24175
test_10626,0.00080
test_10627,0.97564
test_10628,0.99962
test_10629,0.99794
test_10630,0.87081
test_10631,0.88050
test_10632,0.58691
test_10633,0.99759
test_10634,0.99999
test_10635,0.00010
test_10636,0.56324
test_10637,0.98903
test_10638,0.09496
test_10639,0.99803
test_10640,0.00229
test_10641,0.99996
test_10642,0.98136
test_10643,0.99954
test_10644,0.99956
test_10645,0.94940
test_10646,0.01176
test_10647,0.61999
test_10648,0.09629
test_10649,0.99998
test_10650,0.72890
test_10651,0.21512
test_10652,0.01358
test_10653,0.99993
test_10654,0.43834
test_10655,0.01790
test_10656,1.00000
test_10657,0.00169
test_10658,0.93065
test_10659,0.97059
test_10660,0.74489
test_10661,0.99979
test_10662,0.00741
test_10663,0.35776
test_10664,0.99995
test_10665,0.75536
test_10666,0.49680
test_10667,0.86004
test_10668,0.90743
test_10669,0.59943
test_10670,0.00001
test_10671,0.23314
test_10672,0.38120
test_10673,0.96482
test_10674,0.10324
test_10675,0.93671
test_10676,0.99794
test_10677,0.99962
test_10678,0.83051
test_10679,0.98707
test_10680,0.02456
test_10681,1.00000
test_10682,0.99941
test_10683,0.03941
test_10684,0.00031
test_10685,0.86774
test_10686,0.99566
test_10687,0.42034
test_10688,0.06461
test_10689,0.00052
test_10690,0.99995
test_10691,0.01575
test_10692,0.38408
test_10693,0.00003
test_10694,0.28609
test_10695,0.99999
test_10696,0.47862
test_10697,0.00002
test_10698,0.98989
test_10699,0.99799
test_10700,0.00004
test_10701,0.64697
test_10702,0.00013
test_10703,0.47416
test_10704,0.97917
test_10705,0.34011
test_10706,0.00275
test_10707,0.99992
test_10708,1.00000
test_10709,0.99981
test_10710,0.98972
test_10711,0.99868
test_10712,0.99980
test_10713,0.23201
test_10714,0.98948
test_10715,0.94926
test_10716,0.71743
test_10717,0.99997
test_10718,0.80234
test_10719,0.82475
test_10720,0.99424
test_10721,0.00000
test_10722,0.99551
test_10723,0.00225
test_10724,0.09662
test_10725,0.21698
test_10726,0.12754
test_10727,0.02587
test_10728,0.00562
test_10729,0.00504
test_10730,0.17300
test_10731,0.00143
test_10732,0.98625
test_10733,0.02720
test_10734,0.05678
test_10735,0.99689
test_10736,0.03652
test_10737,0.00056
test_10738,0.99933
test_10739,0.99999
test_10740,0.99933
test_10741,0.99991
test_10742,0.82288
test_10743,0.99993
test_10744,0.14003
test_10745,0.65833
test_10746,0.02259
test_10747,0.99939
test_10748,0.96168
test_10749,0.99999
test_10750,0.99236
test_10751,0.00141
test_10752,0.99931
test_10753,0.99950
test_10754,0.99205
test_10755,0.00009
test_10756,0.99453
test_10757,0.02314
test_10758,0.00947
test_10759,0.01355
test_10760,0.01329
test_10761,0.00044
test_10762,0.99374
test_10763,0.95647
test_10764,0.99982
test_10765,0.31104
test_10766,0.99978
test_10767,0.77152
test_10768,0.93146
test_10769,0.00547
test_10770,0.00024
test_10771,0.99216
test_10772,0.00222
test_10773,1.00000
test_10774,0.95940
test_10775,0.18421
test_10776,0.17989
test_10777,0.00039
test_10778,0.99995
test_10779,0.99531
test_10780,0.99999
test_10781,0.99998
test_10782,0.82396
test_10783,0.01589
test_10784,0.00000
test_10785,0.77072
test_10786,0.79628
test_10787,0.99999
test_10788,0.01240
test_10789,0.00290
test_10790,0.03965
test_10791,0.35792
test_10792,0.99998
test_10793,0.99750
test_10794,0.05111
test_10795,0.41729
test_10796,0.70148
test_10797,0.05945
test_10798,0.39340
test_10799,0.00422
test_10800,0.99129
test_10801,0.01408
test_10802,0.00048
test_10803,0.78634
test_10804,0.99915
test_10805,0.00129
test_10806,0.99992
test_10807,0.99674
test_10808,0.99951
test_10809,0.99976
test_10810,0.99185
test_10811,0.99506
test_10812,0.37523
test_10813,0.00027
test_10814,0.00125
test_10815,0.99925
test_10816,0.00144
test_10817,0.56104
test_10818,0.99997
test_10819,0.95520
test_10820,0.00032
test_10821,0.02466
test_10822,0.53221
test_10823,0.00315
test_10824,0.00001
test_10825,0.98518
test_10826,0.99904
test_10827,0.72318
test_10828,0.99912
test_10829,0.00456
test_10830,0.99999
test_10831,0.35955
test_10832,0.05780
test_10833,0.38883
test_10834,1.00000
test_10835,0.00529
test_10836,0.00008
test_10837,0.08829
test_10838,0.52751
test_10839,0.11606
test_10840,0.99474
test_10841,0.00141
test_10842,0.54703
test_10843,0.00007
test_10844,0.01077
test_10845,0.00002
test_10846,0.99999
test_10847,0.12210
test_10848,0.00774
test_10849,0.00097
test_10850,0.00034
test_10851,0.00049
test_10852,0.00129
test_10853,0.00634
test_10854,0.83864
test_10855,0.03636
test_10856,0.00003
test_10857,0.99761
test_10858,0.03734
test_10859,0.96155
test_10860,0.00088
test_10861,0.16266
test_10862,0.12134
test_10863,0.99967
test_10864,0.79991
test_10865,0.98880
test_10866,0.98811
test_10867,0.95338
test_10868,0.00177
test_10869,0.01099
test_10870,0.29020
test_10871,0.00013
test_10872,0.99997
test_10873,0.99843
test_10874,0.08993
test_10875,0.48493
test_10876,0.07074
test_10877,0.97311
test_10878,0.89472
test_10879,0.01776
test_10880,0.94411
test_10881,0.00003
test_10882,0.16912
test_10883,0.54524
test_10884,0.99995
test_10885,0.32654
test_10886,0.65762
test_10887,0.96200
test_10888,0.98849
test_10889,0.34154
test_10890,0.22572
test_10891,0.07655
test_10892,0.99951
test_10893,0.02573
test_10894,0.25418
test_10895,0.99973
test_10896,0.00119
test_10897,0.02495
test_10898,0.98761
test_10899,0.90045
test_10900,0.04006
test_10901,0.99257
test_10902,0.95792
test_10903,0.61914
test_10904,0.98240
test_10905,0.95423
test_10906,0.95970
test_10907,0.00002
test_10908,0.21891
test_10909,0.99135
test_10910,0.00047
test_10911,0.00020
test_10912,0.98523
test_10913,0.00121
test_10914,1.00000
test_10915,0.96742
test_10916,0.00162
test_10917,0.05293
test_10918,0.00804
test_10919,0.00097
test_10920,0.99093
test_10921,0.98248
test_10922,0.94342
test_10923,1.00000
test_10924,1.00000
test_10925,0.89131
test_10926,0.00208
test_10927,0.79987
test_10928,0.12325
test_10929,0.00411
test_10930,0.92091
test_10931,0.17165
test_10932,0.99985
test_10933,0.97633
test_10934,0.00001
test_10935,0.00397
test_10936,0.54981
test_10937,0.99991
test_10938,0.10663
test_10939,0.58572
test_10940,0.00002
test_10941,0.00720
test_10942,0.97321
test_10943,0.00222
test_10944,0.89377
test_10945,0.00006
test_10946,0.00060
test_10947,0.99911
test_10948,0.00702
test_10949,0.01376
test_10950,0.04319
test_10951,0.98589
test_10952,0.00025
test_10953,0.98636
test_10954,0.99996
test_10955,0.99247
test_10956,0.09124
test_10957,0.00556
test_10958,0.03820
test_10959,0.01240
test_10960,0.99968
test_10961,0.99741
test_10962,0.00571
test_10963,0.54130
test_10964,0.31111
test_10965,0.10563
test_10966,0.00294
test_10967,0.95265
test_10968,0.00196
test_10969,0.92306
test_10970,0.28927
test_10971,0.94901
test_10972,0.87215
test_10973,0.00010
test_10974,0.05362
test_10975,0.99999
test_10976,0.73346
test_10977,0.93670
test_10978,0.79911
test_10979,0.01050
test_10980,0.99997
test_10981,0.96271
test_10982,0.99966
test_10983,0.00129
test_10984,0.99995
test_10985,0.99994
test_10986,0.00072
test_10987,0.99881
test_10988,0.00044
test_10989,0.04350
test_10990,0.27481
test_10991,0.00183
test_10992,0.99980
test_10993,0.99654
test_10994,0.00198
test_10995,0.03424
test_10996,0.99387
test_10997,0.99976
test_10998,0.00003
test_10999,0.04124
test_11000,0.19789
test_11001,0.99962
test_11002,0.00123
test_11003,0.08861
test_11004,0.62971
test_11005,0.99934
test_11006,0.00087
test_11007,0.00092
test_11008,0.21178
test_11009,0.05416
test_11010,0.99679
test_11011,0.99692
test_11012,0.00664
test_11013,0.99816
test_11014,0.99945
test_11015,0.97893
test_11016,0.11274
test_11017,0.00754
test_11018,0.99801
test_11019,0.00199
test_11020,0.03947
test_11021,0.98172
test_11022,0.93895
test_11023,0.01365
test_11024,0.99291
test_11025,0.73104
test_11026,0.99873
test_11027,0.99994
test_11028,0.99411
test_11029,0.84977
test_11030,0.99999
test_11031,0.00095
test_11032,0.00823
test_11033,0.07032
test_11034,0.00158
test_11035,0.99998
test_11036,0.93769
test_11037,0.00949
test_11038,0.99952
test_11039,0.00098
test_11040,0.99898
test_11041,0.93676
test_11042,0.28890
test_11043,0.99976
test_11044,0.99994
test_11045,0.91944
test_11046,0.99983
test_11047,0.79258
test_11048,0.99628
test_11049,0.99399
test_11050,0.00022
test_11051,0.99976
test_11052,0.99865
test_11053,0.99981
test_11054,0.97583
test_11055,0.01360
test_11056,0.99988
test_11057,0.00011
test_11058,0.99957
test_11059,0.63495
test_11060,0.92414
test_11061,0.00294
test_11062,0.99287
test_11063,0.02214
test_11064,0.99440
test_11065,0.97245
test_11066,1.00000
test_11067,0.00078
test_11068,0.00115
test_11069,0.99984
test_11070,0.99994
test_11071,0.99996
test_11072,0.00026
test_11073,0.00281
test_11074,0.00053
test_11075,0.99996
test_11076,0.98579
test_11077,0.24153
test_11078,0.00226
test_11079,0.99988
test_11080,0.09795
test_11081,0.00003
test_11082,0.02870
test_11083,0.08091
test_11084,0.98231
test_11085,0.36608
test_11086,0.04199
test_11087,0.99955
test_11088,0.00008
test_11089,0.28788
test_11090,0.96237
test_11091,0.99999
test_11092,0.00171
test_11093,0.99661
test_11094,0.98256
test_11095,0.92046
test_11096,0.58462
test_11097,0.54269
test_11098,0.61754
test_11099,0.99709
test_11100,0.99995
test_11101,0.04496
test_11102,0.98830
test_11103,0.99938
test_11104,0.99975
test_11105,0.04404
test_11106,0.60256
test_11107,0.99857
test_11108,0.97957
test_11109,0.76611
test_11110,0.99540
test_11111,1.00000
test_11112,0.27431
test_11113,0.41251
test_11114,0.51712
test_11115,0.98714
test_11116,0.99986
test_11117,0.95515
test_11118,0.99997
test_11119,0.98734
test_11120,0.00209
test_11121,0.91722
test_11122,0.94054
test_11123,0.99991
test_11124,0.99997
test_11125,0.99988
test_11126,0.99898
test_11127,0.99002
test_11128,0.01581
test_11129,0.95144
test_11130,1.00000
test_11131,0.03854
test_11132,0.94963
test_11133,0.04388
test_11134,0.21449
test_11135,0.92219
test_11136,0.99992
test_11137,0.05923
test_11138,0.99992
test_11139,0.15623
test_11140,0.99740
test_11141,0.84760
test_11142,0.00287
test_11143,0.40372
test_11144,0.98406
test_11145,0.06682
test_11146,0.00065
test_11147,0.99988
test_11148,0.00706
test_11149,0.09195
test_11150,0.99994
test_11151,0.01156
test_11152,0.99962
test_11153,0.99696
test_11154,0.93293
test_11155,0.00260
test_11156,0.82378
test_11157,0.99906
test_11158,0.01975
test_11159,0.11643
test_11160,0.94587
test_11161,0.37309
test_11162,0.00004
test_11163,0.01680
test_11164,0.11750
test_11165,0.87198
test_11166,0.81829
test_11167,0.00005
test_11168,0.20651
test_11169,0.99990
test_11170,0.91947
test_11171,0.00335
test_11172,0.70495
test_11173,0.90934
test_11174,0.00544
test_11175,0.00719
test_11176,0.05062
test_11177,0.00230
test_11178,0.00123
test_11179,0.02823
test_11180,0.12112
test_11181,0.99660
test_11182,0.05159
test_11183,0.00353
test_11184,0.99645
test_11185,0.98697
test_11186,0.00273
test_11187,0.00004
test_11188,0.99975
test_11189,0.01073
test_11190,0.00001
test_11191,0.99986
test_11192,0.02460
test_11193,0.00069
test_11194,0.70796
test_11195,1.00000
test_11196,0.98473
test_11197,0.96998
test_11198,0.96710
test_11199,0.00997
test_11200,0.00116
test_11201,0.04258
test_11202,0.97939
test_11203,0.99988
test_11204,0.04976
test_11205,0.09467
test_11206,0.94739
test_11207,0.00095
test_11208,0.96536
test_11209,0.00030
test_11210,0.99925
test_11211,0.00007
test_11212,0.94530
test_11213,0.53404
test_11214,0.07010
test_11215,0.00019
test_11216,0.00136
test_11217,0.93629
test_11218,0.99509
test_11219,0.12952
test_11220,0.99974
test_11221,0.09959
test_11222,0.00106
test_11223,0.04941
test_11224,0.99998
test_11225,0.00015
test_11226,0.32394
test_11227,0.98140
test_11228,0.47228
test_11229,0.99902
test_11230,0.00419
test_11231,0.99693
test_11232,0.00002
test_11233,0.97984
test_11234,0.99962
test_11235,0.57618
test_11236,0.09625
test_11237,0.00091
test_11238,0.99895
test_11239,0.99554
test_11240,0.99986
test_11241,0.46620
test_11242,0.99855
test_11243,0.97050
test_11244,0.08574
test_11245,0.17033
test_11246,1.00000
test_11247,0.00050
test_11248,1.00000
test_11249,0.00836
test_11250,0.99988
test_11251,0.99905
test_11252,0.16042
test_11253,0.30992
test_11254,0.99875
test_11255,0.26145
test_11256,0.99978
test_11257,0.99820
test_11258,0.94820
test_11259,0.00022
test_11260,0.00002
test_11261,0.00158
test_11262,0.99987
test_11263,0.85390
test_11264,0.40857
test_11265,0.90254
test_11266,0.15544
test_11267,0.12112
test_11268,0.99701
test_11269,0.23920
test_11270,0.99995
test_11271,0.98036
test_11272,0.00000
test_11273,0.89735
test_11274,0.99691
test_11275,0.93940
test_11276,0.00042
test_11277,1.00000
test_11278,0.00008
test_11279,0.68852
test_11280,0.99521
test_11281,0.95260
test_11282,0.75378
test_11283,0.00078
test_11284,0.01135
test_11285,0.00046
test_11286,0.00156
test_11287,0.99984
test_11288,0.99624
test_11289,0.00039
test_11290,0.91712
test_11291,0.99996
test_11292,0.99955
test_11293,0.10550
test_11294,0.99525
test_11295,0.97876
test_11296,0.00001
test_11297,0.99998
test_11298,0.01192
test_11299,0.99857
test_11300,0.99922
test_11301,0.99907
test_11302,0.00298
test_11303,0.98179
test_11304,0.99563
test_11305,0.00234
test_11306,0.99937
test_11307,0.99424
test_11308,0.99991
test_11309,0.00000
test_11310,0.43177
test_11311,0.00007
test_11312,0.84722
test_11313,0.00003
test_11314,0.35964
test_11315,0.54828
test_11316,0.06504
test_11317,0.04641
test_11318,0.69468
test_11319,0.00060
test_11320,0.80381
test_11321,0.05433
test_11322,0.00034
test_11323,0.00569
test_11324,0.74281
test_11325,0.16315
test_11326,0.00003
test_11327,0.29774
test_11328,0.99983
test_11329,0.02684
test_11330,0.83585
test_11331,0.03522
test_11332,0.99978
test_11333,0.89105
test_11334,0.08203
test_11335,0.95525
test_11336,0.64408
test_11337,0.99790
test_11338,0.01666
test_11339,0.57986
test_11340,0.87716
test_11341,0.95063
test_11342,0.80845
test_11343,0.97645
test_11344,0.02097
test_11345,0.58360
test_11346,0.04479
test_11347,0.25026
test_11348,0.60533
test_11349,0.00003
test_11350,0.47186
test_11351,0.00017
test_11352,0.00092
test_11353,0.99945
test_11354,0.00407
test_11355,0.04533
test_11356,0.08384
test_11357,0.00966
test_11358,0.11267
test_11359,0.15535
test_11360,0.94843
test_11361,0.00490
test_11362,0.00000
test_11363,0.00739
test_11364,0.00128
test_11365,0.00176
test_11366,0.99970
test_11367,0.24780
test_11368,0.01218
test_11369,0.64929
test_11370,0.96744
test_11371,0.04739
test_11372,0.00741
test_11373,0.00001
test_11374,0.80817
test_11375,0.00001
test_11376,0.28955
test_11377,0.97654
test_11378,0.22661
test_11379,0.05534
test_11380,0.00006
test_11381,0.17134
test_11382,0.99850
test_11383,0.11478
test_11384,0.04956
test_11385,0.94393
test_11386,0.78291
test_11387,1.00000
test_11388,0.00293
test_11389,0.09553
test_11390,0.73848
test_11391,0.99945
test_11392,0.99996
test_11393,0.18323
test_11394,0.99774
test_11395,0.34515
test_11396,0.97092
test_11397,0.00004
test_11398,0.99818
test_11399,0.25294
test_11400,0.53794
test_11401,0.99713
test_11402,0.60150
test_11403,0.00116
test_11404,0.99756
test_11405,0.18537
test_11406,0.00000
test_11407,0.00003
test_11408,0.11767
test_11409,0.00081
test_11410,0.00006
test_11411,0.11988
test_11412,0.99970
test_11413,0.00041
test_11414,0.40057
test_11415,0.94641
test_11416,0.00003
test_11417,0.99993
test_11418,0.05799
test_11419,0.94087
test_11420,0.00081
test_11421,0.00517
test_11422,0.20896
test_11423,0.16526
test_11424,0.99765
test_11425,0.00534
test_11426,0.00363
test_11427,0.99913
test_11428,0.00067
test_11429,0.99983
test_11430,0.00945
test_11431,0.99972
test_11432,0.99263
test_11433,0.00802
test_11434,0.99998
test_11435,1.00000
test_11436,0.91731
test_11437,0.99095
test_11438,0.00090
test_11439,0.02692
test_11440,0.00018
test_11441,0.00138
test_11442,0.24627
test_11443,0.98670
test_11444,0.00510
test_11445,0.17820
test_11446,0.00006
test_11447,0.99956
test_11448,0.78047
test_11449,0.99958
test_11450,0.99935
test_11451,0.99766
test_11452,0.75533
test_11453,0.00059
test_11454,0.00131
test_11455,0.34565
test_11456,0.00001
test_11457,0.40795
test_11458,0.53878
test_11459,0.00787
test_11460,0.00514
test_11461,0.72185
test_11462,0.83896
test_11463,0.11882
test_11464,0.99992
test_11465,0.99917
test_11466,0.33726
test_11467,0.00002
test_11468,0.44883
test_11469,0.03587
test_11470,0.08753
test_11471,0.98703
test_11472,0.12246
test_11473,0.98242
test_11474,0.93514
test_11475,0.39057
test_11476,0.03237
test_11477,0.72454
test_11478,0.95917
test_11479,0.00163
test_11480,0.99266
test_11481,0.00316
test_11482,0.30635
test_11483,0.72395
test_11484,0.00247
test_11485,0.99920
test_11486,0.99724
test_11487,0.96992
test_11488,0.02415
test_11489,1.00000
test_11490,0.99915
test_11491,0.00350
test_11492,0.99698
test_11493,0.99945
test_11494,0.14558
test_11495,0.28171
test_11496,0.93322
test_11497,0.99814
test_11498,0.02348
test_11499,0.91180
test_11500,0.04909
test_11501,0.08834
test_11502,0.00021
test_11503,0.11182
test_11504,0.99752
test_11505,0.94855
test_11506,0.00009
test_11507,0.00045
test_11508,0.00005
test_11509,0.00066
test_11510,0.00037
test_11511,0.00067
test_11512,0.00034
test_11513,0.00041
test_11514,0.11514
test_11515,0.00445
test_11516,0.09814
test_11517,0.99725
test_11518,0.00534
test_11519,0.88238
test_11520,0.89736
test_11521,0.18938
test_11522,0.00023
test_11523,0.35747
test_11524,0.03394
test_11525,0.99991
test_11526,0.14842
test_11527,0.48095
test_11528,0.11559
test_11529,0.00015
test_11530,0.39716
test_11531,0.99982
test_11532,0.99836
test_11533,0.19665
test_11534,0.99905
test_11535,0.84814
test_11536,0.99964
test_11537,0.97978
test_11538,0.30366
test_11539,0.99948
test_11540,0.99169
test_11541,0.97589
test_11542,0.00429
test_11543,1.00000
test_11544,0.00301
test_11545,0.92428
test_11546,0.00254
test_11547,0.99776
test_11548,0.80485
test_11549,0.00036
test_11550,0.99198
test_11551,0.22217
test_11552,0.99985
test_11553,0.89499
test_11554,0.56373
test_11555,1.00000
test_11556,0.74046
test_11557,0.99984
test_11558,0.99916
test_11559,0.23724
test_11560,0.79040
test_11561,0.02070
test_11562,0.99909
test_11563,0.99178
test_11564,0.34122
test_11565,0.03150
test_11566,0.00165
test_11567,0.74790
test_11568,0.01870
test_11569,0.25447
test_11570,0.00017
test_11571,0.54969
test_11572,0.05460
test_11573,0.99402
test_11574,0.99507
test_11575,0.99871
test_11576,0.98701
test_11577,0.99997
test_11578,0.01217
test_11579,0.99920
test_11580,0.99991
test_11581,0.99145
test_11582,0.00074
test_11583,0.93682
test_11584,0.99918
test_11585,0.00271
test_11586,1.00000
test_11587,0.99997
test_11588,0.99843
test_11589,0.97983
test_11590,0.99903
test_11591,0.57880
test_11592,1.00000
test_11593,0.14510
test_11594,0.97707
test_11595,0.00855
test_11596,0.99989
test_11597,1.00000
test_11598,0.49633
test_11599,0.00336
test_11600,0.30149
test_11601,0.99999
test_11602,0.00062
test_11603,0.97241
test_11604,0.99885
test_11605,0.99986
test_11606,0.12561
test_11607,0.99879
test_11608,0.68984
test_11609,1.00000
test_11610,0.76887
test_11611,0.99655
test_11612,0.99826
test_11613,0.99924
test_11614,0.75193
test_11615,0.01845
test_11616,0.99904
test_11617,0.99565
test_11618,0.99994
test_11619,0.97265
test_11620,0.00321
test_11621,0.00058
test_11622,0.44145
test_11623,0.00999
test_11624,0.99710
test_11625,0.99808
test_11626,0.99203
test_11627,0.99930
test_11628,0.00222
test_11629,0.88251
test_11630,0.00005
test_11631,0.00005
test_11632,0.05368
test_11633,0.66492
test_11634,0.89258
test_11635,0.99676
test_11636,0.99990
test_11637,0.99602
test_11638,0.47714
test_11639,0.55401
test_11640,0.98087
test_11641,0.99977
test_11642,0.99983
test_11643,0.26490
test_11644,0.99887
test_11645,0.61423
test_11646,0.00011
test_11647,0.93637
test_11648,0.99872
test_11649,0.61308
test_11650,0.90680
test_11651,0.96646
test_11652,0.00623
test_11653,0.00056
test_11654,0.03081
test_11655,0.95099
test_11656,0.90809
test_11657,0.01148
test_11658,0.03800
test_11659,0.01717
test_11660,0.99998
test_11661,0.01943
test_11662,0.98466
test_11663,0.00197
test_11664,0.60167
test_11665,0.70616
test_11666,0.00316
test_11667,0.00500
test_11668,0.99896
test_11669,0.99961
test_11670,0.09936
test_11671,0.98866
test_11672,0.99948
test_11673,0.00862
test_11674,0.30557
test_11675,0.65564
test_11676,0.99469
test_11677,0.83282
test_11678,0.00386
test_11679,0.97701
test_11680,0.03550
test_11681,0.06666
test_11682,0.68829
test_11683,0.00378
test_11684,1.00000
test_11685,0.44838
test_11686,0.99989
test_11687,0.97547
test_11688,0.04507
test_11689,0.02521
test_11690,0.99797
test_11691,0.99236
test_11692,0.62506
test_11693,0.74663
test_11694,0.00044
test_11695,0.99861
test_11696,0.04001
test_11697,0.00011
test_11698,0.41690
test_11699,0.57384
test_11700,0.67181
test_11701,0.97842
test_11702,0.01913
test_11703,0.00417
test_11704,0.99897
test_11705,0.96425
test_11706,0.99748
test_11707,0.28372
test_11708,0.99998
test_11709,0.62432
test_11710,0.99955
test_11711,0.41080
test_11712,0.85372
test_11713,0.86874
test_11714,0.99977
test_11715,1.00000
test_11716,0.10168
test_11717,0.00048
test_11718,0.00703
test_11719,0.00836
test_11720,0.99989
test_11721,0.99991
test_11722,0.99890
test_11723,0.76324
test_11724,0.00000
test_11725,0.43115
test_11726,0.99546
test_11727,0.99988
test_11728,0.99760
test_11729,0.99798
test_11730,0.00031
test_11731,0.04964
test_11732,0.99988
test_11733,0.99999
test_11734,0.02929
test_11735,0.98640
test_11736,0.02752
test_11737,0.00170
test_11738,0.99994
test_11739,0.99701
test_11740,0.33946
test_11741,0.81612
test_11742,0.95759
test_11743,0.15883
test_11744,0.98066
test_11745,0.00363
test_11746,0.99085
test_11747,0.02941
test_11748,0.00562
test_11749,0.99608
test_11750,0.02548
test_11751,0.83322
test_11752,0.99928
test_11753,0.14281
test_11754,0.79721
test_11755,0.97764
test_11756,0.98666
test_11757,0.34664
test_11758,0.00002
test_11759,0.97270
test_11760,0.46415
test_11761,0.99996
test_11762,0.97705
test_11763,0.96342
test_11764,0.99953
test_11765,0.01577
test_11766,0.09861
test_11767,0.06902
test_11768,0.78665
test_11769,0.98518
test_11770,0.09175
test_11771,0.99689
test_11772,0.99999
test_11773,0.05449
test_11774,0.09152
test_11775,0.99818
test_11776,0.45265
test_11777,0.97403
test_11778,0.99969
test_11779,0.97298
test_11780,0.99999
test_11781,0.00189
test_11782,0.00201
test_11783,0.25248
test_11784,0.99947
test_11785,0.00474
test_11786,0.96141
test_11787,0.00824
test_11788,0.00433
test_11789,0.02768
test_11790,0.00066
test_11791,0.99965
test_11792,0.56952
test_11793,0.91726
test_11794,0.97110
test_11795,0.98730
test_11796,0.00006
test_11797,0.97374
test_11798,0.00426
test_11799,0.99977
test_11800,0.01934
test_11801,0.01868
test_11802,0.00236
test_11803,0.01320
test_11804,0.00893
test_11805,0.49295
test_11806,0.30925
test_11807,1.00000
test_11808,0.99462
test_11809,0.91727
test_11810,0.84497
test_11811,0.00240
test_11812,0.73255
test_11813,0.00008
test_11814,0.00522
test_11815,0.01494
test_11816,0.99182
test_11817,0.00291
test_11818,0.00284
test_11819,0.82195
test_11820,0.99667
test_11821,1.00000
test_11822,0.99950
test_11823,1.00000
test_11824,0.97159
test_11825,0.99994
test_11826,0.03042
test_11827,0.98772
test_11828,0.00013
test_11829,0.81893
test_11830,0.97504
test_11831,0.00890
test_11832,0.94595
test_11833,0.00524
test_11834,0.97467
test_11835,0.19649
test_11836,0.96727
test_11837,0.99981
test_11838,0.00637
test_11839,0.12084
test_11840,0.45786
test_11841,0.31336
test_11842,0.03212
test_11843,0.00200
test_11844,0.00825
test_11845,0.99475
test_11846,0.96513
test_11847,0.96903
test_11848,0.99905
test_11849,0.00004
test_11850,0.99496
test_11851,0.28965
test_11852,0.35790
test_11853,0.99999
test_11854,0.01779
test_11855,0.29753
test_11856,0.97735
test_11857,0.00025
test_11858,0.99945
test_11859,0.85488
test_11860,0.98915
test_11861,0.21992
test_11862,0.03841
test_11863,0.01329
test_11864,0.99193
test_11865,0.98540
test_11866,0.99385
test_11867,0.99934
test_11868,0.01249
test_11869,0.99996
test_11870,0.99535
test_11871,0.99970
test_11872,0.99980
test_11873,0.37166
test_11874,0.99506
test_11875,0.93666
test_11876,0.99529
test_11877,0.99618
test_11878,0.29671
test_11879,0.97354
test_11880,0.04107
test_11881,1.00000
test_11882,0.99844
test_11883,0.02429
test_11884,0.99807
test_11885,0.81778
test_11886,0.00620
test_11887,0.99994
test_11888,0.33114
test_11889,0.02302
test_11890,0.10047
test_11891,0.48410
test_11892,0.00015
test_11893,0.99806
test_11894,0.07706
test_11895,0.05814
test_11896,1.00000
test_11897,0.00372
test_11898,0.00805
test_11899,0.87960
test_11900,0.96911
test_11901,0.32962
test_11902,0.99442
test_11903,0.99309
test_11904,1.00000
test_11905,1.00000
test_11906,0.00002
test_11907,0.71699
test_11908,0.00130
test_11909,0.00127
test_11910,0.98661
test_11911,0.23248
test_11912,0.48257
test_11913,0.00829
test_11914,0.00634
test_11915,0.01584
test_11916,0.08271
test_11917,0.04319
test_11918,0.99617
test_11919,0.98530
test_11920,0.99998
test_11921,0.15843
test_11922,0.03325
test_11923,0.95293
test_11924,0.99984
test_11925,0.99942
test_11926,0.99930
test_11927,0.88498
test_11928,0.77699
test_11929,0.03262
test_11930,0.99871
test_11931,0.53186
test_11932,0.00632
test_11933,0.76925
test_11934,0.37578
test_11935,0.00022
test_11936,0.99402
test_11937,0.08868
test_11938,0.99998
test_11939,0.30856
test_11940,0.98762
test_11941,0.00201
test_11942,0.99957
test_11943,0.03038
test_11944,0.00668
test_11945,0.99998
test_11946,0.83547
test_11947,0.19222
test_11948,0.00074
test_11949,0.37286
test_11950,0.00117
test_11951,0.00077
test_11952,0.00056
test_11953,0.94520
test_11954,0.35411
test_11955,0.99872
test_11956,0.19632
test_11957,0.99693
test_11958,0.33883
test_11959,0.67410
test_11960,0.00069
test_11961,0.37979
test_11962,0.00933
test_11963,0.41119
test_11964,0.49794
test_11965,0.96977
test_11966,0.94667
test_11967,0.00798
test_11968,0.99756
test_11969,0.00000
test_11970,0.22030
test_11971,0.00083
test_11972,0.99999
test_11973,0.16772
test_11974,0.99944
test_11975,0.99998
test_11976,0.02126
test_11977,0.99989
test_11978,0.99998
test_11979,0.99997
test_11980,0.83986
test_11981,0.00012
test_11982,0.99903
test_11983,0.81093
test_11984,0.99224
test_11985,0.16111
test_11986,1.00000
test_11987,0.99159
test_11988,0.98941
test_11989,0.45627
test_11990,0.99971
test_11991,0.69631
test_11992,0.01608
test_11993,0.92141
test_11994,0.68625
test_11995,0.74306
test_11996,0.00056
test_11997,0.99809
test_11998,0.00280
test_11999,0.61011
test_12000,1.00000
test_12001,0.02087
test_12002,0.30818
test_12003,0.99978
test_12004,0.00071
test_12005,0.04882
test_12006,0.31598
test_12007,0.29534
test_12008,0.02302
test_12009,0.43957
test_12010,0.00083
test_12011,1.00000
test_12012,0.82378
test_12013,0.00224
test_12014,0.99932
test_12015,0.98756
test_12016,0.99966
test_12017,1.00000
test_12018,0.99934
test_12019,0.99999
test_12020,0.99941
test_12021,0.99976
test_12022,0.98139
test_12023,0.00009
test_12024,0.00059
test_12025,0.98497
test_12026,0.60855
test_12027,0.99933
test_12028,0.00114
test_12029,0.00292
test_12030,0.01198
test_12031,0.99996
test_12032,0.98683
test_12033,0.99998
test_12034,0.99997
test_12035,0.99661
test_12036,0.00012
test_12037,0.59852
test_12038,0.11782
test_12039,0.00353
test_12040,0.90445
test_12041,0.99960
test_12042,0.00023
test_12043,0.99872
test_12044,0.00010
test_12045,0.01006
test_12046,0.99979
test_12047,0.00173
test_12048,0.99994
test_12049,0.00123
test_12050,0.20890
test_12051,0.00120
test_12052,0.18769
test_12053,0.00761
test_12054,0.99634
test_12055,0.94807
test_12056,0.02705
test_12057,0.99986
test_12058,0.50677
test_12059,0.99993
test_12060,0.99998
test_12061,0.00427
test_12062,0.00391
test_12063,0.99998
test_12064,0.99295
test_12065,0.02363
test_12066,0.07852
test_12067,0.99992
test_12068,0.03289
test_12069,0.55743
test_12070,0.13574
test_12071,0.99915
test_12072,0.99803
test_12073,0.04993
test_12074,0.70782
test_12075,0.57231
test_12076,0.53690
test_12077,0.01123
test_12078,0.99991
test_12079,0.38136
test_12080,0.00024
test_12081,0.99992
test_12082,0.16313
test_12083,0.00007
test_12084,0.99986
test_12085,0.99647
test_12086,0.99995
test_12087,0.99637
test_12088,0.00613
test_12089,0.47363
test_12090,0.95101
test_12091,0.99973
test_12092,0.99985
test_12093,0.99618
test_12094,0.94352
test_12095,0.95960
test_12096,0.98079
test_12097,0.08490
test_12098,0.07002
test_12099,0.00115
test_12100,0.01365
test_12101,0.99995
test_12102,0.00060
test_12103,0.00408
test_12104,0.24432
test_12105,0.03897
test_12106,0.98675
test_12107,0.99969
test_12108,0.99955
test_12109,0.02148
test_12110,0.05966
test_12111,0.99999
test_12112,0.99999
test_12113,0.84280
test_12114,0.99787
test_12115,0.00128
test_12116,0.00093
test_12117,0.02088
test_12118,0.99351
test_12119,1.00000
test_12120,0.99892
test_12121,0.00018
test_12122,0.03448
test_12123,0.00059
test_12124,1.00000
test_12125,0.92615
test_12126,0.99995
test_12127,0.99961
test_12128,0.97976
test_12129,0.53778
test_12130,0.98977
test_12131,0.57063
test_12132,0.16985
test_12133,0.99995
test_12134,1.00000
test_12135,0.00270
test_12136,0.99287
test_12137,0.99951
test_12138,0.00014
test_12139,0.93424
test_12140,0.95132
test_12141,0.00293
test_12142,0.85622
test_12143,0.70202
test_12144,0.98718
test_12145,0.07629
test_12146,1.00000
test_12147,0.00315
test_12148,0.15651
test_12149,0.99773
test_12150,0.00104
test_12151,0.98805
test_12152,0.98624
test_12153,0.42575
test_12154,1.00000
test_12155,0.91349
test_12156,0.78833
test_12157,0.92490
test_12158,0.00015
test_12159,0.99936
test_12160,0.99995
test_12161,0.99766
test_12162,1.00000
test_12163,0.99981
test_12164,0.98775
test_12165,0.00608
test_12166,0.79237
test_12167,0.99745
test_12168,0.00392
test_12169,0.92191
test_12170,0.17417
test_12171,0.00206
test_12172,0.94973
test_12173,1.00000
test_12174,0.77314
test_12175,0.99999
test_12176,0.97788
test_12177,0.00139
test_12178,0.89729
test_12179,0.79062
test_12180,0.94691
test_12181,0.99669
test_12182,0.32585
test_12183,1.00000
test_12184,0.00034
test_12185,1.00000
test_12186,0.99844
test_12187,0.02886
test_12188,0.02394
test_12189,0.97667
test_12190,0.48894
test_12191,0.99996
test_12192,0.02042
test_12193,0.02002
test_12194,0.03091
test_12195,0.02478
test_12196,0.61421
test_12197,0.98088
test_12198,0.31616
test_12199,0.97221
test_12200,0.13711
test_12201,0.00576
test_12202,1.00000
test_12203,1.00000
test_12204,0.02847
test_12205,0.09451
test_12206,0.43991
test_12207,0.75004
test_12208,0.99998
test_12209,0.96576
test_12210,0.76078
test_12211,0.00188
test_12212,0.99483
test_12213,0.97887
test_12214,0.99589
test_12215,0.99803
test_12216,0.92516
test_12217,0.00138
test_12218,0.99104
test_12219,0.61672
test_12220,0.55527
test_12221,0.07318
test_12222,0.00437
test_12223,0.00472
test_12224,0.81211
test_12225,0.00951
test_12226,0.12439
test_12227,0.69007
test_12228,0.99974
test_12229,0.03267
test_12230,0.40706
test_12231,0.02073
test_12232,0.00493
test_12233,0.00139
test_12234,0.99860
test_12235,0.90316
test_12236,0.05166
test_12237,0.29586
test_12238,0.99998
test_12239,1.00000
test_12240,0.89615
test_12241,0.41014
test_12242,0.00042
test_12243,0.97246
test_12244,0.01043
test_12245,0.16861
test_12246,0.96259
test_12247,0.00043
test_12248,0.00161
test_12249,0.00469
test_12250,0.99852
test_12251,0.00012
test_12252,0.48810
test_12253,0.61346
test_12254,0.89627
test_12255,0.87220
test_12256,0.06471
test_12257,0.78513
test_12258,0.00353
test_12259,0.57970
test_12260,0.97316
test_12261,0.99430
test_12262,0.46082
test_12263,0.50451
test_12264,0.51601
test_12265,0.04239
test_12266,0.00313
test_12267,0.00382
test_12268,0.02000
test_12269,0.99654
test_12270,0.00333
test_12271,0.02736
test_12272,0.99556
test_12273,0.03319
test_12274,0.30131
test_12275,0.00236
test_12276,0.11061
test_12277,0.94458
test_12278,0.00406
test_12279,0.98207
test_12280,0.99542
test_12281,0.05530
test_12282,0.09314
test_12283,0.35312
test_12284,0.10633
test_12285,0.94715
test_12286,0.00381
test_12287,0.88359
test_12288,0.99995
test_12289,0.00049
test_12290,0.01683
test_12291,0.11228
test_12292,0.58075
test_12293,0.91547
test_12294,0.44301
test_12295,0.85988
test_12296,0.85461
test_12297,0.00251
test_12298,0.00035
test_12299,0.73698
test_12300,0.49678
test_12301,0.96702
test_12302,0.48563
test_12303,0.00262
test_12304,0.99999
test_12305,0.00001
test_12306,0.99832
test_12307,0.97137
test_12308,0.43809
test_12309,0.99180
test_12310,0.00563
test_12311,0.99570
test_12312,0.98315
test_12313,0.13674
test_12314,0.99988
test_12315,0.00002
test_12316,0.00036
test_12317,0.00074
test_12318,0.00263
test_12319,0.57801
test_12320,1.00000
test_12321,0.99554
test_12322,0.00189
test_12323,0.06971
test_12324,0.12946
test_12325,0.06068
test_12326,0.98770
test_12327,1.00000
test_12328,0.00001
test_12329,0.96120
test_12330,0.99915
test_12331,0.06371
test_12332,0.22449
test_12333,0.00011
test_12334,0.00759
test_12335,0.99875
test_12336,0.29447
test_12337,0.88301
test_12338,0.99478
test_12339,0.99657
test_12340,0.26499
test_12341,0.13187
test_12342,0.00066
test_12343,0.00769
test_12344,0.99626
test_12345,0.96478
test_12346,0.99601
test_12347,0.99999
test_12348,0.99689
test_12349,0.74043
test_12350,0.00359
test_12351,0.96181
test_12352,0.94542
test_12353,0.99999
test_12354,0.00489
test_12355,0.00002
test_12356,0.68990
test_12357,0.99767
test_12358,0.06586
test_12359,0.85288
test_12360,0.00000
test_12361,0.99999
test_12362,0.02316
test_12363,0.00021
test_12364,0.00022
test_12365,0.99980
test_12366,0.98714
test_12367,0.00229
test_12368,0.99998
test_12369,0.99918
test_12370,0.45056
test_12371,0.98299
test_12372,0.99813
test_12373,0.99392
test_12374,0.04541
test_12375,0.99763
test_12376,0.00322
test_12377,0.00028
test_12378,0.00285
test_12379,0.25853
test_12380,0.00027
test_12381,0.89480
test_12382,0.02378
test_12383,0.00209
test_12384,0.94601
test_12385,0.00516
test_12386,0.54559
test_12387,0.99815
test_12388,0.17484
test_12389,0.42813
test_12390,0.00319
test_12391,0.99936
test_12392,0.00145
test_12393,0.47728
test_12394,0.94462
test_12395,0.83115
test_12396,0.01563
test_12397,0.00005
test_12398,0.01448
test_12399,0.00099
test_12400,0.99999
test_12401,0.00029
test_12402,0.13518
test_12403,0.99959
test_12404,0.00009
test_12405,0.00024
test_12406,0.98094
test_12407,0.98745
test_12408,0.99706
test_12409,0.99277
test_12410,0.00003
test_12411,0.99997
test_12412,0.99997
test_12413,0.20178
test_12414,0.00059
test_12415,0.26344
test_12416,0.02196
test_12417,0.77039
test_12418,1.00000
test_12419,0.91982
test_12420,0.99867
test_12421,0.00647
test_12422,0.99970
test_12423,0.02894
test_12424,0.99233
test_12425,0.73592
test_12426,0.99391
test_12427,0.07729
test_12428,0.98637
test_12429,0.96183
test_12430,0.99477
test_12431,0.99909
test_12432,0.77754
test_12433,0.98734
test_12434,1.00000
test_12435,0.18163
test_12436,0.01136
test_12437,0.41208
test_12438,0.00044
test_12439,0.00319
test_12440,0.94805
test_12441,0.99912
test_12442,0.99990
test_12443,0.14942
test_12444,0.03954
test_12445,0.23717
test_12446,0.05365
test_12447,0.00001
test_12448,0.00053
test_12449,0.89510
test_12450,0.96621
test_12451,0.99944
test_12452,0.53875
test_12453,0.96781
test_12454,0.83693
test_12455,0.00539
test_12456,0.00443
test_12457,0.00024
test_12458,0.38428
test_12459,0.68953
test_12460,0.01887
test_12461,0.99987
test_12462,0.00768
test_12463,0.03692
test_12464,0.00003
test_12465,0.99987
test_12466,0.00214
test_12467,0.99994
test_12468,0.03581
test_12469,0.03209
test_12470,0.99995
test_12471,0.83369
test_12472,0.00538
test_12473,0.97504
test_12474,0.00033
test_12475,0.31105
test_12476,0.99968
test_12477,0.00518
test_12478,1.00000
test_12479,0.00027
test_12480,0.00145
test_12481,0.93548
test_12482,0.99762
test_12483,0.00026
test_12484,0.99166
test_12485,0.00181
test_12486,0.00859
test_12487,0.97980
test_12488,0.00014
test_12489,0.99993
test_12490,0.03335
test_12491,0.01643
test_12492,0.99422
test_12493,0.99998
test_12494,0.99998
test_12495,0.00185
test_12496,0.04618
test_12497,0.00109
test_12498,0.63391
test_12499,0.80798
test_12500,1.00000
test_12501,0.97668
test_12502,0.87206
test_12503,0.99992
test_12504,0.99883
test_12505,0.00470
test_12506,0.99819
test_12507,0.04577
test_12508,0.99323
test_12509,0.00000
test_12510,0.94262
test_12511,0.02528
test_12512,0.29512
test_12513,0.03034
test_12514,0.99647
test_12515,0.61525
test_12516,0.99953
test_12517,0.00001
test_12518,0.00091
test_12519,0.21089
test_12520,0.00016
test_12521,0.00070
test_12522,0.05555
test_12523,0.00003
test_12524,0.99902
test_12525,0.00286
test_12526,0.99853
test_12527,0.00001
test_12528,0.00000
test_12529,0.13440
test_12530,0.99155
test_12531,0.77065
test_12532,0.02164
test_12533,0.03495
test_12534,0.99682
test_12535,0.99985
test_12536,0.01334
test_12537,0.99356
test_12538,0.99347
test_12539,0.00307
test_12540,0.74528
test_12541,0.01037
test_12542,0.00312
test_12543,0.02619
test_12544,0.66635
test_12545,0.99925
test_12546,0.05904
test_12547,0.00083
test_12548,0.99113
test_12549,0.99738
test_12550,0.99717
test_12551,0.85395
test_12552,0.98283
test_12553,0.66404
test_12554,0.00009
test_12555,0.94454
test_12556,0.00735
test_12557,0.01571
test_12558,0.01107
test_12559,0.96787
test_12560,0.97515
test_12561,1.00000
test_12562,0.00061
test_12563,0.99870
test_12564,0.07272
test_12565,0.02865
test_12566,0.99998
test_12567,0.00001
test_12568,0.00021
test_12569,0.99920
test_12570,0.91256
test_12571,0.54665
test_12572,0.44510
test_12573,0.00247
test_12574,0.24745
test_12575,0.00237
test_12576,0.26582
test_12577,0.92911
test_12578,0.09422
test_12579,0.99921
test_12580,0.16271
test_12581,0.99030
test_12582,0.06681
test_12583,0.99996
test_12584,0.04448
test_12585,0.99715
test_12586,0.71141
test_12587,0.99201
test_12588,0.00006
test_12589,0.00145
test_12590,0.61801
test_12591,0.99545
test_12592,0.27061
test_12593,0.00050
test_12594,0.94550
test_12595,0.99559
test_12596,0.00865
test_12597,0.96565
test_12598,0.00009
test_12599,0.01173
test_12600,0.98345
test_12601,0.98062
test_12602,0.12730
test_12603,0.99928
test_12604,0.18577
test_12605,0.00840
test_12606,0.99992
test_12607,0.00186
test_12608,0.99870
test_12609,0.24503
test_12610,0.04892
test_12611,0.49003
test_12612,0.03523
test_12613,0.99902
test_12614,0.70658
test_12615,0.36169
test_12616,0.01470
test_12617,0.00029
test_12618,0.00969
test_12619,0.96345
test_12620,0.99991
test_12621,0.05246
test_12622,0.00001
test_12623,0.89895
test_12624,1.00000
test_12625,0.00006
test_12626,0.00171
test_12627,0.00272
test_12628,0.00018
test_12629,1.00000
test_12630,0.00005
test_12631,0.99997
test_12632,0.74229
test_12633,0.00536
test_12634,0.04939
test_12635,0.00008
test_12636,0.99910
test_12637,0.24269
test_12638,0.00875
test_12639,0.99994
test_12640,0.30959
test_12641,0.00948
test_12642,0.95496
test_12643,0.99978
test_12644,0.00074
test_12645,0.99999
test_12646,0.74357
test_12647,0.00853
test_12648,0.08823
test_12649,0.00083
test_12650,0.99795
test_12651,0.98558
test_12652,0.00064
test_12653,0.03130
test_12654,0.41575
test_12655,0.99990
test_12656,0.98840
test_12657,0.97876
test_12658,1.00000
test_12659,0.00009
test_12660,0.38639
test_12661,0.99987
test_12662,0.98408
test_12663,0.11507
test_12664,0.01955
test_12665,0.99984
test_12666,0.49671
test_12667,0.21044
test_12668,0.00101
test_12669,0.03284
test_12670,0.99918
test_12671,0.99492
test_12672,0.00028
test_12673,0.00347
test_12674,0.73851
test_12675,0.77944
test_12676,0.99022
test_12677,0.98230
test_12678,0.07393
test_12679,0.99509
test_12680,0.85810
test_12681,0.05225
test_12682,0.98354
test_12683,0.00026
test_12684,0.99998
test_12685,0.20314
test_12686,0.37165
test_12687,0.98363
test_12688,0.83496
test_12689,0.34845
test_12690,0.75530
test_12691,0.99914
test_12692,0.83225
test_12693,0.97985
test_12694,0.00000
test_12695,0.00001
test_12696,0.44368
test_12697,0.35719
test_12698,0.98394
test_12699,0.80417
test_12700,0.19716
test_12701,0.73209
test_12702,0.75720
test_12703,0.19062
test_12704,0.99990
test_12705,0.99967
test_12706,0.75922
test_12707,0.93391
test_12708,0.97587
test_12709,0.99979
test_12710,0.06903
test_12711,0.99999
test_12712,0.99990
test_12713,0.17623
test_12714,0.00011
test_12715,0.72626
test_12716,0.00112
test_12717,0.00897
test_12718,0.02646
test_12719,0.64454
test_12720,0.99770
test_12721,0.93466
test_12722,0.99993
test_12723,0.00036
test_12724,0.00038
test_12725,0.11106
test_12726,0.09923
test_12727,0.98253
test_12728,0.66777
test_12729,0.98312
test_12730,0.00017
test_12731,0.99975
test_12732,0.16046
test_12733,0.99902
test_12734,0.99802
test_12735,0.99998
test_12736,0.75805
test_12737,0.99810
test_12738,0.02942
test_12739,0.99573
test_12740,0.00026
test_12741,0.00300
test_12742,0.21191
test_12743,0.61963
test_12744,0.05270
test_12745,0.11010
test_12746,0.99950
test_12747,0.95213
test_12748,0.11409
test_12749,0.07860
test_12750,0.00101
test_12751,0.00088
test_12752,0.98497
test_12753,0.00538
test_12754,0.00001
test_12755,0.99398
test_12756,0.99730
test_12757,0.98677
test_12758,0.11550
test_12759,0.00271
test_12760,0.99948
test_12761,0.99799
test_12762,0.02266
test_12763,0.98195
test_12764,0.00008
test_12765,0.99636
test_12766,0.24923
test_12767,0.03616
test_12768,0.99779
test_12769,0.97400
test_12770,0.00067
test_12771,0.01620
test_12772,0.64319
test_12773,1.00000
test_12774,0.00099
test_12775,0.99700
test_12776,0.00001
test_12777,0.00087
test_12778,0.97995
test_12779,0.04146
test_12780,0.99979
test_12781,0.99901
test_12782,0.00350
test_12783,1.00000
test_12784,0.01257
test_12785,0.99124
test_12786,0.54669
test_12787,0.99997
test_12788,0.00935
test_12789,0.99767
test_12790,0.00050
test_12791,0.05540
test_12792,0.00132
test_12793,0.97434
test_12794,0.01025
test_12795,0.99376
test_12796,0.87736
test_12797,0.99530
test_12798,0.99154
test_12799,0.00000
test_12800,0.36432
test_12801,0.18193
test_12802,0.00127
test_12803,0.91370
test_12804,0.99998
test_12805,0.00285
test_12806,0.98531
test_12807,0.97834
test_12808,0.00014
test_12809,0.99998
test_12810,0.00056
test_12811,0.94830
test_12812,0.94028
test_12813,0.99958
test_12814,0.11039
test_12815,0.85632
test_12816,0.96723
test_12817,0.01057
test_12818,0.00001
test_12819,0.00047
test_12820,0.99947
test_12821,0.38946
test_12822,0.92744
test_12823,0.99880
test_12824,0.00581
test_12825,0.99830
test_12826,0.00720
test_12827,0.00490
test_12828,0.81460
test_12829,0.41977
test_12830,0.01011
test_12831,0.34046
test_12832,0.99746
test_12833,0.00022
test_12834,0.99994
test_12835,0.99994
test_12836,0.01513
test_12837,0.67874
test_12838,0.96387
test_12839,0.00020
test_12840,0.00631
test_12841,0.00714
test_12842,0.03721
test_12843,0.99966
test_12844,0.95873
test_12845,0.57171
test_12846,0.00278
test_12847,0.93619
test_12848,0.98948
test_12849,0.13306
test_12850,0.94320
test_12851,0.01668
test_12852,0.00020
test_12853,0.96263
test_12854,0.01747
test_12855,0.01593
test_12856,0.98561
test_12857,0.99996
test_12858,0.00143
test_12859,0.99342
test_12860,0.99995
test_12861,0.81038
test_12862,0.00858
test_12863,0.60308
test_12864,0.00008
test_12865,0.99995
test_12866,0.99314
test_12867,0.99792
test_12868,0.01196
test_12869,0.00438
test_12870,1.00000
test_12871,0.00046
test_12872,0.96117
test_12873,0.99686
test_12874,0.99246
test_12875,0.28896
test_12876,0.00006
test_12877,0.25262
test_12878,0.84874
test_12879,0.99791
test_12880,0.72860
test_12881,0.00004
test_12882,0.99959
test_12883,0.17208
test_12884,0.63679
test_12885,0.00014
test_12886,0.64324
test_12887,0.91222
test_12888,0.06393
test_12889,0.00281
test_12890,1.00000
test_12891,0.00017
test_12892,0.02133
test_12893,0.99943
test_12894,0.02010
test_12895,0.99919
test_12896,0.97668
test_12897,0.93266
test_12898,0.36878
test_12899,0.85479
test_12900,0.84602
test_12901,0.95203
test_12902,0.99299
test_12903,0.06100
test_12904,0.20183
test_12905,0.99459
test_12906,0.00095
test_12907,0.00034
test_12908,0.99851
test_12909,0.98150
test_12910,0.20440
test_12911,0.99972
test_12912,0.99311
test_12913,0.00018
test_12914,0.00016
test_12915,0.05213
test_12916,0.99633
test_12917,0.99827
test_12918,0.14851
test_12919,0.81705
test_12920,0.99999
test_12921,0.00000
test_12922,0.04790
test_12923,0.99682
test_12924,0.99813
test_12925,0.77821
test_12926,0.99988
test_12927,0.00123
test_12928,0.00016
test_12929,0.99891
test_12930,0.99946
test_12931,0.01983
test_12932,0.01474
test_12933,0.98552
test_12934,0.99973
test_12935,0.07573
test_12936,0.99338
test_12937,0.66150
test_12938,0.03702
test_12939,0.09778
test_12940,0.99903
test_12941,0.93548
test_12942,0.89983
test_12943,0.60653
test_12944,0.98562
test_12945,0.00032
test_12946,0.99957
test_12947,0.99150
test_12948,0.00475
test_12949,0.00081
test_12950,0.99630
test_12951,0.64568
test_12952,0.05648
test_12953,0.99884
test_12954,0.00658
test_12955,0.98328
test_12956,0.99994
test_12957,0.66946
test_12958,0.00716
test_12959,0.47467
test_12960,0.97870
test_12961,0.88940
test_12962,0.67972
test_12963,0.99995
test_12964,0.52326
test_12965,0.78794
test_12966,0.99979
test_12967,0.00111
test_12968,0.03848
test_12969,0.55427
test_12970,0.01345
test_12971,0.00021
test_12972,0.04794
test_12973,0.00027
test_12974,0.98353
test_12975,0.00193
test_12976,0.00183
test_12977,0.00135
test_12978,0.98625
test_12979,0.39420
test_12980,0.00389
test_12981,0.99944
test_12982,0.85158
test_12983,0.97002
test_12984,0.92195
test_12985,0.98603
test_12986,0.99471
test_12987,0.99996
test_12988,0.00059
test_12989,0.78452
test_12990,0.99844
test_12991,0.96934
test_12992,0.65241
test_12993,0.91960
test_12994,0.02763
test_12995,0.02747
test_12996,0.99998
test_12997,0.00056
test_12998,0.99900
test_12999,0.99868
test_13000,0.02130
test_13001,0.99949
test_13002,0.13385
test_13003,0.99999
test_13004,0.03195
test_13005,0.93900
test_13006,0.31229
test_13007,0.00016
test_13008,0.99673
test_13009,0.99755
test_13010,0.69806
test_13011,0.32840
test_13012,0.09476
test_13013,1.00000
test_13014,0.00320
test_13015,0.99936
test_13016,0.01145
test_13017,0.99729
test_13018,0.01672
test_13019,0.76581
test_13020,0.01326
test_13021,0.94445
test_13022,0.81710
test_13023,0.71869
test_13024,0.99981
test_13025,0.75790
test_13026,0.18709
test_13027,0.99726
test_13028,0.18830
test_13029,0.94169
test_13030,0.05321
test_13031,0.82439
test_13032,0.99980
test_13033,0.03166
test_13034,0.98987
test_13035,0.45074
test_13036,0.94054
test_13037,0.98974
test_13038,0.97564
test_13039,0.97562
test_13040,0.99945
test_13041,0.99976
test_13042,0.43587
test_13043,0.98340
test_13044,0.98053
test_13045,0.00007
test_13046,0.74637
test_13047,0.01843
test_13048,0.00066
test_13049,0.85220
test_13050,0.00009
test_13051,0.01897
test_13052,0.99687
test_13053,0.99994
test_13054,0.00048
test_13055,0.10350
test_13056,0.99940
test_13057,0.00131
test_13058,0.00597
test_13059,0.99212
test_13060,0.85023
test_13061,0.99982
test_13062,0.99835
test_13063,0.72481
test_13064,0.05390
test_13065,0.99998
test_13066,0.52880
test_13067,0.06264
test_13068,0.06939
test_13069,0.99999
test_13070,0.96916
test_13071,0.00477
test_13072,0.00236
test_13073,0.47106
test_13074,0.99983
test_13075,0.99848
test_13076,0.00083
test_13077,0.46347
test_13078,0.99959
test_13079,0.99745
test_13080,0.04132
test_13081,0.37912
test_13082,0.94507
test_13083,0.95428
test_13084,0.99920
test_13085,0.99989
test_13086,0.99867
test_13087,0.00028
test_13088,0.90862
test_13089,0.83321
test_13090,0.25643
test_13091,0.61151
test_13092,0.99951
test_13093,0.00011
test_13094,0.93837
test_13095,0.40483
test_13096,0.00001
test_13097,0.00212
test_13098,0.00871
test_13099,0.97171
test_13100,0.01826
test_13101,0.10420
test_13102,0.96387
test_13103,0.00899
test_13104,0.00001
test_13105,0.89144
test_13106,0.97375
test_13107,0.99797
test_13108,0.99983
test_13109,0.00364
test_13110,0.99995
test_13111,0.94162
test_13112,0.99223
test_13113,0.21676
test_13114,0.62358
test_13115,0.84450
test_13116,0.96827
test_13117,0.00030
test_13118,0.00019
test_13119,0.04990
test_13120,0.25671
test_13121,0.14806
test_13122,0.00192
test_13123,0.65225
test_13124,0.99996
test_13125,0.99811
test_13126,0.57989
test_13127,1.00000
test_13128,0.86948
test_13129,0.05044
test_13130,0.99998
test_13131,0.01070
test_13132,0.05061
test_13133,0.03555
test_13134,0.01822
test_13135,0.00036
test_13136,0.02198
test_13137,0.59274
test_13138,0.92754
test_13139,0.07503
test_13140,0.00204
test_13141,0.99988
test_13142,0.01738
test_13143,0.97750
test_13144,0.00007
test_13145,0.07161
test_13146,0.99977
test_13147,1.00000
test_13148,0.00097
test_13149,0.03418
test_13150,0.04957
test_13151,0.83150
test_13152,0.38350
test_13153,0.89870
test_13154,0.56447
test_13155,0.99997
test_13156,0.02969
test_13157,0.02880
test_13158,0.01080
test_13159,0.78200
test_13160,0.39146
test_13161,0.00107
test_13162,0.86023
test_13163,1.00000
test_13164,0.01248
test_13165,0.00068
test_13166,0.00531
test_13167,0.94318
test_13168,0.86393
test_13169,0.01498
test_13170,0.82540
test_13171,0.06968
test_13172,0.96836
test_13173,0.00037
test_13174,0.99998
test_13175,0.00214
test_13176,0.58055
test_13177,0.03093
test_13178,0.02462
test_13179,0.00033
test_13180,1.00000
test_13181,0.13819
test_13182,0.99998
test_13183,0.99999
test_13184,0.01493
test_13185,1.00000
test_13186,0.61831
test_13187,0.93117
test_13188,0.02519
test_13189,0.19321
test_13190,0.00002
test_13191,0.00245
test_13192,0.99860
test_13193,0.00602
test_13194,0.89489
test_13195,0.00619
test_13196,0.99977
test_13197,0.65375
test_13198,0.11848
test_13199,0.24358
test_13200,0.00186
test_13201,0.00361
test_13202,0.38625
test_13203,1.00000
test_13204,0.82365
test_13205,0.98321
test_13206,0.00000
test_13207,0.99031
test_13208,0.66934
test_13209,0.06374
test_13210,0.99999
test_13211,0.17781
test_13212,0.99391
test_13213,0.00008
test_13214,0.00316
test_13215,0.04223
test_13216,0.99998
test_13217,0.99988
test_13218,1.00000
test_13219,0.95496
test_13220,0.99177
test_13221,0.10451
test_13222,0.99997
test_13223,0.12262
test_13224,0.97223
test_13225,0.43560
test_13226,0.94180
test_13227,0.99971
test_13228,0.00182
test_13229,0.00041
test_13230,0.00871
test_13231,0.98344
test_13232,0.91902
test_13233,0.00308
test_13234,0.99626
test_13235,0.00425
test_13236,0.12253
test_13237,0.00087
test_13238,0.99974
test_13239,0.95449
test_13240,0.00156
test_13241,0.06089
test_13242,0.02980
test_13243,0.99978
test_13244,0.99933
test_13245,0.98877
test_13246,0.93136
test_13247,1.00000
test_13248,0.99671
test_13249,0.00028
test_13250,0.09904
test_13251,0.01798
test_13252,0.98729
test_13253,0.12624
test_13254,0.00910
test_13255,0.99779
test_13256,0.04780
test_13257,0.01147
test_13258,0.99914
test_13259,0.99714
test_13260,0.04398
test_13261,0.00200
test_13262,0.01075
test_13263,0.01051
test_13264,0.99888
test_13265,0.93752
test_13266,0.99535
test_13267,0.18611
test_13268,0.07626
test_13269,0.00038
test_13270,0.00595
test_13271,0.00732
test_13272,0.00040
test_13273,0.99993
test_13274,0.00148
test_13275,0.05956
test_13276,0.00166
test_13277,0.03768
test_13278,0.06063
test_13279,0.02919
test_13280,0.08300
test_13281,0.85224
test_13282,0.06825
test_13283,0.98548
test_13284,0.94969
test_13285,0.00119
test_13286,0.98118
test_13287,0.00018
test_13288,0.92435
test_13289,0.00041
test_13290,0.99997
test_13291,0.99988
test_13292,0.99963
test_13293,0.99998
test_13294,0.93109
test_13295,0.99994
test_13296,0.99386
test_13297,0.05630
test_13298,0.99999
test_13299,0.96217
test_13300,0.04224
test_13301,0.99530
test_13302,0.72148
test_13303,0.05243
test_13304,0.99934
test_13305,0.99952
test_13306,0.00001
test_13307,0.00557
test_13308,0.99945
test_13309,0.98534
test_13310,0.99999
test_13311,0.92363
test_13312,0.17043
test_13313,0.93764
test_13314,0.99936
test_13315,0.99997
test_13316,0.00954
test_13317,0.99244
test_13318,0.00206
test_13319,0.99985
test_13320,0.01740
test_13321,0.00626
test_13322,0.00411
test_13323,0.98842
test_13324,0.16663
test_13325,0.01935
test_13326,0.07524
test_13327,0.99954
test_13328,0.04393
test_13329,0.02663
test_13330,0.00221
test_13331,0.91291
test_13332,0.00095
test_13333,0.99638
test_13334,0.01035
test_13335,0.00137
test_13336,0.00501
test_13337,0.99996
test_13338,0.28536
test_13339,0.89722
test_13340,0.00042
test_13341,0.98230
test_13342,0.05726
test_13343,0.99349
test_13344,0.99984
test_13345,0.99622
test_13346,0.97949
test_13347,0.42372
test_13348,0.00916
test_13349,0.31474
test_13350,0.04037
test_13351,0.99998
test_13352,0.00015
test_13353,0.29023
test_13354,0.99998
test_13355,0.80052
test_13356,0.99642
test_13357,0.00010
test_13358,0.99914
test_13359,0.92859
test_13360,0.99982
test_13361,0.00409
test_13362,1.00000
test_13363,0.31880
test_13364,0.99990
test_13365,1.00000
test_13366,0.99610
test_13367,0.99174
test_13368,0.96873
test_13369,0.17856
test_13370,0.75577
test_13371,0.99957
test_13372,0.99992
test_13373,0.99996
test_13374,0.99672
test_13375,0.99878
test_13376,0.99887
test_13377,0.06281
test_13378,0.00867
test_13379,0.00211
test_13380,0.35640
test_13381,0.08079
test_13382,0.99922
test_13383,0.96052
test_13384,0.99344
test_13385,0.98817
test_13386,0.00035
test_13387,0.00029
test_13388,0.03273
test_13389,0.51415
test_13390,0.00040
test_13391,0.99954
test_13392,0.00467
test_13393,0.56626
test_13394,0.89614
test_13395,0.99997
test_13396,0.98904
test_13397,0.98927
test_13398,0.92115
test_13399,0.92922
test_13400,0.99211
test_13401,0.01170
test_13402,0.92955
test_13403,0.99999
test_13404,0.99846
test_13405,0.79712
test_13406,0.90860
test_13407,0.00034
test_13408,0.01588
test_13409,0.72938
test_13410,0.00920
test_13411,0.99945
test_13412,0.99990
test_13413,0.01879
test_13414,0.46809
test_13415,0.99778
test_13416,0.99965
test_13417,0.28179
test_13418,0.00689
test_13419,0.39178
test_13420,0.98362
test_13421,0.00021
test_13422,0.00104
test_13423,0.95183
test_13424,0.25630
test_13425,0.00264
test_13426,0.57928
test_13427,0.99786
test_13428,0.99983
test_13429,0.99872
test_13430,0.00789
test_13431,0.99952
test_13432,0.00067
test_13433,0.00210
test_13434,0.99493
test_13435,0.59248
test_13436,0.00035
test_13437,0.01139
test_13438,0.96470
test_13439,0.99996
test_13440,0.59815
test_13441,0.99993
test_13442,0.99982
test_13443,0.92423
test_13444,0.99984
test_13445,0.99969
test_13446,0.04555
test_13447,0.25238
test_13448,0.00365
test_13449,0.32607
test_13450,0.02469
test_13451,0.82716
test_13452,0.73250
test_13453,0.82046
test_13454,0.00203
test_13455,0.00531
test_13456,0.96303
test_13457,0.75603
test_13458,0.98023
test_13459,0.98693
test_13460,0.00033
test_13461,0.00988
test_13462,0.99922
test_13463,0.03971
test_13464,0.00015
test_13465,0.99816
test_13466,0.95044
test_13467,0.00014
test_13468,0.74919
test_13469,0.96447
test_13470,0.21087
test_13471,0.99998
test_13472,0.99947
test_13473,1.00000
test_13474,0.22754
test_13475,0.99922
test_13476,0.00943
test_13477,0.89737
test_13478,0.99386
test_13479,0.99873
test_13480,0.99964
test_13481,0.99973
test_13482,0.00811
test_13483,0.69856
test_13484,0.01377
test_13485,0.99951
test_13486,0.90633
test_13487,0.28682
test_13488,0.11504
test_13489,0.99980
test_13490,0.01184
test_13491,0.34707
test_13492,0.99977
test_13493,0.99999
test_13494,0.02474
test_13495,0.00036
test_13496,0.96053
test_13497,0.00319
test_13498,0.98827
test_13499,0.13305
test_13500,0.99904
test_13501,0.00036
test_13502,0.31157
test_13503,0.00316
test_13504,0.00036
test_13505,0.00025
test_13506,0.00431
test_13507,0.01754
test_13508,0.97331
test_13509,0.00112
test_13510,0.12407
test_13511,0.96174
test_13512,0.99826
test_13513,0.00295
test_13514,0.00086
test_13515,0.00069
test_13516,0.00316
test_13517,0.00213
test_13518,0.00258
test_13519,0.30856
test_13520,0.24973
test_13521,0.93978
test_13522,0.00502
test_13523,0.99667
test_13524,0.99941
test_13525,0.99994
test_13526,0.02987
test_13527,0.91729
test_13528,0.99957
test_13529,1.00000
test_13530,0.99999
test_13531,0.78207
test_13532,0.55557
test_13533,0.96477
test_13534,0.06148
test_13535,0.99962
test_13536,0.71894
test_13537,0.00907
test_13538,0.00038
test_13539,0.02894
test_13540,0.87616
test_13541,0.77111
test_13542,0.00036
test_13543,0.00796
test_13544,0.99903
test_13545,0.98740
test_13546,0.99702
test_13547,0.00121
test_13548,0.04397
test_13549,0.96513
test_13550,0.00744
test_13551,0.99613
test_13552,0.00061
test_13553,0.99651
test_13554,0.99999
test_13555,0.00430
test_13556,0.22041
test_13557,0.99664
test_13558,0.00225
test_13559,0.00005
test_13560,0.00410
test_13561,0.00157
test_13562,0.78334
test_13563,0.46599
test_13564,0.86151
test_13565,0.99999
test_13566,0.09132
test_13567,0.99999
test_13568,0.02641
test_13569,0.99612
test_13570,0.99864
test_13571,0.69006
test_13572,0.86113
test_13573,0.61803
test_13574,0.07316
test_13575,0.99831
test_13576,0.00604
test_13577,0.54545
test_13578,0.73820
test_13579,0.00076
test_13580,0.00009
test_13581,0.39877
test_13582,0.80599
test_13583,0.00034
test_13584,0.99999
test_13585,0.99319
test_13586,0.94701
test_13587,0.33179
test_13588,0.53984
test_13589,0.98876
test_13590,0.44751
test_13591,0.00003
test_13592,0.98363
test_13593,0.99972
test_13594,0.00000
test_13595,0.00003
test_13596,0.00065
test_13597,0.90557
test_13598,0.82182
test_13599,0.99650
test_13600,0.00102
test_13601,0.94328
test_13602,0.99462
test_13603,0.99564
test_13604,0.98302
test_13605,0.10006
test_13606,0.99991
test_13607,0.00214
test_13608,0.00056
test_13609,0.99985
test_13610,0.84507
test_13611,0.99999
test_13612,0.99974
test_13613,0.99979
test_13614,1.00000
test_13615,0.95628
test_13616,0.04668
test_13617,0.93903
test_13618,0.00972
test_13619,0.89855
test_13620,0.00332
test_13621,0.71076
test_13622,0.99999
test_13623,0.00003
test_13624,0.00151
test_13625,0.10258
test_13626,0.00211
test_13627,0.00006
test_13628,0.19946
test_13629,0.00902
test_13630,0.00022
test_13631,0.02445
test_13632,0.97927
test_13633,0.71656
test_13634,0.99997
test_13635,0.48474
test_13636,0.99977
test_13637,0.99937
test_13638,0.95898
test_13639,0.98934
test_13640,0.91662
test_13641,0.99056
test_13642,0.05528
test_13643,0.00153
test_13644,0.02384
test_13645,1.00000
test_13646,0.99999
test_13647,0.97685
test_13648,0.36340
test_13649,0.02210
test_13650,0.00001
test_13651,0.27490
test_13652,0.01075
test_13653,0.99164
test_13654,0.04280
test_13655,0.00816
test_13656,0.99237
test_13657,0.09041
test_13658,0.80290
test_13659,0.98321
test_13660,0.78578
test_13661,0.50156
test_13662,0.91073
test_13663,0.95223
test_13664,1.00000
test_13665,0.21099
test_13666,0.99627
test_13667,0.00987
test_13668,0.03183
test_13669,0.14108
test_13670,0.00206
test_13671,0.00064
test_13672,0.00016
test_13673,0.02157
test_13674,0.82212
test_13675,0.05688
test_13676,0.26715
test_13677,0.00428
test_13678,0.00243
test_13679,0.00020
test_13680,0.00543
test_13681,0.99966
test_13682,0.99971
test_13683,0.99999
test_13684,0.19676
test_13685,0.65779
test_13686,0.00625
test_13687,0.99781
test_13688,0.99955
test_13689,0.99837
test_13690,0.98013
test_13691,0.97838
test_13692,0.20025
test_13693,0.00234
test_13694,0.20745
test_13695,0.98879
test_13696,0.99662
test_13697,0.17544
test_13698,0.99999
test_13699,0.99981
test_13700,0.99998
test_13701,0.00001
test_13702,0.99995
test_13703,0.00038
test_13704,0.00979
test_13705,0.91296
test_13706,0.32386
test_13707,0.06583
test_13708,0.05889
test_13709,0.34975
test_13710,0.00566
test_13711,0.02152
test_13712,0.00086
test_13713,0.56374
test_13714,0.00004
test_13715,0.01658
test_13716,0.00060
test_13717,0.99700
test_13718,0.99651
test_13719,0.97717
test_13720,0.95643
test_13721,0.99056
test_13722,0.19711
test_13723,0.84641
test_13724,0.00037
test_13725,0.99432
test_13726,0.00176
test_13727,0.99573
test_13728,0.04348
test_13729,0.97926
test_13730,0.01714
test_13731,0.00015
test_13732,0.99541
test_13733,0.86632
test_13734,0.08035
test_13735,0.98983
test_13736,0.99981
test_13737,0.00001
test_13738,0.94218
test_13739,0.99922
test_13740,0.00213
test_13741,0.36722
test_13742,0.09131
test_13743,0.01977
test_13744,0.24907
test_13745,0.00052
test_13746,0.99646
test_13747,0.18728
test_13748,0.00014
test_13749,0.62865
test_13750,0.00857
test_13751,0.97418
test_13752,0.00780
test_13753,0.55945
test_13754,0.99998
test_13755,0.30850
test_13756,0.94580
test_13757,0.14439
test_13758,0.01983
test_13759,0.44686
test_13760,0.01029
test_13761,0.00689
test_13762,0.00007
test_13763,0.99730
test_13764,0.99998
test_13765,0.99782
test_13766,0.18172
test_13767,0.02896
test_13768,0.99943
test_13769,0.99826
test_13770,0.00816
test_13771,0.00963
test_13772,0.00847
test_13773,0.99223
test_13774,0.02052
test_13775,0.00060
test_13776,0.99718
test_13777,0.27375
test_13778,0.73036
test_13779,0.98637
test_13780,0.99992
test_13781,0.00005
test_13782,0.99975
test_13783,0.25224
test_13784,0.00817
test_13785,1.00000
test_13786,0.00076
test_13787,0.99980
test_13788,0.43953
test_13789,0.36729
test_13790,0.96958
test_13791,0.00255
test_13792,0.99338
test_13793,0.98638
test_13794,0.00383
test_13795,0.00128
test_13796,0.99050
test_13797,0.99993
test_13798,0.00541
test_13799,0.00288
test_13800,0.99807
test_13801,0.40627
test_13802,0.52101
test_13803,0.00001
test_13804,0.87745
test_13805,0.00722
test_13806,0.92449
test_13807,0.46893
test_13808,0.64525
test_13809,0.02389
test_13810,1.00000
test_13811,0.01027
test_13812,0.39050
test_13813,0.99858
test_13814,0.42814
test_13815,0.03096
test_13816,0.99093
test_13817,0.85542
test_13818,0.90116
test_13819,0.78455
test_13820,0.93528
test_13821,0.00016
test_13822,0.00008
test_13823,0.99625
test_13824,0.26093
test_13825,0.00023
test_13826,1.00000
test_13827,0.99737
test_13828,0.99987
test_13829,0.99889
test_13830,0.30298
test_13831,0.00050
test_13832,0.97646
test_13833,0.81804
test_13834,0.79393
test_13835,0.00745
test_13836,0.99989
test_13837,0.42807
test_13838,0.89663
test_13839,0.97474
test_13840,0.99992
test_13841,0.00012
test_13842,0.99867
test_13843,0.32009
test_13844,0.00143
test_13845,0.99574
test_13846,0.99538
test_13847,0.00018
test_13848,0.98953
test_13849,0.00256
test_13850,0.92511
test_13851,0.68543
test_13852,0.86516
test_13853,0.99974
test_13854,0.99727
test_13855,0.00989
test_13856,0.79420
test_13857,0.99992
test_13858,1.00000
test_13859,1.00000
test_13860,0.06145
test_13861,0.99943
test_13862,0.99909
test_13863,0.99353
test_13864,0.01272
test_13865,0.99991
test_13866,0.00000
test_13867,0.20188
test_13868,0.00711
test_13869,0.97167
test_13870,0.39045
test_13871,0.00094
test_13872,0.45981
test_13873,0.99435
test_13874,0.99945
test_13875,0.00415
test_13876,0.96482
test_13877,0.03023
test_13878,0.99961
test_13879,0.71508
test_13880,0.99505
test_13881,0.99599
test_13882,0.00015
test_13883,0.99861
test_13884,0.00000
test_13885,0.03662
test_13886,0.09507
test_13887,0.99814
test_13888,0.94813
test_13889,0.96713
test_13890,0.00000
test_13891,0.99216
test_13892,1.00000
test_13893,0.52266
test_13894,0.00009
test_13895,0.00203
test_13896,0.95482
test_13897,0.00521
test_13898,0.98874
test_13899,0.98288
test_13900,0.90718
test_13901,0.03117
test_13902,0.00222
test_13903,0.96935
test_13904,1.00000
test_13905,0.00013
test_13906,0.98334
test_13907,0.99943
test_13908,0.00782
test_13909,0.33657
test_13910,1.00000
test_13911,0.07281
test_13912,0.92055
test_13913,0.00026
test_13914,0.00058
test_13915,0.00170
test_13916,0.99989
test_13917,0.24267
test_13918,0.00019
test_13919,1.00000
test_13920,0.64305
test_13921,0.99966
test_13922,0.92886
test_13923,0.99933
test_13924,0.99998
test_13925,0.99994
test_13926,0.98931
test_13927,0.05329
test_13928,0.92556
test_13929,0.99980
test_13930,0.99921
test_13931,0.99712
test_13932,0.99916
test_13933,0.69136
test_13934,0.10869
test_13935,0.00484
test_13936,0.99986
test_13937,0.99907
test_13938,0.97039
test_13939,0.99210
test_13940,0.99648
test_13941,0.08612
test_13942,0.00175
test_13943,0.99825
test_13944,0.99985
test_13945,0.07742
test_13946,0.00054
test_13947,0.95897
test_13948,0.00030
test_13949,0.00306
test_13950,0.00014
test_13951,0.00721
test_13952,0.99068
test_13953,0.89222
test_13954,0.99905
test_13955,0.99822
test_13956,0.73827
test_13957,0.27089
test_13958,1.00000
test_13959,0.00546
test_13960,0.99452
test_13961,0.99927
test_13962,0.99775
test_13963,0.99678
test_13964,0.02863
test_13965,0.99671
test_13966,0.03576
test_13967,0.99438
test_13968,0.24760
test_13969,0.53562
test_13970,0.00014
test_13971,0.99970
test_13972,0.00052
test_13973,0.99909
test_13974,0.99670
test_13975,0.99935
test_13976,0.10907
test_13977,0.99999
test_13978,0.97007
test_13979,0.01035
test_13980,0.22318
test_13981,0.02144
test_13982,0.04371
test_13983,0.99984
test_13984,0.08164
test_13985,0.99996
test_13986,0.96732
test_13987,0.03283
test_13988,0.80854
test_13989,1.00000
test_13990,0.98945
test_13991,0.02931
test_13992,0.99987
test_13993,0.21573
test_13994,0.04335
test_13995,0.99956
test_13996,0.99193
test_13997,0.10567
test_13998,0.05527
test_13999,0.97212
test_14000,0.00003
test_14001,0.00137
test_14002,0.06414
test_14003,0.99400
test_14004,0.99985
test_14005,0.92431
test_14006,0.99758
test_14007,0.99969
test_14008,0.99992
test_14009,0.99862
test_14010,0.00012
test_14011,0.62165
test_14012,1.00000
test_14013,0.98274
test_14014,0.00222
test_14015,0.99774
test_14016,1.00000
test_14017,0.00112
test_14018,0.00468
test_14019,0.18785
test_14020,0.99709
test_14021,0.06835
test_14022,0.99999
test_14023,0.00042
test_14024,0.00107
test_14025,0.46289
test_14026,0.03502
test_14027,0.00675
test_14028,0.99759
test_14029,0.01078
test_14030,0.99979
test_14031,0.75334
test_14032,0.00066
test_14033,0.00024
test_14034,0.00054
test_14035,0.06771
test_14036,0.14914
test_14037,0.00207
test_14038,0.00030
test_14039,0.97492
test_14040,0.01009
test_14041,0.00021
test_14042,0.99881
test_14043,0.99549
test_14044,0.02518
test_14045,0.40035
test_14046,0.06571
test_14047,0.99461
test_14048,0.00006
test_14049,0.16546
test_14050,0.00809
test_14051,0.02580
test_14052,0.99987
test_14053,0.01899
test_14054,0.41348
test_14055,0.00022
test_14056,0.00004
test_14057,0.84750
test_14058,0.99498
test_14059,0.99976
test_14060,0.99869
test_14061,0.95491
test_14062,0.02599
test_14063,0.00007
test_14064,0.99992
test_14065,0.99788
test_14066,0.00796
test_14067,0.85496
test_14068,0.99126
test_14069,0.00063
test_14070,0.96588
test_14071,0.02929
test_14072,0.96324
test_14073,0.79315
test_14074,0.99999
test_14075,0.83578
test_14076,0.00022
test_14077,0.99905
test_14078,0.99961
test_14079,0.98289
test_14080,0.98932
test_14081,0.39607
test_14082,0.06955
test_14083,0.14346
test_14084,0.76351
test_14085,0.99999
test_14086,0.99501
test_14087,1.00000
test_14088,0.80322
test_14089,0.30971
test_14090,0.00274
test_14091,0.00852
test_14092,0.60442
test_14093,0.00153
test_14094,0.99986
test_14095,0.70990
test_14096,0.99919
test_14097,0.49510
test_14098,0.99989
test_14099,0.04932
test_14100,0.81592
test_14101,0.85378
test_14102,0.74052
test_14103,0.35582
test_14104,0.86167
test_14105,0.00537
test_14106,0.98552
test_14107,0.99319
test_14108,0.00574
test_14109,0.74410
test_14110,0.00039
test_14111,0.99980
test_14112,0.99976
test_14113,0.00009
test_14114,0.00439
test_14115,0.00001
test_14116,0.99943
test_14117,0.28491
test_14118,0.02673
test_14119,0.99970
test_14120,0.00227
test_14121,0.00002
test_14122,0.99978
test_14123,0.99692
test_14124,0.00034
test_14125,0.97356
test_14126,0.99701
test_14127,0.99919
test_14128,0.00063
test_14129,0.95278
test_14130,0.00067
test_14131,0.47706
test_14132,0.95865
test_14133,0.00969
test_14134,0.00075
test_14135,0.63178
test_14136,0.60006
test_14137,0.00147
test_14138,0.91031
test_14139,0.08919
test_14140,0.99538
test_14141,0.90128
test_14142,0.14649
test_14143,0.00340
test_14144,0.00006
test_14145,0.00036
test_14146,0.49148
test_14147,0.88662
test_14148,0.00012
test_14149,0.90165
test_14150,0.06584
test_14151,0.10084
test_14152,0.87005
test_14153,0.00276
test_14154,0.99963
test_14155,0.98932
test_14156,0.10972
test_14157,0.02103
test_14158,0.98240
test_14159,0.02770
test_14160,0.50288
test_14161,0.00438
test_14162,1.00000
test_14163,0.99915
test_14164,0.04956
test_14165,1.00000
test_14166,0.24532
test_14167,0.94062
test_14168,0.00012
test_14169,0.00023
test_14170,0.99988
test_14171,0.88632
test_14172,0.00003
test_14173,0.00004
test_14174,0.91921
test_14175,1.00000
test_14176,0.00167
test_14177,0.00007
test_14178,0.00768
test_14179,0.99984
test_14180,0.09677
test_14181,0.14502
test_14182,0.22975
test_14183,0.99962
test_14184,0.07823
test_14185,0.99348
test_14186,0.05763
test_14187,0.22991
test_14188,0.20153
test_14189,0.00004
test_14190,1.00000
test_14191,0.99997
test_14192,1.00000
test_14193,0.77443
test_14194,0.08664
test_14195,0.98181
test_14196,0.96335
test_14197,0.70574
test_14198,0.20036
test_14199,0.00079
test_14200,0.07910
test_14201,0.00473
test_14202,0.00643
test_14203,0.73648
test_14204,0.01092
test_14205,0.98304
test_14206,0.92950
test_14207,0.93736
test_14208,0.59564
test_14209,0.00031
test_14210,0.81823
test_14211,0.00049
test_14212,1.00000
test_14213,0.02301
test_14214,0.48757
test_14215,0.95373
test_14216,0.35149
test_14217,0.00055
test_14218,0.00154
test_14219,0.99991
test_14220,0.00024
test_14221,0.99372
test_14222,0.00228
test_14223,0.00192
test_14224,0.00061
test_14225,0.99747
test_14226,0.02480
test_14227,0.99852
test_14228,0.00039
test_14229,0.96305
test_14230,0.99994
test_14231,0.14931
test_14232,0.00138
test_14233,0.99975
test_14234,0.73528
test_14235,0.00246
test_14236,0.02312
test_14237,0.99996
test_14238,0.00298
test_14239,0.00181
test_14240,0.00079
test_14241,0.03747
test_14242,0.00890
test_14243,0.99779
test_14244,0.99431
test_14245,0.99125
test_14246,0.99999
test_14247,0.73771
test_14248,0.99218
test_14249,0.00000
test_14250,0.99982
test_14251,0.99990
test_14252,0.97041
test_14253,0.99549
test_14254,0.99679
test_14255,0.00159
test_14256,0.06481
test_14257,0.97887
test_14258,0.03507
test_14259,0.39224
test_14260,0.00169
test_14261,0.00457
test_14262,0.99971
test_14263,0.95680
test_14264,0.92808
test_14265,0.00216
test_14266,0.02383
test_14267,0.99606
test_14268,0.04976
test_14269,0.03549
test_14270,0.09272
test_14271,0.00011
test_14272,0.99881
test_14273,0.45004
test_14274,1.00000
test_14275,0.00561
test_14276,0.74728
test_14277,0.00090
test_14278,0.98107
test_14279,0.99065
test_14280,0.98625
test_14281,0.99879
test_14282,0.46388
test_14283,0.00002
test_14284,0.99999
test_14285,0.65540
test_14286,0.99986
test_14287,0.57783
test_14288,0.99962
test_14289,0.99507
test_14290,0.43032
test_14291,0.98972
test_14292,0.00075
test_14293,0.58223
test_14294,0.00903
test_14295,0.99999
test_14296,0.98344
test_14297,0.98893
test_14298,0.99695
test_14299,0.05617
test_14300,0.99938
test_14301,0.00827
test_14302,0.00434
test_14303,0.95229
test_14304,0.37863
test_14305,0.00312
test_14306,0.98238
test_14307,0.99964
test_14308,0.99428
test_14309,0.00002
test_14310,0.00000
test_14311,0.99795
test_14312,0.99995
test_14313,0.99740
test_14314,0.95444
test_14315,0.00002
test_14316,0.60090
test_14317,0.29002
test_14318,0.42755
test_14319,0.99986
test_14320,0.00036
test_14321,0.99987
test_14322,0.98916
test_14323,0.01070
test_14324,0.99987
test_14325,0.04765
test_14326,0.00032
test_14327,0.02786
test_14328,0.99978
test_14329,0.26306
test_14330,0.00018
test_14331,0.69918
test_14332,0.99942
test_14333,0.00120
test_14334,0.99795
test_14335,0.99779
test_14336,0.99941
test_14337,0.00961
test_14338,0.00003
test_14339,0.99364
test_14340,0.98562
test_14341,0.98428
test_14342,0.05109
test_14343,0.29152
test_14344,0.01336
test_14345,0.00106
test_14346,0.37276
test_14347,0.99997
test_14348,0.25502
test_14349,0.99302
test_14350,0.00780
test_14351,0.00164
test_14352,0.00076
test_14353,0.99928
test_14354,0.00004
test_14355,0.69518
test_14356,0.99942
test_14357,0.00169
test_14358,0.86185
test_14359,0.98461
test_14360,0.89969
test_14361,0.00038
test_14362,0.99960
test_14363,0.22084
test_14364,0.99240
test_14365,0.14622
test_14366,0.99687
test_14367,0.97619
test_14368,0.59175
test_14369,0.99715
test_14370,0.99925
test_14371,0.99987
test_14372,0.00473
test_14373,0.04253
test_14374,0.00110
test_14375,0.73027
test_14376,0.79153
test_14377,0.01709
test_14378,0.94173
test_14379,0.00000
test_14380,0.99731
test_14381,0.00637
test_14382,0.50504
test_14383,0.99856
test_14384,0.00001
test_14385,0.99845
test_14386,0.17644
test_14387,0.01469
test_14388,0.02527
test_14389,0.00474
test_14390,0.99984
test_14391,0.01786
test_14392,0.99943
test_14393,0.91028
test_14394,0.99964
test_14395,0.10351
test_14396,0.99683
test_14397,0.96854
test_14398,0.99502
test_14399,0.98723
test_14400,0.99919
test_14401,0.78791
test_14402,0.00015
test_14403,0.99973
test_14404,0.53786
test_14405,0.99860
test_14406,0.67008
test_14407,0.93580
test_14408,0.97463
test_14409,0.98249
test_14410,0.39133
test_14411,0.00282
test_14412,0.98919
test_14413,0.99908
test_14414,0.00076
test_14415,0.00398
test_14416,0.99996
test_14417,0.00717
test_14418,0.39493
test_14419,0.00012
test_14420,0.00038
test_14421,0.98322
test_14422,0.14778
test_14423,0.99351
test_14424,0.00016
test_14425,0.27606
test_14426,0.02058
test_14427,0.91663
test_14428,0.02987
test_14429,0.98281
test_14430,0.37468
test_14431,0.99994
test_14432,0.00419
test_14433,0.98843
test_14434,0.99769
test_14435,0.04319
test_14436,0.00311
test_14437,0.93345
test_14438,0.99991
test_14439,0.00097
test_14440,0.01111
test_14441,0.99524
test_14442,0.91176
test_14443,0.97472
test_14444,0.98486
test_14445,0.00672
test_14446,0.62724
test_14447,0.99997
test_14448,0.74280
test_14449,0.95039
test_14450,0.84067
test_14451,0.99982
test_14452,0.23492
test_14453,0.97139
test_14454,0.00237
test_14455,0.98268
test_14456,0.95601
test_14457,0.00187
test_14458,0.99824
test_14459,0.00019
test_14460,0.03969
test_14461,0.03008
test_14462,0.99915
test_14463,0.70498
test_14464,0.99994
test_14465,0.93896
test_14466,0.54479
test_14467,0.55786
test_14468,0.99925
test_14469,0.39909
test_14470,0.38220
test_14471,0.00073
test_14472,0.00195
test_14473,0.68695
test_14474,0.24583
test_14475,0.99760
test_14476,0.89206
test_14477,0.99550
test_14478,0.99998
test_14479,0.87598
test_14480,0.99953
test_14481,0.01417
test_14482,0.14141
test_14483,0.58122
test_14484,0.99991
test_14485,0.00936
test_14486,0.00071
test_14487,0.94390
test_14488,0.27667
test_14489,0.00000
test_14490,0.13000
test_14491,0.99151
test_14492,0.99541
test_14493,0.00546
test_14494,0.29225
test_14495,0.00103
test_14496,0.00473
test_14497,0.36541
test_14498,0.94291
test_14499,0.00035
test_14500,0.00094
test_14501,0.01247
test_14502,0.78670
test_14503,0.99780
test_14504,0.99715
test_14505,0.00000
test_14506,0.00006
test_14507,0.99336
test_14508,0.00450
test_14509,0.68858
test_14510,0.97787
test_14511,0.99585
test_14512,0.99994
test_14513,0.41105
test_14514,0.00001
test_14515,0.00019
test_14516,0.99994
test_14517,0.00009
test_14518,0.99372
test_14519,0.99880
test_14520,0.03611
test_14521,0.99976
test_14522,0.00547
test_14523,0.99995
test_14524,0.21335
test_14525,0.99770
test_14526,0.00000
test_14527,0.17296
test_14528,0.94787
test_14529,0.00501
test_14530,0.98938
test_14531,0.97250
test_14532,0.00008
test_14533,0.00017
test_14534,0.99934
test_14535,0.00539
test_14536,0.99998
test_14537,0.00011
test_14538,0.00341
test_14539,0.00003
test_14540,0.99358
test_14541,0.00175
test_14542,0.99997
test_14543,0.00013
test_14544,0.18549
test_14545,0.98871
test_14546,0.99923
test_14547,0.99895
test_14548,0.97966
test_14549,0.22929
test_14550,0.99642
test_14551,0.99390
test_14552,0.64734
test_14553,0.99199
test_14554,0.02096
test_14555,0.03280
test_14556,0.29130
test_14557,0.99843
test_14558,0.02123
test_14559,0.00322
test_14560,0.16569
test_14561,0.99363
test_14562,0.99817
test_14563,0.93311
test_14564,0.25275
test_14565,0.99702
test_14566,0.07962
test_14567,0.68278
test_14568,0.97912
test_14569,0.01255
test_14570,0.99772
test_14571,0.00030
test_14572,0.23481
test_14573,0.99857
test_14574,0.86992
test_14575,0.37219
test_14576,0.99711
test_14577,0.99998
test_14578,0.00381
test_14579,0.00795
test_14580,0.92224
test_14581,0.96294
test_14582,0.99702
test_14583,0.99846
test_14584,0.99769
test_14585,0.99712
test_14586,0.39513
test_14587,0.57855
test_14588,0.98843
test_14589,0.70334
test_14590,0.99891
test_14591,0.99908
test_14592,0.99529
test_14593,0.99971
test_14594,0.99129
test_14595,0.88920
test_14596,0.00051
test_14597,0.09979
test_14598,0.00091
test_14599,0.94175
test_14600,0.99833
test_14601,0.99998
test_14602,0.99968
test_14603,0.96469
test_14604,0.59285
test_14605,0.08136
test_14606,0.03892
test_14607,0.00709
test_14608,0.98653
test_14609,0.78993
test_14610,0.00012
test_14611,0.80593
test_14612,0.00007
test_14613,0.99172
test_14614,0.99459
test_14615,0.98962
test_14616,0.58090
test_14617,1.00000
test_14618,0.99982
test_14619,0.99892
test_14620,0.99980
test_14621,0.99574
test_14622,0.99026
test_14623,0.99805
test_14624,0.99996
test_14625,0.94671
test_14626,0.99997
test_14627,0.95749
test_14628,0.19908
test_14629,0.99920
test_14630,0.00000
test_14631,0.96691
test_14632,0.00024
test_14633,0.98804
test_14634,0.01546
test_14635,0.99568
test_14636,0.17504
test_14637,0.69098
test_14638,1.00000
test_14639,0.00004
test_14640,0.02599
test_14641,0.02360
test_14642,0.00003
test_14643,0.99970
test_14644,0.04983
test_14645,0.99781
test_14646,0.04433
test_14647,0.11341
test_14648,0.20340
test_14649,0.69653
test_14650,0.99940
test_14651,0.99982
test_14652,0.60073
test_14653,0.99974
test_14654,0.00649
test_14655,0.09531
test_14656,0.00124
test_14657,0.94535
test_14658,0.05566
test_14659,0.66234
test_14660,0.42830
test_14661,0.00426
test_14662,0.99947
test_14663,0.93796
test_14664,0.96743
test_14665,0.00002
test_14666,0.99961
test_14667,0.66603
test_14668,0.99994
test_14669,0.10073
test_14670,0.99161
test_14671,0.00056
test_14672,0.99807
test_14673,0.98154
test_14674,0.99969
test_14675,0.75226
test_14676,0.99826
test_14677,0.12619
test_14678,0.99616
test_14679,0.99542
test_14680,0.00127
test_14681,0.00793
test_14682,0.99937
test_14683,0.00227
test_14684,0.99969
test_14685,0.99956
test_14686,0.05191
test_14687,0.08587
test_14688,0.99995
test_14689,0.02834
test_14690,0.99986
test_14691,0.35206
test_14692,0.00396
test_14693,0.80210
test_14694,0.99972
test_14695,0.40237
test_14696,1.00000
test_14697,0.19751
test_14698,0.37882
test_14699,0.99887
test_14700,0.99993
test_14701,0.64074
test_14702,0.99816
test_14703,0.60004
test_14704,0.99984
test_14705,0.66589
test_14706,0.14581
test_14707,0.00157
test_14708,0.03903
test_14709,0.99151
test_14710,0.98706
test_14711,0.04919
test_14712,0.00106
test_14713,0.99999
test_14714,0.99641
test_14715,0.01399
test_14716,0.99999
test_14717,0.99953
test_14718,0.02859
test_14719,0.93392
test_14720,0.96647
test_14721,0.99879
test_14722,0.94713
test_14723,1.00000
test_14724,0.99771
test_14725,0.78580
test_14726,0.96212
test_14727,0.99959
test_14728,0.00001
test_14729,0.12331
test_14730,0.99712
test_14731,0.99985
test_14732,0.98108
test_14733,0.97545
test_14734,0.45428
test_14735,0.99681
test_14736,0.02672
test_14737,0.92848
test_14738,0.00010
test_14739,0.93099
test_14740,0.96376
test_14741,0.00038
test_14742,0.67677
test_14743,0.99937
test_14744,0.99993
test_14745,0.99812
test_14746,0.81310
test_14747,0.51816
test_14748,0.01240
test_14749,0.21651
test_14750,0.46725
test_14751,0.01516
test_14752,0.00175
test_14753,0.01580
test_14754,0.77628
test_14755,0.01312
test_14756,0.99466
test_14757,0.99829
test_14758,0.99266
test_14759,0.00143
test_14760,0.01057
test_14761,0.99137
test_14762,0.00125
test_14763,0.99949
test_14764,0.99928
test_14765,0.00014
test_14766,0.99997
test_14767,0.99994
test_14768,0.99612
test_14769,0.99657
test_14770,0.99467
test_14771,0.99918
test_14772,0.16276
test_14773,0.04140
test_14774,0.82118
test_14775,0.00688
test_14776,0.99805
test_14777,0.69901
test_14778,0.99452
test_14779,0.00090
test_14780,0.99997
test_14781,0.07153
test_14782,0.59279
test_14783,0.00356
test_14784,0.18058
test_14785,0.99900
test_14786,0.01168
test_14787,0.00102
test_14788,0.99959
test_14789,0.00635
test_14790,0.10971
test_14791,0.99898
test_14792,0.99944
test_14793,0.99761
test_14794,0.00001
test_14795,0.85278
test_14796,0.28500
test_14797,0.99998
test_14798,0.99994
test_14799,0.03231
test_14800,0.00140
test_14801,0.00019
test_14802,0.00218
test_14803,0.29184
test_14804,0.00790
test_14805,0.00823
test_14806,0.00028
test_14807,0.82629
test_14808,0.87227
test_14809,0.99989
test_14810,0.75113
test_14811,0.99992
test_14812,0.99955
test_14813,0.99989
test_14814,0.95435
test_14815,0.96158
test_14816,0.00031
test_14817,0.72394
test_14818,0.98981
test_14819,0.99432
test_14820,0.01379
test_14821,0.14373
test_14822,0.99866
test_14823,0.45210
test_14824,0.50209
test_14825,0.00662
test_14826,0.76900
test_14827,0.95720
test_14828,0.00034
test_14829,0.80547
test_14830,0.68126
test_14831,0.99734
test_14832,0.01667
test_14833,0.00034
test_14834,0.99972
test_14835,0.00043
test_14836,0.98535
test_14837,0.03560
test_14838,0.00065
test_14839,0.24158
test_14840,0.02914
test_14841,0.98991
test_14842,0.99996
test_14843,0.11771
test_14844,0.86066
test_14845,0.98596
test_14846,0.99998
test_14847,0.99795
test_14848,0.97975
test_14849,0.99998
test_14850,0.00677
test_14851,0.86609
test_14852,0.05553
test_14853,0.02524
test_14854,0.17662
test_14855,0.99645
test_14856,0.00649
test_14857,0.95060
test_14858,0.99649
test_14859,0.99863
test_14860,0.99977
test_14861,0.99353
test_14862,0.99670
test_14863,0.02257
test_14864,0.00155
test_14865,0.99966
test_14866,0.02712
test_14867,0.11877
test_14868,0.76048
test_14869,1.00000
test_14870,0.00632
test_14871,0.99981
test_14872,0.24494
test_14873,0.00223
test_14874,0.43759
test_14875,0.99895
test_14876,0.06065
test_14877,0.00179
test_14878,0.99083
test_14879,0.99938
test_14880,0.99975
test_14881,0.10406
test_14882,0.00763
test_14883,0.99890
test_14884,0.98374
test_14885,0.99487
test_14886,0.98720
test_14887,0.02366
test_14888,0.33530
test_14889,0.00009
test_14890,0.99252
test_14891,0.44412
test_14892,0.68997
test_14893,0.28951
test_14894,0.99922
test_14895,0.48521
test_14896,0.00746
test_14897,0.14593
test_14898,0.99993
test_14899,0.00093
test_14900,0.08282
test_14901,0.22327
test_14902,0.04297
test_14903,0.99995
test_14904,0.83644
test_14905,0.99999
test_14906,0.99318
test_14907,0.15543
test_14908,0.00415
test_14909,0.00040
test_14910,0.02345
test_14911,0.97835
test_14912,0.93566
test_14913,0.51558
test_14914,0.99969
test_14915,0.00153
test_14916,0.99957
test_14917,0.98410
test_14918,0.19629
test_14919,0.00041
test_14920,0.26707
test_14921,0.11841
test_14922,0.00205
test_14923,0.00005
test_14924,0.98755
test_14925,0.99518
test_14926,0.00669
test_14927,0.98276
test_14928,0.99999
test_14929,0.00009
test_14930,0.79924
test_14931,0.99947
test_14932,0.02643
test_14933,0.00051
test_14934,0.76578
test_14935,0.00022
test_14936,0.62212
test_14937,0.99341
test_14938,0.21320
test_14939,0.00543
test_14940,0.99817
test_14941,0.99984
test_14942,0.98244
test_14943,0.01795
test_14944,0.05970
test_14945,0.05945
test_14946,0.12039
test_14947,0.99812
test_14948,0.99107
test_14949,0.68474
test_14950,0.99998
test_14951,0.00364
test_14952,0.12575
test_14953,0.99999
test_14954,0.00000
test_14955,0.08524
test_14956,0.08166
test_14957,0.59265
test_14958,0.00288
test_14959,0.72509
test_14960,0.99982
test_14961,0.99935
test_14962,0.98504
test_14963,0.99995
test_14964,0.00223
test_14965,1.00000
test_14966,0.96652
test_14967,0.00020
test_14968,0.00040
test_14969,0.00070
test_14970,0.03084
test_14971,0.00119
test_14972,0.99703
test_14973,0.14581
test_14974,0.99855
test_14975,0.97112
test_14976,0.00979
test_14977,0.00465
test_14978,0.62864
test_14979,0.00111
test_14980,0.99952
test_14981,0.23818
test_14982,0.72422
test_14983,0.99806
test_14984,0.01640
test_14985,0.97225
test_14986,0.99954
test_14987,0.00002
test_14988,0.01216
test_14989,0.99996
test_14990,0.85671
test_14991,0.96405
test_14992,0.94725
test_14993,0.99999
test_14994,0.99635
test_14995,0.49524
test_14996,0.99100
test_14997,0.00692
test_14998,0.98475
test_14999,0.07516
test_15000,0.99999
test_15001,0.96881
test_15002,0.00707
test_15003,0.00013
test_15004,0.73502
test_15005,0.00124
test_15006,0.07922
test_15007,0.86255
test_15008,0.99933
test_15009,0.00482
test_15010,0.00003
test_15011,0.00009
test_15012,0.00938
test_15013,0.97812
test_15014,0.99994
test_15015,0.99222
test_15016,0.00102
test_15017,0.09605
test_15018,1.00000
test_15019,0.07100
test_15020,0.99340
test_15021,0.01069
test_15022,0.00086
test_15023,0.99333
test_15024,0.99898
test_15025,0.00303
test_15026,0.01117
test_15027,0.00111
test_15028,0.01942
test_15029,0.99993
test_15030,0.00159
test_15031,0.00093
test_15032,0.00006
test_15033,0.00005
test_15034,0.99833
test_15035,0.99294
test_15036,0.00232
test_15037,0.00064
test_15038,0.97691
test_15039,0.00439
test_15040,0.23416
test_15041,0.57013
test_15042,0.99762
test_15043,0.02980
test_15044,0.99982
test_15045,0.01148
test_15046,0.00129
test_15047,0.99894
test_15048,0.99996
test_15049,0.97972
test_15050,0.99975
test_15051,0.99914
test_15052,0.75610
test_15053,0.02551
test_15054,0.00004
test_15055,0.00106
test_15056,0.86863
test_15057,0.43677
test_15058,0.99694
test_15059,0.98487
test_15060,0.98312
test_15061,0.99982
test_15062,0.99219
test_15063,0.99996
test_15064,0.00390
test_15065,0.99316
test_15066,0.00095
test_15067,0.82058
test_15068,0.44188
test_15069,0.03851
test_15070,0.95617
test_15071,0.02278
test_15072,0.99993
test_15073,0.05673
test_15074,0.00443
test_15075,0.00005
test_15076,0.99885
test_15077,0.99919
test_15078,0.18196
test_15079,0.91780
test_15080,0.49498
test_15081,0.98127
test_15082,0.99994
test_15083,1.00000
test_15084,0.99927
test_15085,0.99862
test_15086,0.06629
test_15087,0.97128
test_15088,0.99956
test_15089,0.00043
test_15090,0.22047
test_15091,0.99985
test_15092,0.99923
test_15093,0.96332
test_15094,0.30780
test_15095,0.41296
test_15096,0.02249
test_15097,0.99936
test_15098,0.05540
test_15099,0.99924
test_15100,0.17115
test_15101,0.00040
test_15102,0.99913
test_15103,0.17844
test_15104,0.92484
test_15105,0.81240
test_15106,0.99970
test_15107,0.20692
test_15108,0.00001
test_15109,0.31860
test_15110,0.99998
test_15111,0.99864
test_15112,0.99859
test_15113,0.92846
test_15114,0.99990
test_15115,0.57269
test_15116,0.99981
test_15117,0.67486
test_15118,0.93078
test_15119,0.01512
test_15120,0.29619
test_15121,0.00101
test_15122,0.93527
test_15123,0.07459
test_15124,0.00015
test_15125,0.05551
test_15126,0.00015
test_15127,0.99985
test_15128,0.01454
test_15129,0.00004
test_15130,0.00005
test_15131,0.99583
test_15132,0.95943
test_15133,0.99396
test_15134,0.99984
test_15135,0.99368
test_15136,0.99816
test_15137,0.15669
test_15138,0.99985
test_15139,0.00001
test_15140,0.00000
test_15141,0.97771
test_15142,1.00000
test_15143,0.62339
test_15144,0.00020
test_15145,0.99545
test_15146,0.95192
test_15147,0.15852
test_15148,0.00349
test_15149,0.99772
test_15150,0.53462
test_15151,0.98229
test_15152,0.02685
test_15153,0.00054
test_15154,0.99753
test_15155,0.00328
test_15156,0.03437
test_15157,0.99975
test_15158,0.01532
test_15159,0.00010
test_15160,0.07744
test_15161,0.99999
test_15162,0.99430
test_15163,0.00068
test_15164,0.99881
test_15165,0.07849
test_15166,0.00044
test_15167,0.94732
test_15168,0.66924
test_15169,0.01058
test_15170,0.35435
test_15171,0.99997
test_15172,0.00046
test_15173,0.02311
test_15174,0.22106
test_15175,0.91260
test_15176,0.99780
test_15177,0.04618
test_15178,0.06764
test_15179,0.23022
test_15180,0.99965
test_15181,0.00288
test_15182,0.99800
test_15183,0.06482
test_15184,0.99858
test_15185,0.99998
test_15186,0.99998
test_15187,0.18518
test_15188,1.00000
test_15189,0.93700
test_15190,0.00002
test_15191,0.00079
test_15192,0.37181
test_15193,0.05832
test_15194,0.67043
test_15195,0.00039
test_15196,0.01287
test_15197,0.99666
test_15198,0.00866
test_15199,0.00020
test_15200,0.00000
test_15201,0.71057
test_15202,0.99877
test_15203,0.03668
test_15204,0.33339
test_15205,0.59876
test_15206,0.99634
test_15207,0.84453
test_15208,0.00045
test_15209,0.00000
test_15210,0.00012
test_15211,0.00027
test_15212,0.01809
test_15213,0.99764
test_15214,0.99993
test_15215,1.00000
test_15216,0.93391
test_15217,0.88239
test_15218,0.99976
test_15219,0.99957
test_15220,0.00294
test_15221,0.00007
test_15222,0.99881
test_15223,0.00911
test_15224,0.01260
test_15225,0.60966
test_15226,0.99989
test_15227,0.00523
test_15228,0.99970
test_15229,0.18839
test_15230,0.99615
test_15231,0.99999
test_15232,0.78319
test_15233,0.02611
test_15234,0.36388
test_15235,0.00282
test_15236,0.99719
test_15237,0.49122
test_15238,0.99705
test_15239,0.99350
test_15240,0.96777
test_15241,0.62781
test_15242,0.02580
test_15243,0.11768
test_15244,0.00022
test_15245,0.98992
test_15246,0.37175
test_15247,1.00000
test_15248,0.95885
test_15249,0.17171
test_15250,0.99985
test_15251,0.99911
test_15252,0.99075
test_15253,0.99998
test_15254,0.00018
test_15255,0.00206
test_15256,0.00366
test_15257,0.87207
test_15258,0.00145
test_15259,0.00283
test_15260,0.99999
test_15261,0.41571
test_15262,0.28137
test_15263,0.99932
test_15264,0.74443
test_15265,0.02625
test_15266,0.99998
test_15267,0.03278
test_15268,0.00001
test_15269,0.99974
test_15270,0.99998
test_15271,0.38673
test_15272,0.99996
test_15273,0.99998
test_15274,0.10523
test_15275,0.00010
test_15276,0.78926
test_15277,0.01853
test_15278,1.00000
test_15279,0.99946
test_15280,0.99331
test_15281,0.00047
test_15282,0.99999
test_15283,0.99882
test_15284,0.98995
test_15285,0.00049
test_15286,0.00515
test_15287,0.99735
test_15288,0.00015
test_15289,0.00355
test_15290,0.99927
test_15291,0.10696
test_15292,0.04396
test_15293,0.74046
test_15294,0.99955
test_15295,0.00367
test_15296,0.99742
test_15297,0.99999
test_15298,0.00050
test_15299,0.11919
test_15300,0.00051
test_15301,0.00040
test_15302,0.01143
test_15303,0.71436
test_15304,0.92335
test_15305,0.98805
test_15306,0.99996
test_15307,0.99777
test_15308,0.09126
test_15309,0.99119
test_15310,0.20245
test_15311,0.00180
test_15312,0.01660
test_15313,0.51236
test_15314,0.98934
test_15315,0.99100
test_15316,0.99457
test_15317,0.02313
test_15318,0.05058
test_15319,0.82214
test_15320,0.01013
test_15321,0.99901
test_15322,0.42256
test_15323,0.99343
test_15324,0.81710
test_15325,0.99982
test_15326,0.12697
test_15327,0.99667
test_15328,0.00593
test_15329,0.99621
test_15330,0.00803
test_15331,0.99307
test_15332,0.97147
test_15333,0.00033
test_15334,0.97268
test_15335,0.00827
test_15336,0.99928
test_15337,0.11633
test_15338,0.07325
test_15339,0.02735
test_15340,0.99081
test_15341,0.99975
test_15342,0.00588
test_15343,0.06053
test_15344,0.99843
test_15345,0.98056
test_15346,0.62285
test_15347,0.82735
test_15348,0.05155
test_15349,1.00000
test_15350,0.08084
test_15351,0.05896
test_15352,0.08764
test_15353,0.98289
test_15354,0.94971
test_15355,0.90101
test_15356,0.00208
test_15357,0.02094
test_15358,0.89265
test_15359,0.99995
test_15360,1.00000
test_15361,0.88623
test_15362,0.00091
test_15363,0.02554
test_15364,0.92741
test_15365,0.01195
test_15366,0.67209
test_15367,0.99840
test_15368,0.70384
test_15369,0.99998
test_15370,0.01538
test_15371,0.97999
test_15372,0.01069
test_15373,0.27257
test_15374,0.17572
test_15375,0.00777
test_15376,1.00000
test_15377,0.95092
test_15378,0.98484
test_15379,0.99964
test_15380,0.82313
test_15381,0.99998
test_15382,0.00619
test_15383,0.14177
test_15384,0.11496
test_15385,0.01274
test_15386,0.99993
test_15387,0.99997
test_15388,0.50953
test_15389,0.92837
test_15390,0.83190
test_15391,0.95923
test_15392,0.97047
test_15393,0.99799
test_15394,0.27903
test_15395,0.99958
test_15396,0.00013
test_15397,0.99971
test_15398,0.84422
test_15399,0.07811
test_15400,0.99983
test_15401,0.98758
test_15402,0.80408
test_15403,0.06516
test_15404,0.99910
test_15405,0.92915
test_15406,0.86983
test_15407,0.99998
test_15408,0.87813
test_15409,0.96398
test_15410,0.99936
test_15411,0.83693
test_15412,0.99875
test_15413,0.99464
test_15414,1.00000
test_15415,0.70944
test_15416,0.00735
test_15417,0.88591
test_15418,0.99929
test_15419,0.00126
test_15420,0.99946
test_15421,0.38449
test_15422,0.02111
test_15423,0.10096
test_15424,0.99971
test_15425,0.99984
test_15426,0.99509
test_15427,0.99976
test_15428,0.99840
test_15429,0.00399
test_15430,0.99929
test_15431,0.99623
test_15432,0.00000
test_15433,0.00260
test_15434,0.99808
test_15435,0.99968
test_15436,0.00097
test_15437,0.99936
test_15438,0.01169
test_15439,0.92813
test_15440,0.06013
test_15441,0.76282
test_15442,0.00364
test_15443,0.00786
test_15444,0.00058
test_15445,0.99840
test_15446,0.99767
test_15447,0.44695
test_15448,0.70496
test_15449,0.00442
test_15450,0.88789
test_15451,0.00356
test_15452,0.99763
test_15453,0.80453
test_15454,0.17968
test_15455,0.99685
test_15456,0.99626
test_15457,0.83932
test_15458,0.23598
test_15459,0.99738
test_15460,0.99852
test_15461,0.66353
test_15462,0.97120
test_15463,0.00007
test_15464,0.00006
test_15465,0.95784
test_15466,0.99997
test_15467,0.04875
test_15468,0.99667
test_15469,0.54611
test_15470,0.99857
test_15471,0.75589
test_15472,0.00016
test_15473,0.44177
test_15474,0.00027
test_15475,0.64898
test_15476,0.19266
test_15477,0.99823
test_15478,0.99999
test_15479,0.99983
test_15480,0.11665
test_15481,0.99999
test_15482,0.18942
test_15483,0.98962
test_15484,0.25179
test_15485,0.90349
test_15486,0.37033
test_15487,0.00994
test_15488,0.22336
test_15489,0.00014
test_15490,0.07732
test_15491,0.00286
test_15492,0.96364
test_15493,0.10706
test_15494,0.76614
test_15495,0.07480
test_15496,0.00099
test_15497,0.99123
test_15498,0.11796
test_15499,0.99991
test_15500,0.00002
test_15501,0.98919
test_15502,0.99059
test_15503,1.00000
test_15504,1.00000
test_15505,0.85800
test_15506,0.00822
test_15507,0.00047
test_15508,0.99988
test_15509,0.21302
test_15510,0.38190
test_15511,0.88925
test_15512,0.00506
test_15513,0.13173
test_15514,0.99631
test_15515,0.97401
test_15516,0.99327
test_15517,0.39644
test_15518,0.01864
test_15519,0.99736
test_15520,0.13888
test_15521,0.98881
test_15522,0.98630
test_15523,0.00190
test_15524,0.17820
test_15525,0.00229
test_15526,0.99980
test_15527,0.99517
test_15528,0.02024
test_15529,0.02354
test_15530,0.98452
test_15531,0.20853
test_15532,0.01168
test_15533,0.00139
test_15534,0.00446
test_15535,0.00005
test_15536,0.00021
test_15537,0.99957
test_15538,0.31441
test_15539,0.02044
test_15540,0.00082
test_15541,0.99484
test_15542,0.00080
test_15543,0.02829
test_15544,0.83511
test_15545,0.82202
test_15546,0.00002
test_15547,0.00001
test_15548,0.00285
test_15549,0.71227
test_15550,0.99986
test_15551,0.00258
test_15552,0.01685
test_15553,0.85002
test_15554,0.32780
test_15555,0.92184
test_15556,0.91038
test_15557,0.00186
test_15558,0.00497
test_15559,0.83872
test_15560,0.99476
test_15561,0.73357
test_15562,0.95237
test_15563,0.99797
test_15564,0.00123
test_15565,0.03304
test_15566,1.00000
test_15567,0.48810
test_15568,0.68210
test_15569,0.06389
test_15570,0.99931
test_15571,0.28077
test_15572,0.06579
test_15573,0.99985
test_15574,0.99999
test_15575,0.00055
test_15576,0.99895
test_15577,0.99977
test_15578,0.99916
test_15579,0.47669
test_15580,1.00000
test_15581,0.00039
test_15582,0.63899
test_15583,0.01795
test_15584,0.12618
test_15585,0.98432
test_15586,0.94145
test_15587,0.04109
test_15588,0.12929
test_15589,0.94430
test_15590,0.06612
test_15591,0.42479
test_15592,0.97143
test_15593,0.99870
test_15594,0.99738
test_15595,0.19962
test_15596,0.99666
test_15597,0.99944
test_15598,0.63066
test_15599,0.99326
test_15600,0.70618
test_15601,0.99953
test_15602,0.00256
test_15603,0.00731
test_15604,0.02817
test_15605,0.00017
test_15606,0.63083
test_15607,0.97391
test_15608,0.06331
test_15609,0.99523
test_15610,0.01615
test_15611,0.89521
test_15612,0.99230
test_15613,0.99919
test_15614,0.32040
test_15615,0.24178
test_15616,0.00529
test_15617,0.92071
test_15618,0.02128
test_15619,0.99594
test_15620,0.00005
test_15621,0.91141
test_15622,0.00366
test_15623,0.01154
test_15624,0.00066
test_15625,0.08243
test_15626,0.96505
test_15627,0.95575
test_15628,0.00482
test_15629,0.00063
test_15630,0.00029
test_15631,0.99975
test_15632,0.96946
test_15633,0.99817
test_15634,0.00016
test_15635,0.02214
test_15636,0.99920
test_15637,1.00000
test_15638,0.99995
test_15639,0.01508
test_15640,0.99066
test_15641,0.87289
test_15642,0.97712
test_15643,0.97508
test_15644,0.14286
test_15645,0.99736
test_15646,0.99980
test_15647,0.00001
test_15648,0.00191
test_15649,0.04384
test_15650,0.99964
test_15651,0.21610
test_15652,0.99711
test_15653,0.00000
test_15654,0.98790
test_15655,0.03118
test_15656,0.71063
test_15657,0.34820
test_15658,0.99696
test_15659,0.00891
test_15660,0.04904
test_15661,0.00454
test_15662,0.93158
test_15663,0.68823
test_15664,0.00220
test_15665,0.32204
test_15666,0.99862
test_15667,0.09518
test_15668,0.99986
test_15669,0.99874
test_15670,0.01294
test_15671,0.92188
test_15672,0.99991
test_15673,0.38184
test_15674,0.02763
test_15675,0.99954
test_15676,0.04800
test_15677,0.67922
test_15678,0.99999
test_15679,1.00000
test_15680,0.99808
test_15681,0.88788
test_15682,0.86039
test_15683,0.77951
test_15684,0.69519
test_15685,0.00011
test_15686,0.90029
test_15687,0.99788
test_15688,0.97882
test_15689,0.37047
test_15690,0.00664
test_15691,0.00001
test_15692,0.00234
test_15693,0.99997
test_15694,0.55354
test_15695,0.48731
test_15696,0.99953
test_15697,0.96055
test_15698,0.00003
test_15699,0.70150
test_15700,0.00007
test_15701,0.96502
test_15702,0.99497
test_15703,0.13025
test_15704,0.01363
test_15705,0.89411
test_15706,0.99890
test_15707,0.97641
test_15708,0.12370
test_15709,0.99928
test_15710,0.99988
test_15711,0.99999
test_15712,0.00259
test_15713,0.97113
test_15714,0.39184
test_15715,0.99885
test_15716,0.04762
test_15717,0.66722
test_15718,0.99991
test_15719,0.76559
test_15720,0.99403
test_15721,0.96817
test_15722,0.90077
test_15723,0.99919
test_15724,0.99998
test_15725,0.93790
test_15726,0.98134
test_15727,0.92847
test_15728,0.04365
test_15729,0.00897
test_15730,0.00873
test_15731,0.01901
test_15732,0.99920
test_15733,0.90863
test_15734,0.05012
test_15735,0.00727
test_15736,0.06088
test_15737,0.99700
test_15738,0.65787
test_15739,0.98930
test_15740,0.81366
test_15741,0.99995
test_15742,0.99198
test_15743,0.96728
test_15744,0.32593
test_15745,0.65494
test_15746,0.99897
test_15747,0.99998
test_15748,0.00053
test_15749,0.99994
test_15750,0.03148
test_15751,0.99996
test_15752,0.94374
test_15753,0.99994
test_15754,0.00002
test_15755,0.99997
test_15756,0.00178
test_15757,0.99840
test_15758,0.98306
test_15759,0.52400
test_15760,0.89819
test_15761,0.99924
test_15762,0.81209
test_15763,0.27448
test_15764,0.99978
test_15765,0.97844
test_15766,0.81351
test_15767,0.76470
test_15768,0.00022
test_15769,0.01104
test_15770,0.99699
test_15771,0.00005
test_15772,0.02280
test_15773,0.00002
test_15774,0.87156
test_15775,1.00000
test_15776,0.00050
test_15777,0.35895
test_15778,0.00003
test_15779,0.00108
test_15780,0.00664
test_15781,0.64970
test_15782,0.95677
test_15783,0.99995
test_15784,0.06273
test_15785,0.38764
test_15786,0.99749
test_15787,0.47641
test_15788,0.00462
test_15789,0.00047
test_15790,0.98136
test_15791,0.99936
test_15792,0.84166
test_15793,0.98809
test_15794,0.81179
test_15795,0.95796
test_15796,0.00763
test_15797,0.00484
test_15798,0.99570
test_15799,0.00133
test_15800,0.90661
test_15801,0.97382
test_15802,0.49522
test_15803,0.00011
test_15804,0.00006
test_15805,0.99854
test_15806,0.01571
test_15807,0.98915
test_15808,0.59964
test_15809,0.94698
test_15810,0.00009
test_15811,0.99996
test_15812,0.00541
test_15813,0.89775
test_15814,0.55403
test_15815,0.00068
test_15816,0.97632
test_15817,0.03012
test_15818,0.62299
test_15819,0.94355
test_15820,0.03602
test_15821,0.92473
test_15822,0.98584
test_15823,0.06428
test_15824,0.82710
test_15825,0.61320
test_15826,0.00301
test_15827,0.99532
test_15828,0.99408
test_15829,0.94997
test_15830,0.00061
test_15831,0.00435
test_15832,1.00000
test_15833,0.98006
test_15834,0.99681
test_15835,0.08244
test_15836,0.99977
test_15837,0.99952
test_15838,0.00447
test_15839,0.99988
test_15840,0.99864
test_15841,0.00005
test_15842,0.99533
test_15843,0.09579
test_15844,0.50577
test_15845,0.98588
test_15846,0.03147
test_15847,0.00083
test_15848,0.98768
test_15849,0.84823
test_15850,0.00117
test_15851,0.06793
test_15852,0.00073
test_15853,0.19487
test_15854,0.99032
test_15855,0.99898
test_15856,0.33249
test_15857,0.00071
test_15858,0.97026
test_15859,0.99998
test_15860,0.00011
test_15861,0.98702
test_15862,0.95019
test_15863,0.92040
test_15864,0.99850
test_15865,0.99986
test_15866,0.99994
test_15867,0.99991
test_15868,0.80755
test_15869,0.00473
test_15870,0.00019
test_15871,0.94609
test_15872,0.03685
test_15873,0.37578
test_15874,0.29627
test_15875,0.00068
test_15876,0.00414
test_15877,0.00011
test_15878,0.29404
test_15879,0.14236
test_15880,0.62551
test_15881,0.00041
test_15882,0.63838
test_15883,0.36440
test_15884,0.99998
test_15885,0.99952
test_15886,0.02838
test_15887,0.98212
test_15888,0.41654
test_15889,0.43263
test_15890,0.71361
test_15891,0.99973
test_15892,0.99959
test_15893,0.00187
test_15894,0.00072
test_15895,0.99691
test_15896,0.96600
test_15897,0.68926
test_15898,0.92371
test_15899,0.00214
test_15900,0.98731
test_15901,0.99931
test_15902,0.00597
test_15903,0.93287
test_15904,0.37212
test_15905,0.71995
test_15906,0.00303
test_15907,0.99725
test_15908,0.00043
test_15909,0.99994
test_15910,0.99880
test_15911,0.33475
test_15912,0.92226
test_15913,0.82812
test_15914,0.99933
test_15915,0.00010
test_15916,0.01220
test_15917,0.01518
test_15918,0.00372
test_15919,0.99351
test_15920,0.61746
test_15921,0.99980
test_15922,0.03039
test_15923,0.99118
test_15924,0.40917
test_15925,0.59391
test_15926,0.99969
test_15927,0.99992
test_15928,0.98269
test_15929,0.99998
test_15930,0.13137
test_15931,0.91486
test_15932,0.10373
test_15933,0.99908
test_15934,0.01066
test_15935,0.99877
test_15936,0.00042
test_15937,0.99858
test_15938,0.99977
test_15939,0.88295
test_15940,0.98922
test_15941,0.99992
test_15942,0.00027
test_15943,0.99292
test_15944,0.00236
test_15945,0.99994
test_15946,0.00171
test_15947,0.01098
test_15948,0.99978
test_15949,0.99998
test_15950,0.57647
test_15951,0.00099
test_15952,0.66605
test_15953,0.60827
test_15954,0.99949
test_15955,0.02975
test_15956,0.00962
test_15957,0.00006
test_15958,0.99871
test_15959,0.99968
test_15960,0.98791
test_15961,0.92109
test_15962,0.93400
test_15963,0.62271
test_15964,0.99924
test_15965,0.00853
test_15966,0.99797
test_15967,0.04390
test_15968,0.00020
test_15969,0.51825
test_15970,0.98892
test_15971,0.00015
test_15972,0.73448
test_15973,0.37228
test_15974,0.83478
test_15975,0.35611
test_15976,0.99880
test_15977,0.88049
test_15978,0.63261
test_15979,0.82634
test_15980,0.34544
test_15981,1.00000
test_15982,0.00108
test_15983,0.99547
test_15984,0.98434
test_15985,0.00643
test_15986,0.36637
test_15987,0.00161
test_15988,0.99978
test_15989,0.02152
test_15990,0.99974
test_15991,0.91628
test_15992,0.64752
test_15993,0.99955
test_15994,0.00000
test_15995,0.51072
test_15996,0.82876
test_15997,0.11463
test_15998,0.00132
test_15999,0.97980
test_16000,0.00233
test_16001,0.99872
test_16002,0.00162
test_16003,0.33509
test_16004,0.00978
test_16005,0.04269
test_16006,0.99896
test_16007,0.95136
test_16008,0.83459
test_16009,0.00002
test_16010,0.06596
test_16011,0.05303
test_16012,0.00164
test_16013,0.96366
test_16014,0.00151
test_16015,0.00010
test_16016,0.45728
test_16017,0.00071
test_16018,1.00000
test_16019,0.00111
test_16020,0.61076
test_16021,1.00000
test_16022,0.99831
test_16023,0.00160
test_16024,0.00135
test_16025,0.33732
test_16026,0.45921
test_16027,0.98945
test_16028,0.02374
test_16029,0.00339
test_16030,0.00253
test_16031,0.38366
test_16032,0.99920
test_16033,0.00157
test_16034,0.99999
test_16035,0.00187
test_16036,0.00041
test_16037,0.00098
test_16038,0.01683
test_16039,0.12717
test_16040,0.00012
test_16041,0.99999
test_16042,0.87875
test_16043,0.99641
test_16044,0.99889
test_16045,0.99291
test_16046,0.17574
test_16047,0.97535
test_16048,0.99821
test_16049,0.93125
test_16050,0.59187
test_16051,0.99838
test_16052,0.00059
test_16053,0.78735
test_16054,0.03834
test_16055,0.00640
test_16056,0.99759
test_16057,1.00000
test_16058,0.73181
test_16059,0.99955
test_16060,0.06923
test_16061,0.99129
test_16062,0.06800
test_16063,0.72438
test_16064,0.99691
test_16065,1.00000
test_16066,0.99354
test_16067,0.99654
test_16068,0.04581
test_16069,0.94659
test_16070,0.99378
test_16071,0.99986
test_16072,0.89345
test_16073,0.00174
test_16074,0.00194
test_16075,0.99993
test_16076,0.98932
test_16077,0.99950
test_16078,0.23809
test_16079,0.00597
test_16080,0.99874
test_16081,0.96323
test_16082,0.87152
test_16083,0.09718
test_16084,0.00324
test_16085,0.00236
test_16086,0.99140
test_16087,0.65057
test_16088,0.90968
test_16089,0.04758
test_16090,0.95575
test_16091,0.95872
test_16092,0.12526
test_16093,0.00821
test_16094,1.00000
test_16095,0.99999
test_16096,0.99914
test_16097,0.00289
test_16098,0.84858
test_16099,0.95671
test_16100,0.00001
test_16101,0.00074
test_16102,0.99991
test_16103,0.11361
test_16104,0.04298
test_16105,0.01150
test_16106,0.99941
test_16107,0.99319
test_16108,0.02699
test_16109,0.99973
test_16110,0.00007
test_16111,0.92738
test_16112,1.00000
test_16113,0.99856
test_16114,0.93713
test_16115,0.22847
test_16116,0.17057
test_16117,0.99650
test_16118,0.99669
test_16119,0.68105
test_16120,0.58250
test_16121,0.99878
test_16122,0.30205
test_16123,0.99983
test_16124,0.98265
test_16125,0.59600
test_16126,0.79337
test_16127,0.99329
test_16128,0.98601
test_16129,0.03351
test_16130,0.99803
test_16131,0.00816
test_16132,0.99997
test_16133,0.01524
test_16134,0.79557
test_16135,0.99915
test_16136,1.00000
test_16137,1.00000
test_16138,0.84495
test_16139,0.99972
test_16140,0.03896
test_16141,0.00069
test_16142,0.54688
test_16143,0.97422
test_16144,0.92769
test_16145,0.90891
test_16146,0.02258
test_16147,0.03888
test_16148,0.00773
test_16149,0.05661
test_16150,0.34591
test_16151,0.99959
test_16152,0.10329
test_16153,1.00000
test_16154,0.08036
test_16155,0.99998
test_16156,0.99488
test_16157,0.06902
test_16158,0.01234
test_16159,0.26611
test_16160,0.83435
test_16161,0.98752
test_16162,0.99200
test_16163,0.00097
test_16164,0.99612
test_16165,0.06237
test_16166,0.00015
test_16167,0.01803
test_16168,0.00011
test_16169,0.99914
test_16170,0.99367
test_16171,0.03693
test_16172,0.00446
test_16173,0.99995
test_16174,0.00016
test_16175,0.05700
test_16176,0.85180
test_16177,0.00001
test_16178,0.00000
test_16179,0.17465
test_16180,0.11000
test_16181,0.99995
test_16182,0.00999
test_16183,0.11755
test_16184,0.96754
test_16185,0.99996
test_16186,0.07231
test_16187,0.00092
test_16188,0.00043
test_16189,0.99817
test_16190,0.29451
test_16191,0.99523
test_16192,0.29169
test_16193,0.99858
test_16194,0.00862
test_16195,0.99982
test_16196,0.00219
test_16197,0.97178
test_16198,0.00473
test_16199,0.60165
test_16200,0.02140
test_16201,0.00017
test_16202,0.99926
test_16203,0.99551
test_16204,0.99734
test_16205,0.99988
test_16206,1.00000
test_16207,0.99804
test_16208,0.95563
test_16209,0.84417
test_16210,0.99805
test_16211,0.99885
test_16212,0.99999
test_16213,0.99834
test_16214,0.00012
test_16215,0.98334
test_16216,1.00000
test_16217,0.00536
test_16218,0.97515
test_16219,0.99968
test_16220,0.99984
test_16221,0.99920
test_16222,0.99486
test_16223,0.55279
test_16224,0.99948
test_16225,0.98073
test_16226,0.99902
test_16227,0.06540
test_16228,0.91386
test_16229,0.99825
test_16230,0.98609
test_16231,0.01671
test_16232,0.00419
test_16233,0.00002
test_16234,0.97166
test_16235,0.98195
test_16236,0.00003
test_16237,0.99998
test_16238,0.17612
test_16239,0.49513
test_16240,0.99290
test_16241,0.32390
test_16242,0.98901
test_16243,0.99978
test_16244,0.49668
test_16245,0.99556
test_16246,0.89889
test_16247,0.00003
test_16248,0.99344
test_16249,0.00020
test_16250,0.90803
test_16251,0.80038
test_16252,0.01544
test_16253,0.09610
test_16254,0.99997
test_16255,0.11800
test_16256,0.00886
test_16257,0.16400
test_16258,0.00128
test_16259,0.99998
test_16260,0.32038
test_16261,0.97666
test_16262,1.00000
test_16263,0.98114
test_16264,0.02300
test_16265,0.99999
test_16266,0.99985
test_16267,0.36302
test_16268,1.00000
test_16269,0.22406
test_16270,0.99904
test_16271,0.99794
test_16272,0.99958
test_16273,1.00000
test_16274,0.97850
test_16275,0.00003
test_16276,0.00026
test_16277,0.99991
test_16278,0.00000
test_16279,0.00000
test_16280,0.99787
test_16281,0.99971
test_16282,0.99998
test_16283,0.00118
test_16284,0.16631
test_16285,0.99771
test_16286,0.26074
test_16287,0.99987
test_16288,0.00143
test_16289,0.69937
test_16290,0.03367
test_16291,0.99995
test_16292,0.47482
test_16293,0.99994
test_16294,0.00514
test_16295,0.99748
test_16296,0.00018
test_16297,0.99755
test_16298,0.99924
test_16299,0.29092
test_16300,0.04449
test_16301,0.00054
test_16302,0.17959
test_16303,0.99552
test_16304,0.89224
test_16305,0.99995
test_16306,0.99804
test_16307,0.99873
test_16308,0.99599
test_16309,0.99982
test_16310,0.00679
test_16311,0.99577
test_16312,0.13685
test_16313,0.00457
test_16314,0.99702
test_16315,0.67647
test_16316,0.99977
test_16317,0.91835
test_16318,0.99959
test_16319,0.00015
test_16320,0.99938
test_16321,0.32196
test_16322,0.03753
test_16323,0.83647
test_16324,0.95524
test_16325,0.12128
test_16326,0.99998
test_16327,0.03503
test_16328,0.05173
test_16329,0.01002
test_16330,0.99212
test_16331,0.00054
test_16332,0.85009
test_16333,0.09719
test_16334,1.00000
test_16335,0.99733
test_16336,0.00289
test_16337,0.64357
test_16338,0.99948
test_16339,0.94155
test_16340,0.99967
test_16341,0.99806
test_16342,0.99837
test_16343,0.99907
test_16344,0.07028
test_16345,0.25497
test_16346,0.96101
test_16347,0.00127
test_16348,0.65975
test_16349,0.99745
test_16350,0.37617
test_16351,0.99976
test_16352,0.00020
test_16353,0.99976
test_16354,0.66420
test_16355,0.99988
test_16356,0.18441
test_16357,0.03697
test_16358,0.00002
test_16359,0.97284
test_16360,0.00472
test_16361,0.00005
test_16362,0.98798
test_16363,0.00409
test_16364,0.40006
test_16365,0.84529
test_16366,0.76951
test_16367,0.99953
test_16368,0.00639
test_16369,0.00659
test_16370,0.00216
test_16371,0.77075
test_16372,0.99975
test_16373,0.12172
test_16374,0.00190
test_16375,0.64811
test_16376,0.99521
test_16377,0.98211
test_16378,0.01023
test_16379,0.13629
test_16380,0.00723
test_16381,0.26557
test_16382,0.07142
test_16383,0.94419
test_16384,0.99999
test_16385,0.08428
test_16386,0.99495
test_16387,0.99762
test_16388,0.93355
test_16389,0.99982
test_16390,0.48063
test_16391,0.94688
test_16392,0.99998
test_16393,0.00011
test_16394,0.61817
test_16395,0.00978
test_16396,0.99074
test_16397,0.00050
test_16398,0.99983
test_16399,0.45703
test_16400,0.16574
test_16401,0.82173
test_16402,0.86495
test_16403,0.99912
test_16404,0.99991
test_16405,0.00028
test_16406,0.00048
test_16407,0.99976
test_16408,0.91198
test_16409,0.00035
test_16410,0.00042
test_16411,0.02004
test_16412,0.01973
test_16413,0.02872
test_16414,0.74675
test_16415,0.99998
test_16416,0.05294
test_16417,0.00378
test_16418,0.00517
test_16419,0.00938
test_16420,0.00002
test_16421,0.94864
test_16422,0.00148
test_16423,1.00000
test_16424,0.89560
test_16425,0.00052
test_16426,0.13630
test_16427,0.45975
test_16428,0.33706
test_16429,0.99970
test_16430,1.00000
test_16431,0.99752
test_16432,0.90818
test_16433,0.00039
test_16434,0.96105
test_16435,0.00248
test_16436,0.06268
test_16437,0.02042
test_16438,0.57497
test_16439,1.00000
test_16440,0.99799
test_16441,0.00011
test_16442,0.99984
test_16443,0.04370
test_16444,1.00000
test_16445,0.28994
test_16446,0.02801
test_16447,0.99839
test_16448,0.25054
test_16449,0.99970
test_16450,0.66428
test_16451,0.00534
test_16452,0.00004
test_16453,0.96305
test_16454,0.00000
test_16455,0.99978
test_16456,0.99566
test_16457,0.15945
test_16458,0.00071
test_16459,0.54763
test_16460,0.00129
test_16461,1.00000
test_16462,0.09892
test_16463,0.99976
test_16464,0.99686
test_16465,0.29806
test_16466,0.80289
test_16467,0.98956
test_16468,0.72609
test_16469,0.99694
test_16470,0.54495
test_16471,0.49389
test_16472,0.00002
test_16473,0.37397
test_16474,0.96925
test_16475,0.05679
test_16476,0.00035
test_16477,0.01564
test_16478,1.00000
test_16479,0.96854
test_16480,0.99969
test_16481,0.00010
test_16482,0.93182
test_16483,0.00080
test_16484,0.99918
test_16485,0.04152
test_16486,0.98001
test_16487,0.00154
test_16488,0.00036
test_16489,0.00467
test_16490,0.91164
test_16491,0.99935
test_16492,0.09657
test_16493,0.00215
test_16494,0.01632
test_16495,0.98633
test_16496,0.99953
test_16497,0.01369
test_16498,0.75250
test_16499,0.66731
test_16500,0.25036
test_16501,0.98388
test_16502,0.01420
test_16503,0.00704
test_16504,0.00026
test_16505,0.99997
test_16506,0.02545
test_16507,0.00220
test_16508,0.99430
test_16509,0.00254
test_16510,0.04631
test_16511,0.99963
test_16512,0.01827
test_16513,0.92149
test_16514,0.00175
test_16515,0.95956
test_16516,0.99999
test_16517,0.51452
test_16518,0.99488
test_16519,0.99999
test_16520,0.99260
test_16521,0.28203
test_16522,0.99208
test_16523,0.99845
test_16524,0.05021
test_16525,0.06583
test_16526,0.87624
test_16527,0.00105
test_16528,0.00976
test_16529,0.99997
test_16530,0.01601
test_16531,0.84521
test_16532,1.00000
test_16533,0.00005
test_16534,1.00000
test_16535,0.98247
test_16536,0.00002
test_16537,0.28152
test_16538,0.99903
test_16539,0.93319
test_16540,0.01059
test_16541,0.00001
test_16542,0.96252
test_16543,0.46438
test_16544,0.35375
test_16545,0.00007
test_16546,1.00000
test_16547,0.92107
test_16548,0.00033
test_16549,0.11044
test_16550,1.00000
test_16551,0.99964
test_16552,1.00000
test_16553,0.00871
test_16554,0.00132
test_16555,0.21422
test_16556,0.99244
test_16557,0.99998
test_16558,0.99999
test_16559,0.99998
test_16560,0.00035
test_16561,0.56638
test_16562,0.27181
test_16563,0.02188
test_16564,0.99902
test_16565,0.98769
test_16566,0.00004
test_16567,0.99989
test_16568,0.49028
test_16569,0.01907
test_16570,0.99651
test_16571,0.99995
test_16572,0.10946
test_16573,0.00005
test_16574,0.49565
test_16575,0.00565
test_16576,0.00009
test_16577,0.00005
test_16578,0.99997
test_16579,0.60698
test_16580,0.00475
test_16581,0.01142
test_16582,0.17341
test_16583,0.99989
test_16584,0.96514
test_16585,0.00003
test_16586,0.99838
test_16587,0.63518
test_16588,0.54424
test_16589,0.94636
test_16590,0.08628
test_16591,0.99977
test_16592,0.02456
test_16593,0.00297
test_16594,0.01329
test_16595,0.93039
test_16596,0.00100
test_16597,0.13443
test_16598,0.99777
test_16599,0.61527
test_16600,0.99329
test_16601,0.00235
test_16602,0.99991
test_16603,0.34190
test_16604,0.99999
test_16605,0.00323
test_16606,0.17017
test_16607,0.42171
test_16608,0.99994
test_16609,0.99013
test_16610,0.08113
test_16611,0.97621
test_16612,0.03810
test_16613,0.99988
test_16614,0.99961
test_16615,0.08085
test_16616,0.00003
test_16617,0.00024
test_16618,0.00817
test_16619,0.19440
test_16620,0.99997
test_16621,0.95936
test_16622,0.34134
test_16623,0.98900
test_16624,0.27893
test_16625,0.01392
test_16626,0.00087
test_16627,0.02023
test_16628,0.00156
test_16629,0.10703
test_16630,0.00131
test_16631,0.02541
test_16632,0.99031
test_16633,0.01246
test_16634,0.21328
test_16635,0.01786
test_16636,0.96187
test_16637,0.21787
test_16638,0.99834
test_16639,0.99650
test_16640,0.99900
test_16641,0.87555
test_16642,1.00000
test_16643,0.96471
test_16644,0.99984
test_16645,0.99825
test_16646,0.98324
test_16647,0.94277
test_16648,0.26694
test_16649,0.23480
test_16650,0.82572
test_16651,0.00025
test_16652,0.00071
test_16653,0.99995
test_16654,0.95923
test_16655,0.00239
test_16656,0.99714
test_16657,0.99880
test_16658,0.99900
test_16659,0.95269
test_16660,0.99961
test_16661,0.07632
test_16662,0.96553
test_16663,0.00670
test_16664,0.99917
test_16665,0.04272
test_16666,0.99841
test_16667,0.03683
test_16668,0.99995
test_16669,0.00016
test_16670,0.22682
test_16671,0.99842
test_16672,0.99945
test_16673,0.00306
test_16674,0.78513
test_16675,0.70942
test_16676,0.99279
test_16677,0.36163
test_16678,0.93966
test_16679,0.06183
test_16680,0.00800
test_16681,0.00074
test_16682,0.99359
test_16683,0.09255
test_16684,0.32898
test_16685,0.00682
test_16686,0.01418
test_16687,0.99605
test_16688,0.94573
test_16689,0.60541
test_16690,0.99993
test_16691,0.96517
test_16692,0.99932
test_16693,0.00006
test_16694,0.99999
test_16695,0.00757
test_16696,0.15782
test_16697,0.05073
test_16698,0.56855
test_16699,0.00627
test_16700,0.97098
test_16701,0.00011
test_16702,0.10927
test_16703,0.99994
test_16704,0.33213
test_16705,0.92687
test_16706,0.99910
test_16707,0.94770
test_16708,0.99999
test_16709,0.99983
test_16710,0.00120
test_16711,0.97994
test_16712,0.97548
test_16713,0.12753
test_16714,0.01057
test_16715,0.00003
test_16716,0.01992
test_16717,0.23904
test_16718,0.00251
test_16719,0.01651
test_16720,0.00377
test_16721,0.99256
test_16722,0.99998
test_16723,0.99990
test_16724,0.00347
test_16725,0.03702
test_16726,0.02904
test_16727,0.99797
test_16728,0.00036
test_16729,0.35176
test_16730,0.85300
test_16731,0.02588
test_16732,0.22258
test_16733,0.01113
test_16734,0.98650
test_16735,0.00145
test_16736,0.99920
test_16737,0.99726
test_16738,0.92077
test_16739,0.22582
test_16740,0.99729
test_16741,0.00048
test_16742,0.56378
test_16743,0.00372
test_16744,0.99987
test_16745,0.00119
test_16746,0.34192
test_16747,0.22151
test_16748,0.99999
test_16749,0.02398
test_16750,0.00004
test_16751,0.99996
test_16752,0.59129
test_16753,0.99935
test_16754,0.00288
test_16755,0.01374
test_16756,0.99997
test_16757,0.00012
test_16758,0.93858
test_16759,0.99997
test_16760,0.99924
test_16761,0.99218
test_16762,0.54476
test_16763,0.31035
test_16764,0.07284
test_16765,0.99850
test_16766,0.99996
test_16767,0.17629
test_16768,0.00052
test_16769,0.05108
test_16770,0.99801
test_16771,0.99532
test_16772,0.00547
test_16773,0.97211
test_16774,0.95072
test_16775,0.71683
test_16776,0.02155
test_16777,0.99867
test_16778,0.63883
test_16779,0.27308
test_16780,1.00000
test_16781,0.83802
test_16782,1.00000
test_16783,0.99918
test_16784,0.99220
test_16785,0.99988
test_16786,0.00023
test_16787,0.10804
test_16788,0.03072
test_16789,0.99610
test_16790,0.00571
test_16791,0.00006
test_16792,0.99997
test_16793,0.06318
test_16794,0.92583
test_16795,0.00073
test_16796,0.42167
test_16797,0.01906
test_16798,0.45439
test_16799,0.99742
test_16800,0.96240
test_16801,0.99992
test_16802,0.99999
test_16803,0.00351
test_16804,0.99951
test_16805,0.57178
test_16806,0.99713
test_16807,0.98806
test_16808,0.00023
test_16809,0.00819
test_16810,0.00746
test_16811,0.99269
test_16812,0.32672
test_16813,0.00040
test_16814,0.99841
test_16815,0.99977
test_16816,0.00004
test_16817,0.99981
test_16818,0.00729
test_16819,0.99987
test_16820,0.01343
test_16821,0.95176
test_16822,0.01448
test_16823,0.99986
test_16824,0.99205
test_16825,0.98333
test_16826,0.99932
test_16827,0.04137
test_16828,0.42771
test_16829,0.27956
test_16830,0.00400
test_16831,1.00000
test_16832,0.88328
test_16833,0.34698
test_16834,0.95173
test_16835,0.99991
test_16836,0.04120
test_16837,0.99995
test_16838,0.84487
test_16839,0.28547
test_16840,0.98915
test_16841,0.99155
test_16842,0.32715
test_16843,0.00855
test_16844,0.99999
test_16845,0.00241
test_16846,0.00038
test_16847,0.99756
test_16848,0.67512
test_16849,0.99989
test_16850,0.00123
test_16851,0.00265
test_16852,0.12916
test_16853,0.06543
test_16854,0.20575
test_16855,0.00008
test_16856,0.62334
test_16857,0.99873
test_16858,0.97165
test_16859,0.02780
test_16860,0.98081
test_16861,0.00889
test_16862,0.00006
test_16863,0.99996
test_16864,0.14321
test_16865,0.03996
test_16866,0.18544
test_16867,0.98579
test_16868,0.99987
test_16869,0.95704
test_16870,0.99998
test_16871,1.00000
test_16872,0.99724
test_16873,0.06924
test_16874,0.89946
test_16875,0.00211
test_16876,0.99990
test_16877,0.00852
test_16878,0.00130
test_16879,0.70698
test_16880,0.99699
test_16881,0.21332
test_16882,0.11352
test_16883,0.99943
test_16884,0.99982
test_16885,0.02428
test_16886,0.41576
test_16887,0.98658
test_16888,0.99998
test_16889,0.99891
test_16890,0.99855
test_16891,0.89350
test_16892,0.99994
test_16893,0.99995
test_16894,0.92613
test_16895,0.00115
test_16896,0.99812
test_16897,0.01103
test_16898,0.76190
test_16899,0.11639
test_16900,0.00176
test_16901,0.00045
test_16902,0.00153
test_16903,0.99648
test_16904,0.99991
test_16905,0.00398
test_16906,0.05051
test_16907,0.99831
test_16908,0.00062
test_16909,0.99979
test_16910,0.82937
test_16911,0.07517
test_16912,0.93072
test_16913,0.99762
test_16914,0.01647
test_16915,0.99656
test_16916,0.99739
test_16917,0.00269
test_16918,0.99978
test_16919,0.96995
test_16920,0.99973
test_16921,0.58308
test_16922,0.11588
test_16923,0.00562
test_16924,0.66793
test_16925,0.82663
test_16926,0.72263
test_16927,0.01624
test_16928,0.94731
test_16929,0.00549
test_16930,0.34100
test_16931,0.99831
test_16932,0.00267
test_16933,0.99831
test_16934,0.99999
test_16935,0.65792
test_16936,0.99686
test_16937,0.88270
test_16938,0.06929
test_16939,0.66824
test_16940,0.98875
test_16941,0.99854
test_16942,0.13173
test_16943,0.91550
test_16944,0.00043
test_16945,0.00113
test_16946,0.82529
test_16947,0.00000
test_16948,0.09573
test_16949,0.99774
test_16950,0.96271
test_16951,0.99994
test_16952,0.98842
test_16953,0.99998
test_16954,0.00203
test_16955,0.99867
test_16956,0.00002
test_16957,0.77046
test_16958,0.99987
test_16959,0.99811
test_16960,0.99995
test_16961,0.10392
test_16962,0.30770
test_16963,0.71443
test_16964,0.00200
test_16965,0.57474
test_16966,0.00368
test_16967,0.73158
test_16968,0.00284
test_16969,0.99810
test_16970,0.00244
test_16971,0.99986
test_16972,0.18341
test_16973,0.99963
test_16974,0.85416
test_16975,0.00440
test_16976,0.54150
test_16977,0.01102
test_16978,0.99905
test_16979,0.99760
test_16980,0.99780
test_16981,0.99997
test_16982,0.00168
test_16983,0.99730
test_16984,0.00101
test_16985,0.00110
test_16986,0.00023
test_16987,0.00107
test_16988,0.00249
test_16989,0.56881
test_16990,0.00251
test_16991,0.90886
test_16992,0.99922
test_16993,0.97349
test_16994,0.00430
test_16995,0.96757
test_16996,0.41143
test_16997,0.00829
test_16998,0.00152
test_16999,0.99345
test_17000,0.76676
test_17001,0.92153
test_17002,0.99509
test_17003,0.00020
test_17004,0.99993
test_17005,0.01454
test_17006,0.96676
test_17007,0.77061
test_17008,0.99911
test_17009,0.00008
test_17010,0.00001
test_17011,0.78595
test_17012,0.12642
test_17013,0.14799
test_17014,0.00688
test_17015,0.99971
test_17016,0.92424
test_17017,0.16666
test_17018,0.00918
test_17019,0.00747
test_17020,0.99755
test_17021,0.99823
test_17022,0.00725
test_17023,0.00058
test_17024,1.00000
test_17025,0.00275
test_17026,0.40131
test_17027,0.99998
test_17028,0.97212
test_17029,0.08752
test_17030,1.00000
test_17031,0.51831
test_17032,0.00195
test_17033,0.99628
test_17034,0.45229
test_17035,0.88436
test_17036,1.00000
test_17037,0.00006
test_17038,0.78462
test_17039,0.08193
test_17040,0.88963
test_17041,0.16676
test_17042,0.02950
test_17043,0.00433
test_17044,0.00766
test_17045,0.01310
test_17046,0.99989
test_17047,0.99980
test_17048,0.53705
test_17049,0.99999
test_17050,0.95774
test_17051,0.01335
test_17052,0.00037
test_17053,0.94227
test_17054,0.99823
test_17055,0.00238
test_17056,0.99990
test_17057,0.99959
test_17058,0.00011
test_17059,0.01663
test_17060,0.00224
test_17061,0.00136
test_17062,0.91248
test_17063,0.62674
test_17064,0.00249
test_17065,0.99533
test_17066,0.99775
test_17067,0.99778
test_17068,0.40859
test_17069,0.39413
test_17070,0.00850
test_17071,0.97301
test_17072,0.98509
test_17073,0.99398
test_17074,0.99560
test_17075,0.95908
test_17076,0.81222
test_17077,0.99641
test_17078,0.98551
test_17079,0.96666
test_17080,0.62301
test_17081,0.00319
test_17082,0.99837
test_17083,0.89961
test_17084,0.96880
test_17085,0.00752
test_17086,0.95340
test_17087,0.91125
test_17088,0.96446
test_17089,0.25055
test_17090,0.91297
test_17091,0.16338
test_17092,0.01130
test_17093,0.99935
test_17094,0.01411
test_17095,0.99999
test_17096,0.00032
test_17097,0.98362
test_17098,0.10926
test_17099,0.99998
test_17100,0.00124
test_17101,0.21485
test_17102,0.99974
test_17103,0.00008
test_17104,0.55856
test_17105,0.98901
test_17106,0.99789
test_17107,0.04558
test_17108,0.92052
test_17109,0.34133
test_17110,0.99972
test_17111,0.96860
test_17112,0.99801
test_17113,0.99632
test_17114,0.99286
test_17115,0.95977
test_17116,0.93498
test_17117,0.01178
test_17118,0.58973
test_17119,0.99926
test_17120,0.99313
test_17121,0.99651
test_17122,1.00000
test_17123,0.01281
test_17124,0.04876
test_17125,0.92674
test_17126,0.99999
test_17127,0.94758
test_17128,0.04431
test_17129,0.99998
test_17130,0.99974
test_17131,0.00015
test_17132,0.11518
test_17133,0.18428
test_17134,0.00056
test_17135,0.76799
test_17136,0.25694
test_17137,0.72071
test_17138,0.01349
test_17139,0.11444
test_17140,0.80026
test_17141,0.99375
test_17142,1.00000
test_17143,0.99974
test_17144,0.02739
test_17145,0.00023
test_17146,0.99998
test_17147,0.99997
test_17148,0.00164
test_17149,0.98326
test_17150,0.38577
test_17151,0.87267
test_17152,0.00678
test_17153,0.11622
test_17154,0.00247
test_17155,0.01273
test_17156,0.00239
test_17157,0.55079
test_17158,0.23558
test_17159,0.11874
test_17160,0.99000
test_17161,0.99854
test_17162,0.00004
test_17163,0.96920
test_17164,0.99876
test_17165,0.99472
test_17166,0.01208
test_17167,0.17906
test_17168,0.79482
test_17169,0.99622
test_17170,0.07294
test_17171,0.00002
test_17172,0.92098
test_17173,0.53569
test_17174,0.99732
test_17175,0.31673
test_17176,0.00481
test_17177,1.00000
test_17178,0.00048
test_17179,0.94874
test_17180,0.79802
test_17181,0.99770
test_17182,0.06818
test_17183,0.94962
test_17184,0.44523
test_17185,0.99978
test_17186,0.24661
test_17187,0.40526
test_17188,0.03911
test_17189,0.00176
test_17190,0.00121
test_17191,0.24018
test_17192,0.97717
test_17193,0.50095
test_17194,0.99722
test_17195,0.00002
test_17196,0.00841
test_17197,0.00184
test_17198,0.13167
test_17199,0.00072
test_17200,0.84821
test_17201,0.01647
test_17202,0.02533
test_17203,1.00000
test_17204,0.97833
test_17205,0.00189
test_17206,0.94312
test_17207,0.00111
test_17208,0.99708
test_17209,0.10333
test_17210,0.24492
test_17211,0.00481
test_17212,0.91067
test_17213,0.81141
test_17214,0.71349
test_17215,0.99997
test_17216,0.00013
test_17217,0.00275
test_17218,0.00138
test_17219,0.06335
test_17220,0.00003
test_17221,0.75511
test_17222,0.99952
test_17223,0.00634
test_17224,0.00000
test_17225,0.78456
test_17226,0.15774
test_17227,0.99553
test_17228,0.98911
test_17229,0.99969
test_17230,0.91953
test_17231,0.68815
test_17232,0.00000
test_17233,0.00861
test_17234,0.00350
test_17235,0.99951
test_17236,0.00008
test_17237,0.99701
test_17238,0.00127
test_17239,0.60908
test_17240,0.00170
test_17241,0.00215
test_17242,0.99982
test_17243,0.00000
test_17244,0.98437
test_17245,0.00099
test_17246,0.28180
test_17247,0.08336
test_17248,0.03623
test_17249,0.85479
test_17250,0.01075
test_17251,0.97033
test_17252,0.95770
test_17253,0.96950
test_17254,0.00019
test_17255,0.99728
test_17256,0.00933
test_17257,0.02255
test_17258,0.75555
test_17259,0.99596
test_17260,0.08196
test_17261,0.99885
test_17262,0.99820
test_17263,0.17981
test_17264,1.00000
test_17265,1.00000
test_17266,0.00031
test_17267,0.20189
test_17268,0.00984
test_17269,0.00059
test_17270,0.17298
test_17271,0.00001
test_17272,0.95979
test_17273,0.99591
test_17274,0.92594
test_17275,0.51640
test_17276,0.99522
test_17277,0.99644
test_17278,0.40026
test_17279,0.00256
test_17280,0.93338
test_17281,0.14580
test_17282,0.01530
test_17283,0.00290
test_17284,0.98926
test_17285,0.99988
test_17286,0.99995
test_17287,0.00056
test_17288,0.67682
test_17289,0.65375
test_17290,0.00247
test_17291,0.99367
test_17292,1.00000
test_17293,0.00440
test_17294,0.96807
test_17295,0.06208
test_17296,0.78077
test_17297,0.99967
test_17298,0.01306
test_17299,0.24983
test_17300,0.00828
test_17301,0.99461
test_17302,0.05666
test_17303,0.00131
test_17304,0.37638
test_17305,0.99848
test_17306,0.98726
test_17307,0.99986
test_17308,0.99926
test_17309,0.00024
test_17310,0.99593
test_17311,0.00004
test_17312,0.98364
test_17313,0.99983
test_17314,0.99884
test_17315,0.97379
test_17316,0.13628
test_17317,0.00071
test_17318,0.99995
test_17319,0.99991
test_17320,0.99960
test_17321,1.00000
test_17322,0.01760
test_17323,0.99014
test_17324,0.00852
test_17325,0.00284
test_17326,0.99929
test_17327,0.01963
test_17328,0.71819
test_17329,0.03388
test_17330,0.00000
test_17331,0.43212
test_17332,0.99724
test_17333,0.95304
test_17334,0.00743
test_17335,0.99901
test_17336,0.54911
test_17337,0.03724
test_17338,0.99963
test_17339,0.00011
test_17340,0.55122
test_17341,0.00033
test_17342,0.01307
test_17343,0.00017
test_17344,0.95648
test_17345,0.99904
test_17346,0.99915
test_17347,0.03050
test_17348,0.99988
test_17349,0.00006
test_17350,0.10658
test_17351,0.27929
test_17352,1.00000
test_17353,0.99588
test_17354,0.99466
test_17355,0.00727
test_17356,0.99780
test_17357,0.99853
test_17358,0.09620
test_17359,0.69090
test_17360,0.99909
test_17361,0.99975
test_17362,0.00589
test_17363,0.04158
test_17364,0.00096
test_17365,0.00064
test_17366,0.00056
test_17367,0.99887
test_17368,0.00002
test_17369,0.98334
test_17370,0.97527
test_17371,0.99973
test_17372,0.53512
test_17373,0.27582
test_17374,0.99356
test_17375,0.00230
test_17376,0.99985
test_17377,0.00011
test_17378,0.18094
test_17379,0.98798
test_17380,0.99612
test_17381,0.00148
test_17382,0.97381
test_17383,0.98059
test_17384,0.95486
test_17385,0.06176
test_17386,0.00250
test_17387,0.99867
test_17388,0.00010
test_17389,0.01020
test_17390,0.79966
test_17391,0.06530
test_17392,0.05525
test_17393,0.74440
test_17394,0.00022
test_17395,0.00483
test_17396,0.99458
test_17397,0.00279
test_17398,0.92953
test_17399,0.17530
test_17400,0.00141
test_17401,0.99860
test_17402,0.99999
test_17403,0.99546
test_17404,0.99845
test_17405,0.99721
test_17406,0.24815
test_17407,0.96642
test_17408,0.00296
test_17409,0.43709
test_17410,0.81312
test_17411,0.99950
test_17412,0.87632
test_17413,0.95309
test_17414,0.99781
test_17415,0.13817
test_17416,0.99620
test_17417,0.99994
test_17418,0.17945
test_17419,0.57093
test_17420,0.99998
test_17421,0.65500
test_17422,0.80657
test_17423,0.40973
test_17424,0.32217
test_17425,0.44430
test_17426,0.99994
test_17427,0.95329
test_17428,0.14592
test_17429,0.00833
test_17430,0.99947
test_17431,0.00636
test_17432,0.05097
test_17433,0.84996
test_17434,0.20930
test_17435,0.91537
test_17436,0.00113
test_17437,0.20742
test_17438,0.99792
test_17439,0.00399
test_17440,0.00039
test_17441,0.99921
test_17442,0.00002
test_17443,0.99978
test_17444,0.01041
test_17445,0.02431
test_17446,0.19292
test_17447,0.25886
test_17448,0.98669
test_17449,0.77832
test_17450,0.99971
test_17451,0.01958
test_17452,0.00949
test_17453,0.99818
test_17454,0.17256
test_17455,0.32015
test_17456,0.01928
test_17457,0.98801
test_17458,0.71664
test_17459,0.95176
test_17460,0.01098
test_17461,0.98928
test_17462,0.02097
test_17463,0.00002
test_17464,0.25656
test_17465,0.00022
test_17466,0.85141
test_17467,0.99996
test_17468,0.99863
test_17469,0.05163
test_17470,0.00551
test_17471,0.16654
test_17472,0.99896
test_17473,0.99969
test_17474,0.99963
test_17475,0.02321
test_17476,0.85339
test_17477,0.04562
test_17478,0.00627
test_17479,0.00759
test_17480,0.99464
test_17481,0.92103
test_17482,0.32201
test_17483,0.73222
test_17484,0.00327
test_17485,0.99722
test_17486,0.07911
test_17487,0.99714
test_17488,0.00051
test_17489,0.99998
test_17490,0.00034
test_17491,0.62706
test_17492,0.00083
test_17493,0.99999
test_17494,0.99625
test_17495,0.23570
test_17496,0.42632
test_17497,0.21157
test_17498,0.68458
test_17499,0.99991
test_17500,0.00000
test_17501,0.97723
test_17502,0.00001
test_17503,0.99998
test_17504,0.00684
test_17505,0.01077
test_17506,0.00217
test_17507,0.99977
test_17508,0.99994
test_17509,0.99939
test_17510,0.00264
test_17511,0.91678
test_17512,0.05262
test_17513,0.99720
test_17514,0.99971
test_17515,0.99969
test_17516,0.00633
test_17517,0.95932
test_17518,0.00119
test_17519,0.00054
test_17520,0.60016
test_17521,0.99992
test_17522,0.82946
test_17523,0.00614
test_17524,0.91157
test_17525,0.16173
test_17526,0.99993
test_17527,0.36290
test_17528,0.85521
test_17529,0.01196
test_17530,0.99725
test_17531,0.00036
test_17532,0.95871
test_17533,1.00000
test_17534,0.99577
test_17535,0.99997
test_17536,0.97428
test_17537,0.60185
test_17538,0.95687
test_17539,0.81278
test_17540,0.00318
test_17541,0.99531
test_17542,0.99990
test_17543,0.99737
test_17544,0.09087
test_17545,0.99987
test_17546,0.83730
test_17547,0.09819
test_17548,0.97925
test_17549,0.00000
test_17550,0.99976
test_17551,0.00054
test_17552,0.99307
test_17553,0.01564
test_17554,0.98894
test_17555,0.32617
test_17556,0.00025
test_17557,0.99994
test_17558,0.99195
test_17559,0.99866
test_17560,0.00016
test_17561,0.22618
test_17562,0.00007
test_17563,0.95296
test_17564,0.46339
test_17565,0.00383
test_17566,0.83648
test_17567,0.98227
test_17568,0.00020
test_17569,0.04963
test_17570,0.00317
test_17571,0.03194
test_17572,0.99947
test_17573,0.99584
test_17574,0.13806
test_17575,0.16229
test_17576,0.99384
test_17577,0.99999
test_17578,0.00724
test_17579,0.35658
test_17580,0.39623
test_17581,0.00659
test_17582,0.99746
test_17583,0.41420
test_17584,0.99379
test_17585,0.99932
test_17586,0.00000
test_17587,0.12272
test_17588,0.05377
test_17589,0.50490
test_17590,0.79084
test_17591,0.26436
test_17592,0.13610
test_17593,0.99266
test_17594,0.00049
test_17595,0.99993
test_17596,0.99955
test_17597,0.38554
test_17598,0.19335
test_17599,0.92877
test_17600,0.41330
test_17601,0.16141
test_17602,0.44828
test_17603,0.15241
test_17604,0.00000
test_17605,0.02420
test_17606,0.00001
test_17607,0.16053
test_17608,0.01334
test_17609,0.99900
test_17610,0.95386
test_17611,0.99561
test_17612,0.16713
test_17613,0.96812
test_17614,0.99935
test_17615,0.00177
test_17616,0.99874
test_17617,0.05416
test_17618,0.00277
test_17619,0.86588
test_17620,0.94878
test_17621,0.15527
test_17622,0.04113
test_17623,0.96645
test_17624,0.98176
test_17625,0.99999
test_17626,0.00266
test_17627,0.81165
test_17628,0.99877
test_17629,0.99957
test_17630,0.94413
test_17631,0.48391
test_17632,0.00628
test_17633,0.99981
test_17634,0.00672
test_17635,0.44673
test_17636,0.00775
test_17637,0.02792
test_17638,0.96523
test_17639,0.53553
test_17640,0.89632
test_17641,0.00787
test_17642,0.99987
test_17643,0.00142
test_17644,0.95867
test_17645,0.60890
test_17646,0.90201
test_17647,0.00000
test_17648,0.88308
test_17649,0.18218
test_17650,0.00782
test_17651,0.98833
test_17652,0.08765
test_17653,0.25858
test_17654,0.00037
test_17655,0.00002
test_17656,0.98944
test_17657,0.96593
test_17658,0.99682
test_17659,0.14818
test_17660,0.99178
test_17661,0.47750
test_17662,0.90797
test_17663,0.99988
test_17664,0.00131
test_17665,0.02039
test_17666,0.01556
test_17667,0.95231
test_17668,0.05085
test_17669,0.00067
test_17670,0.00008
test_17671,0.16560
test_17672,0.99989
test_17673,0.00005
test_17674,0.00003
test_17675,0.99999
test_17676,0.99957
test_17677,0.97857
test_17678,0.00407
test_17679,0.99794
test_17680,0.00206
test_17681,0.00308
test_17682,0.96729
test_17683,0.99650
test_17684,0.99996
test_17685,0.99914
test_17686,0.97683
test_17687,0.00735
test_17688,0.00603
test_17689,1.00000
test_17690,0.00686
test_17691,0.95636
test_17692,0.92230
test_17693,0.84519
test_17694,0.99008
test_17695,0.98428
test_17696,0.99987
test_17697,0.99986
test_17698,0.00318
test_17699,0.12124
test_17700,0.00078
test_17701,0.94308
test_17702,0.06752
test_17703,0.04031
test_17704,0.00014
test_17705,0.00002
test_17706,0.92160
test_17707,0.00257
test_17708,0.99846
test_17709,0.00995
test_17710,0.97064
test_17711,0.00620
test_17712,0.04656
test_17713,0.01364
test_17714,0.00048
test_17715,0.24590
test_17716,0.00032
test_17717,0.99977
test_17718,0.20973
test_17719,0.04366
test_17720,0.45354
test_17721,0.00106
test_17722,0.26063
test_17723,0.99941
test_17724,0.99757
test_17725,0.03263
test_17726,0.99811
test_17727,0.87595
test_17728,0.99952
test_17729,0.97555
test_17730,1.00000
test_17731,0.69794
test_17732,0.99285
test_17733,0.99998
test_17734,0.00931
test_17735,0.99855
test_17736,0.98119
test_17737,0.00135
test_17738,0.35510
test_17739,0.98623
test_17740,0.00002
test_17741,0.99294
test_17742,0.07502
test_17743,1.00000
test_17744,0.99823
test_17745,0.00139
test_17746,0.05396
test_17747,0.34437
test_17748,0.73035
test_17749,0.61978
test_17750,0.00720
test_17751,0.59111
test_17752,0.01703
test_17753,0.99923
test_17754,0.14804
test_17755,0.90975
test_17756,0.58924
test_17757,0.98230
test_17758,0.00032
test_17759,1.00000
test_17760,0.77558
test_17761,0.99930
test_17762,0.00179
test_17763,0.00018
test_17764,0.00247
test_17765,0.99986
test_17766,0.00092
test_17767,0.00199
test_17768,0.99868
test_17769,0.10745
test_17770,0.92829
test_17771,0.23573
test_17772,0.92914
test_17773,0.60965
test_17774,0.00104
test_17775,0.98223
test_17776,0.99998
test_17777,0.06517
test_17778,0.03173
test_17779,0.00001
test_17780,0.99949
test_17781,0.00007
test_17782,0.99949
test_17783,0.00095
test_17784,0.62236
test_17785,0.98266
test_17786,0.99833
test_17787,0.87928
test_17788,0.95866
test_17789,0.70721
test_17790,0.41966
test_17791,0.91792
test_17792,0.00672
test_17793,0.85530
test_17794,0.03463
test_17795,0.03550
test_17796,0.04268
test_17797,0.99540
test_17798,0.00644
test_17799,0.03524
test_17800,0.99631
test_17801,0.05612
test_17802,0.05224
test_17803,0.00624
test_17804,0.99945
test_17805,0.99706
test_17806,0.99873
test_17807,0.00197
test_17808,0.03491
test_17809,0.00230
test_17810,0.01900
test_17811,0.21929
test_17812,0.31230
test_17813,0.05323
test_17814,0.99797
test_17815,0.98656
test_17816,0.99930
test_17817,0.05365
test_17818,0.07726
test_17819,0.99875
test_17820,0.00190
test_17821,0.99807
test_17822,0.01604
test_17823,0.00052
test_17824,0.99237
test_17825,0.00066
test_17826,0.03618
test_17827,0.98203
test_17828,0.99706
test_17829,0.52027
test_17830,0.99991
test_17831,0.08591
test_17832,0.00056
test_17833,0.99982
test_17834,0.00380
test_17835,0.99993
test_17836,0.08884
test_17837,0.10440
test_17838,0.81224
test_17839,0.99979
test_17840,0.99164
test_17841,0.62971
test_17842,0.99789
test_17843,0.01015
test_17844,0.02853
test_17845,0.16778
test_17846,0.01038
test_17847,0.87166
test_17848,0.96987
test_17849,0.03800
test_17850,0.01768
test_17851,0.89291
test_17852,0.99831
test_17853,0.99914
test_17854,0.00006
test_17855,0.26797
test_17856,0.99991
test_17857,0.00002
test_17858,0.92472
test_17859,0.03202
test_17860,0.21307
test_17861,0.00591
test_17862,0.99989
test_17863,0.00201
test_17864,0.89887
test_17865,0.80198
test_17866,0.06462
test_17867,0.51521
test_17868,0.63965
test_17869,0.00342
test_17870,0.99971
test_17871,0.77745
test_17872,0.06092
test_17873,0.99996
test_17874,0.27782
test_17875,0.97736
test_17876,0.01630
test_17877,0.82058
test_17878,0.60716
test_17879,0.99995
test_17880,0.07237
test_17881,0.85426
test_17882,0.07029
test_17883,0.47322
test_17884,0.99674
test_17885,0.99980
test_17886,0.00051
test_17887,0.99993
test_17888,0.00100
test_17889,0.99675
test_17890,0.99896
test_17891,0.98275
test_17892,0.99998
test_17893,0.99487
test_17894,0.99903
test_17895,0.24698
test_17896,0.99803
test_17897,0.02894
test_17898,0.98375
test_17899,0.00138
test_17900,0.99982
test_17901,0.00027
test_17902,0.87702
test_17903,0.99995
test_17904,0.99853
test_17905,0.06524
test_17906,0.99999
test_17907,0.42516
test_17908,0.48221
test_17909,0.90396
test_17910,0.04091
test_17911,0.00516
test_17912,0.99991
test_17913,0.98644
test_17914,0.03528
test_17915,0.96832
test_17916,0.00211
test_17917,0.01663
test_17918,0.00044
test_17919,0.00854
test_17920,0.40475
test_17921,0.97705
test_17922,0.91705
test_17923,0.90713
test_17924,0.00003
test_17925,0.11855
test_17926,0.05437
test_17927,0.94263
test_17928,0.99963
test_17929,0.06897
test_17930,0.99804
test_17931,0.98913
test_17932,0.92781
test_17933,0.96530
test_17934,0.00005
test_17935,0.70542
test_17936,0.99965
test_17937,0.78688
test_17938,0.00498
test_17939,0.99999
test_17940,0.99999
test_17941,0.55473
test_17942,0.99925
test_17943,0.95496
test_17944,0.99698
test_17945,0.51869
test_17946,0.39754
test_17947,0.46945
test_17948,0.00287
test_17949,0.99919
test_17950,0.95022
test_17951,0.15122
test_17952,0.06569
test_17953,0.99657
test_17954,0.03760
test_17955,0.03333
test_17956,0.99909
test_17957,0.00578
test_17958,0.06366
test_17959,0.00439
test_17960,0.00071
test_17961,0.99006
test_17962,0.01177
test_17963,0.99986
test_17964,0.79605
test_17965,0.99900
test_17966,0.85456
test_17967,0.96044
test_17968,0.32884
test_17969,0.00639
test_17970,0.00074
test_17971,0.99565
test_17972,0.05609
test_17973,0.99990
test_17974,0.01762
test_17975,0.00816
test_17976,0.76706
test_17977,0.00768
test_17978,0.98258
test_17979,0.84769
test_17980,0.90419
test_17981,0.60624
test_17982,0.99991
test_17983,0.94241
test_17984,0.00004
test_17985,0.27409
test_17986,0.05284
test_17987,0.06439
test_17988,0.99552
test_17989,0.98598
test_17990,0.04203
test_17991,0.99991
test_17992,0.93896
test_17993,0.19284
test_17994,0.10989
test_17995,0.01016
test_17996,0.99053
test_17997,0.00050
test_17998,0.94045
test_17999,0.97540
test_18000,0.96329
test_18001,0.00519
test_18002,0.99973
test_18003,0.80734
test_18004,0.00194
test_18005,0.87064
test_18006,0.75203
test_18007,0.95997
test_18008,0.99967
test_18009,0.99996
test_18010,0.01087
test_18011,0.99177
test_18012,0.01112
test_18013,0.88583
test_18014,0.00003
test_18015,0.00143
test_18016,0.80211
test_18017,0.05139
test_18018,0.05229
test_18019,0.00116
test_18020,0.57039
test_18021,0.86821
test_18022,0.99895
test_18023,0.99955
test_18024,0.86004
test_18025,0.04162
test_18026,0.31195
test_18027,0.00006
test_18028,0.99822
test_18029,0.21623
test_18030,0.99937
test_18031,0.98900
test_18032,0.33252
test_18033,0.99990
test_18034,0.99946
test_18035,0.48891
test_18036,0.99988
test_18037,0.01595
test_18038,0.49203
test_18039,0.75708
test_18040,0.99999
test_18041,0.99970
test_18042,0.99996
test_18043,0.00052
test_18044,0.99142
test_18045,0.00158
test_18046,0.97392
test_18047,0.08882
test_18048,0.10005
test_18049,0.99968
test_18050,0.75365
test_18051,0.03548
test_18052,0.04781
test_18053,0.21974
test_18054,0.49733
test_18055,0.94635
test_18056,0.90580
test_18057,0.01055
test_18058,1.00000
test_18059,0.99997
test_18060,0.14682
test_18061,0.99532
test_18062,0.99997
test_18063,0.01974
test_18064,0.99833
test_18065,0.96783
test_18066,0.00416
test_18067,0.59963
test_18068,0.36580
test_18069,0.98957
test_18070,0.99994
test_18071,0.00241
test_18072,0.03130
test_18073,0.94501
test_18074,0.02310
test_18075,0.99666
test_18076,0.96574
test_18077,0.00025
test_18078,0.99738
test_18079,0.99997
test_18080,0.98683
test_18081,1.00000
test_18082,0.95560
test_18083,0.99821
test_18084,0.97292
test_18085,0.24558
test_18086,1.00000
test_18087,0.02940
test_18088,0.99950
test_18089,0.06699
test_18090,0.63870
test_18091,0.77661
test_18092,0.98068
test_18093,0.60021
test_18094,0.03984
test_18095,0.44961
test_18096,0.51692
test_18097,1.00000
test_18098,0.96947
test_18099,0.99625
test_18100,0.00030
test_18101,0.52776
test_18102,0.99995
test_18103,0.46352
test_18104,0.99983
test_18105,0.99978
test_18106,0.43926
test_18107,0.73586
test_18108,0.03669
test_18109,0.00000
test_18110,0.54477
test_18111,0.99800
test_18112,0.16305
test_18113,0.07605
test_18114,0.81772
test_18115,0.98550
test_18116,0.98788
test_18117,0.95208
test_18118,0.00027
test_18119,0.49828
test_18120,0.00041
test_18121,0.90190
test_18122,0.03943
test_18123,0.78923
test_18124,0.00001
test_18125,0.99878
test_18126,0.92266
test_18127,0.01287
test_18128,0.41252
test_18129,0.00189
test_18130,0.00040
test_18131,0.90233
test_18132,0.00030
test_18133,0.38739
test_18134,0.06509
test_18135,0.28631
test_18136,0.52030
test_18137,0.00024
test_18138,0.00552
test_18139,0.03453
test_18140,0.00001
test_18141,0.49489
test_18142,0.00417
test_18143,0.97167
test_18144,0.00383
test_18145,0.99943
test_18146,0.99327
test_18147,0.00003
test_18148,0.39682
test_18149,0.99673
test_18150,0.98501
test_18151,0.99990
test_18152,0.23719
test_18153,0.01148
test_18154,0.94743
test_18155,0.99902
test_18156,0.06148
test_18157,0.00120
test_18158,0.99964
test_18159,0.19627
test_18160,0.93164
test_18161,0.72699
test_18162,0.56237
test_18163,0.00013
test_18164,0.99611
test_18165,0.98003
test_18166,0.06112
test_18167,0.99908
test_18168,1.00000
test_18169,0.99301
test_18170,0.99758
test_18171,0.99974
test_18172,0.06638
test_18173,0.99966
test_18174,1.00000
test_18175,0.51802
test_18176,1.00000
test_18177,0.99513
test_18178,0.87375
test_18179,0.95128
test_18180,0.00067
test_18181,0.99377
test_18182,0.99984
test_18183,0.99991
test_18184,0.98994
test_18185,0.98384
test_18186,0.00389
test_18187,0.00008
test_18188,0.26072
test_18189,0.35441
test_18190,0.99999
test_18191,0.35175
test_18192,1.00000
test_18193,0.53390
test_18194,0.15188
test_18195,0.99440
test_18196,0.54809
test_18197,0.99709
test_18198,0.81971
test_18199,0.96454
test_18200,0.00007
test_18201,1.00000
test_18202,0.85608
test_18203,0.70574
test_18204,0.98814
test_18205,0.17622
test_18206,0.01199
test_18207,0.99780
test_18208,0.92346
test_18209,0.99804
test_18210,0.98345
test_18211,0.06919
test_18212,0.00005
test_18213,0.59819
test_18214,0.08175
test_18215,0.89560
test_18216,0.40753
test_18217,0.06570
test_18218,0.99640
test_18219,0.00634
test_18220,0.99698
test_18221,0.16970
test_18222,0.00858
test_18223,0.00061
test_18224,0.74208
test_18225,0.97040
test_18226,0.99811
test_18227,0.99930
test_18228,0.99943
test_18229,0.13650
test_18230,1.00000
test_18231,0.06096
test_18232,0.04493
test_18233,0.99405
test_18234,0.02179
test_18235,0.99967
test_18236,0.08836
test_18237,0.00001
test_18238,0.99934
test_18239,0.43613
test_18240,0.66009
test_18241,0.98555
test_18242,0.00014
test_18243,0.00602
test_18244,0.99997
test_18245,0.73125
test_18246,0.99732
test_18247,0.94485
test_18248,0.46009
test_18249,0.11699
test_18250,0.00055
test_18251,0.07783
test_18252,0.99874
test_18253,0.67667
test_18254,0.00318
test_18255,0.00010
test_18256,0.00011
test_18257,0.00000
test_18258,0.99295
test_18259,0.45022
test_18260,0.98616
test_18261,0.99891
test_18262,0.01113
test_18263,0.98202
test_18264,0.00138
test_18265,0.33799
test_18266,0.00352
test_18267,0.97939
test_18268,0.99786
test_18269,0.00002
test_18270,0.99795
test_18271,0.51523
test_18272,0.04063
test_18273,0.02179
test_18274,0.30330
test_18275,0.01572
test_18276,0.00820
test_18277,0.00008
test_18278,0.00000
test_18279,0.56183
test_18280,0.99330
test_18281,0.00394
test_18282,0.97818
test_18283,0.00125
test_18284,0.99064
test_18285,0.99810
test_18286,0.03444
test_18287,0.02003
test_18288,0.00054
test_18289,0.93484
test_18290,0.99992
test_18291,0.04222
test_18292,0.01918
test_18293,0.99988
test_18294,0.69992
test_18295,0.99540
test_18296,0.00068
test_18297,0.09759
test_18298,0.80618
test_18299,0.00088
test_18300,0.45804
test_18301,0.01808
test_18302,0.01372
test_18303,0.00072
test_18304,0.00006
test_18305,0.76406
test_18306,0.29899
test_18307,0.00017
test_18308,0.03698
test_18309,0.03319
test_18310,0.99850
test_18311,0.09004
test_18312,0.04965
test_18313,0.99991
test_18314,0.52831
test_18315,0.03557
test_18316,0.14981
test_18317,0.98582
test_18318,0.99863
test_18319,0.48633
test_18320,0.00822
test_18321,0.00038
test_18322,0.99997
test_18323,0.99720
test_18324,0.95671
test_18325,0.38784
test_18326,0.99605
test_18327,0.02700
test_18328,0.00361
test_18329,1.00000
test_18330,0.00011
test_18331,0.99486
test_18332,0.00085
test_18333,0.39868
test_18334,0.99494
test_18335,0.00221
test_18336,0.00001
test_18337,0.99957
test_18338,0.51700
test_18339,0.13594
test_18340,0.99834
test_18341,0.00253
test_18342,0.01430
test_18343,0.99825
test_18344,0.99636
test_18345,0.22026
test_18346,0.01001
test_18347,0.20224
test_18348,0.00024
test_18349,0.94593
test_18350,0.97248
test_18351,0.42701
test_18352,0.93610
test_18353,0.00028
test_18354,0.18878
test_18355,0.93482
test_18356,0.03499
test_18357,0.99411
test_18358,0.00879
test_18359,0.05855
test_18360,0.95331
test_18361,0.99578
test_18362,0.15619
test_18363,0.99996
test_18364,0.75165
test_18365,0.88881
test_18366,0.96124
test_18367,0.00440
test_18368,0.99808
test_18369,0.99996
test_18370,0.99527
test_18371,0.07409
test_18372,0.99001
test_18373,0.03724
test_18374,0.91675
test_18375,0.99962
test_18376,0.00263
test_18377,0.99992
test_18378,0.07362
test_18379,0.99986
test_18380,0.00089
test_18381,0.99366
test_18382,0.15389
test_18383,0.98420
test_18384,0.36918
test_18385,0.79598
test_18386,0.97735
test_18387,0.44100
test_18388,0.99996
test_18389,0.99804
test_18390,0.99600
test_18391,0.00014
test_18392,0.01350
test_18393,0.96492
test_18394,0.00014
test_18395,0.00654
test_18396,0.02706
test_18397,0.99987
test_18398,0.96051
test_18399,0.99971
test_18400,0.00007
test_18401,0.48304
test_18402,0.94561
test_18403,0.99661
test_18404,0.87410
test_18405,0.17246
test_18406,0.99951
test_18407,0.88937
test_18408,0.99279
test_18409,0.07380
test_18410,0.99886
test_18411,0.99711
test_18412,0.98186
test_18413,0.99977
test_18414,0.00600
test_18415,0.00116
test_18416,0.99485
test_18417,0.00606
test_18418,0.15440
test_18419,0.93935
test_18420,0.96037
test_18421,0.62828
test_18422,0.99999
test_18423,0.97707
test_18424,0.99696
test_18425,0.00044
test_18426,1.00000
test_18427,0.98735
test_18428,0.00141
test_18429,0.00577
test_18430,0.99945
test_18431,0.99701
test_18432,0.41310
test_18433,0.99012
test_18434,0.98609
test_18435,0.99920
test_18436,0.98081
test_18437,0.61164
test_18438,0.94857
test_18439,0.99759
test_18440,0.99438
test_18441,0.98157
test_18442,0.99987
test_18443,0.09298
test_18444,0.00977
test_18445,0.99753
test_18446,0.80454
test_18447,0.07936
test_18448,0.00185
test_18449,0.00227
test_18450,0.08014
test_18451,0.12515
test_18452,0.00934
test_18453,0.99292
test_18454,0.00046
test_18455,0.99952
test_18456,0.68031
test_18457,0.91785
test_18458,0.90554
test_18459,0.99995
test_18460,0.99996
test_18461,0.90593
test_18462,0.99957
test_18463,0.99667
test_18464,0.73484
test_18465,0.00140
test_18466,0.98135
test_18467,0.25573
test_18468,0.00088
test_18469,0.00764
test_18470,0.97651
test_18471,0.99987
test_18472,0.23089
test_18473,0.99971
test_18474,0.57625
test_18475,0.12647
test_18476,0.99631
test_18477,0.02944
test_18478,0.24592
test_18479,0.99978
test_18480,0.01930
test_18481,0.00564
test_18482,0.47070
test_18483,0.99983
test_18484,0.03596
test_18485,0.99924
test_18486,0.92961
test_18487,0.91621
test_18488,0.02903
test_18489,0.00000
test_18490,0.99979
test_18491,0.00310
test_18492,0.39968
test_18493,0.01040
test_18494,0.14372
test_18495,0.99907
test_18496,0.84543
test_18497,0.91422
test_18498,0.99531
test_18499,0.07933
test_18500,0.99315
test_18501,0.99493
test_18502,0.99770
test_18503,0.00889
test_18504,0.30501
test_18505,0.00559
test_18506,0.99999
test_18507,0.99919
test_18508,0.12395
test_18509,0.96805
test_18510,0.99998
test_18511,0.29591
test_18512,0.99999
test_18513,0.02562
test_18514,0.99961
test_18515,0.00278
test_18516,0.99990
test_18517,0.98548
test_18518,0.55247
test_18519,0.99991
test_18520,0.02609
test_18521,0.44084
test_18522,0.01407
test_18523,0.20374
test_18524,0.12110
test_18525,0.05495
test_18526,0.39883
test_18527,0.97138
test_18528,0.02140
test_18529,0.99895
test_18530,0.72220
test_18531,1.00000
test_18532,0.00020
test_18533,1.00000
test_18534,0.00001
test_18535,0.00056
test_18536,0.99827
test_18537,0.95334
test_18538,0.86516
test_18539,0.04396
test_18540,0.19175
test_18541,0.90475
test_18542,0.02309
test_18543,0.92752
test_18544,0.91974
test_18545,0.99980
test_18546,0.99991
test_18547,0.99994
test_18548,0.99999
test_18549,0.91650
test_18550,0.99440
test_18551,0.92994
test_18552,0.06923
test_18553,0.00005
test_18554,0.97896
test_18555,0.83256
test_18556,0.53235
test_18557,0.93696
test_18558,0.96934
test_18559,0.99897
test_18560,0.00000
test_18561,0.03902
test_18562,0.99403
test_18563,0.99962
test_18564,0.00018
test_18565,0.99859
test_18566,0.19781
test_18567,0.99701
test_18568,0.13711
test_18569,0.99988
test_18570,0.99002
test_18571,0.00093
test_18572,0.00006
test_18573,0.96832
test_18574,0.89720
test_18575,0.00109
test_18576,0.08831
test_18577,0.26169
test_18578,0.97300
test_18579,0.98561
test_18580,0.20175
test_18581,0.00000
test_18582,0.99996
test_18583,0.00087
test_18584,0.04950
test_18585,0.17397
test_18586,0.99980
test_18587,0.99995
test_18588,0.98679
test_18589,0.01128
test_18590,0.99997
test_18591,0.00354
test_18592,0.03738
test_18593,0.00000
test_18594,0.00110
test_18595,0.90376
test_18596,0.99932
test_18597,0.99918
test_18598,0.99934
test_18599,0.99947
test_18600,0.99165
test_18601,0.98001
test_18602,1.00000
test_18603,0.99861
test_18604,0.11299
test_18605,0.61134
test_18606,0.99772
test_18607,0.72126
test_18608,0.93982
test_18609,0.03659
test_18610,0.16045
test_18611,0.32313
test_18612,0.99998
test_18613,0.94553
test_18614,0.07324
test_18615,0.99904
test_18616,0.00011
test_18617,0.96803
test_18618,0.02466
test_18619,0.99527
test_18620,1.00000
test_18621,0.08981
test_18622,0.10452
test_18623,0.99978
test_18624,0.40394
test_18625,0.99999
test_18626,0.00976
test_18627,0.84768
test_18628,0.00317
test_18629,0.98529
test_18630,0.86001
test_18631,0.00630
test_18632,0.99505
test_18633,0.00177
test_18634,0.91039
test_18635,0.99697
test_18636,0.00000
test_18637,0.50243
test_18638,0.01502
test_18639,0.99989
test_18640,0.99986
test_18641,0.85110
test_18642,0.00130
test_18643,0.01437
test_18644,0.00867
test_18645,0.00226
test_18646,0.95659
test_18647,0.97971
test_18648,0.99996
test_18649,0.03675
test_18650,0.00839
test_18651,0.67171
test_18652,0.15823
test_18653,0.00008
test_18654,0.04930
test_18655,0.29326
test_18656,0.76547
test_18657,0.00140
test_18658,0.00011
test_18659,0.96769
test_18660,0.99981
test_18661,0.00027
test_18662,0.00001
test_18663,0.68300
test_18664,0.99999
test_18665,0.03773
test_18666,0.86033
test_18667,0.98598
test_18668,0.99864
test_18669,0.99985
test_18670,0.00467
test_18671,0.00128
test_18672,0.01155
test_18673,0.99985
test_18674,0.00376
test_18675,0.00606
test_18676,0.96083
test_18677,0.03838
test_18678,0.00242
test_18679,0.99655
test_18680,0.99064
test_18681,0.99904
test_18682,0.94075
test_18683,0.99511
test_18684,0.97310
test_18685,0.82900
test_18686,0.26227
test_18687,0.97571
test_18688,0.01982
test_18689,0.74236
test_18690,0.92505
test_18691,0.99636
test_18692,0.00475
test_18693,0.99457
test_18694,0.03098
test_18695,0.99999
test_18696,0.99915
test_18697,0.20399
test_18698,0.00103
test_18699,0.02161
test_18700,0.96241
test_18701,0.95468
test_18702,0.99930
test_18703,0.00021
test_18704,0.99251
test_18705,0.05673
test_18706,0.91251
test_18707,0.00000
test_18708,0.00002
test_18709,0.99997
test_18710,0.99975
test_18711,0.96850
test_18712,0.01846
test_18713,0.99975
test_18714,0.63621
test_18715,0.98936
test_18716,0.99916
test_18717,0.01742
test_18718,0.92056
test_18719,0.90158
test_18720,0.00444
test_18721,0.99839
test_18722,0.90762
test_18723,0.00258
test_18724,0.96740
test_18725,0.99693
test_18726,0.99936
test_18727,0.99496
test_18728,0.19865
test_18729,0.09639
test_18730,0.77905
test_18731,0.99980
test_18732,0.00073
test_18733,0.99721
test_18734,0.98943
test_18735,0.00155
test_18736,0.99996
test_18737,0.98195
test_18738,0.00151
test_18739,0.16561
test_18740,0.91011
test_18741,0.19027
test_18742,0.76971
test_18743,1.00000
test_18744,0.99837
test_18745,0.99988
test_18746,0.99991
test_18747,0.00003
test_18748,0.98580
test_18749,0.99705
test_18750,0.00895
test_18751,0.76179
test_18752,0.01962
test_18753,0.99948
test_18754,0.79321
test_18755,0.99795
test_18756,0.89901
test_18757,0.03521
test_18758,0.00062
test_18759,0.94950
test_18760,0.65507
test_18761,0.93407
test_18762,0.99151
test_18763,0.99936
test_18764,0.99954
test_18765,0.00019
test_18766,0.00013
test_18767,0.99865
test_18768,0.66323
test_18769,0.02088
test_18770,0.03430
test_18771,0.51526
test_18772,0.00249
test_18773,0.61557
test_18774,0.09038
test_18775,0.00747
test_18776,0.20131
test_18777,0.00776
test_18778,0.99152
test_18779,0.83931
test_18780,0.38209
test_18781,0.00208
test_18782,0.99995
test_18783,0.02422
test_18784,0.00027
test_18785,0.00563
test_18786,0.00982
test_18787,1.00000
test_18788,0.98545
test_18789,0.00116
test_18790,0.10062
test_18791,0.01167
test_18792,0.98434
test_18793,0.00001
test_18794,0.99947
test_18795,0.00578
test_18796,0.99992
test_18797,0.99744
test_18798,0.16522
test_18799,0.99569
test_18800,0.77365
test_18801,0.70266
test_18802,0.97142
test_18803,0.73729
test_18804,0.00077
test_18805,0.01058
test_18806,0.99994
test_18807,0.00000
test_18808,0.03123
test_18809,0.01692
test_18810,0.61303
test_18811,0.69514
test_18812,0.00459
test_18813,0.98346
test_18814,0.60605
test_18815,0.82575
test_18816,0.99987
test_18817,0.00185
test_18818,0.01584
test_18819,0.99999
test_18820,0.77699
test_18821,1.00000
test_18822,0.99260
test_18823,0.99979
test_18824,0.00439
test_18825,0.99774
test_18826,0.00230
test_18827,0.00018
test_18828,0.03464
test_18829,0.00047
test_18830,0.00097
test_18831,0.99973
test_18832,0.06101
test_18833,0.00461
test_18834,0.64015
test_18835,0.99536
test_18836,0.99295
test_18837,0.99996
test_18838,0.01175
test_18839,0.87645
test_18840,0.99231
test_18841,0.00094
test_18842,0.09090
test_18843,0.99753
test_18844,0.05801
test_18845,0.99983
test_18846,0.99942
test_18847,0.00100
test_18848,0.00027
test_18849,0.89913
test_18850,0.99513
test_18851,0.99921
test_18852,0.00293
test_18853,0.00664
test_18854,0.94547
test_18855,0.00490
test_18856,0.00558
test_18857,0.00000
test_18858,0.62385
test_18859,0.86169
test_18860,0.86828
test_18861,0.28297
test_18862,0.00003
test_18863,0.00364
test_18864,0.99998
test_18865,0.00696
test_18866,0.11283
test_18867,1.00000
test_18868,0.01322
test_18869,0.94517
test_18870,0.59642
test_18871,0.01224
test_18872,0.33559
test_18873,0.48462
test_18874,0.81361
test_18875,0.04580
test_18876,0.99993
test_18877,0.00043
test_18878,0.97268
test_18879,0.00005
test_18880,0.93885
test_18881,1.00000
test_18882,0.00017
test_18883,0.58211
test_18884,0.84446
test_18885,0.00005
test_18886,0.67169
test_18887,0.12843
test_18888,0.01203
test_18889,0.00005
test_18890,0.00037
test_18891,0.00438
test_18892,1.00000
test_18893,0.99095
test_18894,0.99843
test_18895,0.82957
test_18896,0.99981
test_18897,0.96461
test_18898,0.99529
test_18899,0.08082
test_18900,0.16653
test_18901,0.99175
test_18902,0.99411
test_18903,0.46083
test_18904,0.48291
test_18905,0.67852
test_18906,0.00003
test_18907,0.00086
test_18908,0.99692
test_18909,0.99996
test_18910,0.04662
test_18911,0.00010
test_18912,0.98974
test_18913,0.48036
test_18914,0.32364
test_18915,0.67474
test_18916,0.03108
test_18917,0.02380
test_18918,0.99999
test_18919,0.99874
test_18920,0.07037
test_18921,0.99967
test_18922,0.00143
test_18923,0.99293
test_18924,0.00000
test_18925,0.14023
test_18926,0.00043
test_18927,0.88033
test_18928,0.00652
test_18929,0.19283
test_18930,0.99913
test_18931,0.99666
test_18932,0.00312
test_18933,0.88944
test_18934,0.98858
test_18935,0.03480
test_18936,0.17984
test_18937,0.99992
test_18938,0.00334
test_18939,0.00827
test_18940,0.00141
test_18941,0.97442
test_18942,0.00774
test_18943,0.28711
test_18944,0.00180
test_18945,1.00000
test_18946,0.00026
test_18947,0.99407
test_18948,0.25046
test_18949,0.99999
test_18950,0.03785
test_18951,0.05393
test_18952,0.71841
test_18953,0.09167
test_18954,0.99957
test_18955,0.92619
test_18956,0.01218
test_18957,0.99805
test_18958,0.99501
test_18959,0.00276
test_18960,0.00311
test_18961,0.12909
test_18962,0.00432
test_18963,0.00291
test_18964,0.02761
test_18965,0.37116
test_18966,0.98289
test_18967,0.98854
test_18968,0.99775
test_18969,0.99998
test_18970,0.06360
test_18971,0.94487
test_18972,0.03387
test_18973,0.99928
test_18974,1.00000
test_18975,0.96424
test_18976,0.92512
test_18977,0.99999
test_18978,0.99998
test_18979,0.99343
test_18980,0.99830
test_18981,0.39045
test_18982,0.03109
test_18983,0.99038
test_18984,0.99819
test_18985,0.80160
test_18986,0.95429
test_18987,0.98958
test_18988,0.90679
test_18989,0.99990
test_18990,0.99965
test_18991,0.99980
test_18992,0.11481
test_18993,0.99778
test_18994,0.03846
test_18995,0.97297
test_18996,0.00506
test_18997,0.00072
test_18998,0.99825
test_18999,0.27024
test_19000,0.99979
test_19001,0.37974
test_19002,0.00118
test_19003,0.05362
test_19004,0.26775
test_19005,0.23550
test_19006,0.99984
test_19007,0.00233
test_19008,0.94891
test_19009,0.00557
test_19010,0.48477
test_19011,0.99936
test_19012,0.01105
test_19013,0.04386
test_19014,0.99475
test_19015,0.12291
test_19016,0.99635
test_19017,0.14904
test_19018,0.02602
test_19019,0.99997
test_19020,0.21829
test_19021,0.00025
test_19022,0.99996
test_19023,0.00003
test_19024,0.90765
test_19025,0.99601
test_19026,0.99901
test_19027,0.99369
test_19028,0.00218
test_19029,0.33108
test_19030,0.00023
test_19031,0.99999
test_19032,0.00994
test_19033,0.99957
test_19034,0.77391
test_19035,0.00072
test_19036,0.57023
test_19037,1.00000
test_19038,0.00002
test_19039,0.63820
test_19040,0.99913
test_19041,0.82730
test_19042,0.99997
test_19043,0.69914
test_19044,0.01168
test_19045,0.01628
test_19046,0.99996
test_19047,0.81385
test_19048,0.96969
test_19049,0.99997
test_19050,0.99468
test_19051,0.92207
test_19052,0.99375
test_19053,0.99509
test_19054,0.00130
test_19055,0.99860
test_19056,0.57522
test_19057,0.99882
test_19058,0.04898
test_19059,0.00459
test_19060,0.00003
test_19061,0.99994
test_19062,0.99833
test_19063,0.99814
test_19064,0.20910
test_19065,0.02629
test_19066,0.00036
test_19067,0.99993
test_19068,0.99907
test_19069,0.00181
test_19070,0.57824
test_19071,0.87543
test_19072,0.15930
test_19073,0.97851
test_19074,0.98125
test_19075,0.99999
test_19076,1.00000
test_19077,0.00039
test_19078,0.03930
test_19079,0.22159
test_19080,0.00463
test_19081,0.99979
test_19082,0.68726
test_19083,0.48367
test_19084,0.99539
test_19085,0.02013
test_19086,0.00289
test_19087,0.00013
test_19088,0.02399
test_19089,0.76212
test_19090,0.00023
test_19091,0.99924
test_19092,0.77838
test_19093,0.12155
test_19094,0.00157
test_19095,0.00647
test_19096,0.99996
test_19097,0.04628
test_19098,0.85681
test_19099,1.00000
test_19100,0.01668
test_19101,0.99738
test_19102,0.01225
test_19103,0.00485
test_19104,0.04313
test_19105,0.91974
test_19106,0.00460
test_19107,0.99987
test_19108,0.00891
test_19109,0.16811
test_19110,0.00188
test_19111,0.04397
test_19112,0.97383
test_19113,0.96866
test_19114,0.00081
test_19115,0.58040
test_19116,0.95097
test_19117,0.00354
test_19118,0.00014
test_19119,0.10153
test_19120,0.03318
test_19121,0.96632
test_19122,0.99647
test_19123,0.87655
test_19124,0.00013
test_19125,0.99999
test_19126,0.91321
test_19127,0.00341
test_19128,0.98158
test_19129,0.00150
test_19130,0.99972
test_19131,0.99994
test_19132,0.04330
test_19133,0.00039
test_19134,0.02247
test_19135,0.01434
test_19136,0.94249
test_19137,0.99992
test_19138,0.01381
test_19139,0.39156
test_19140,1.00000
test_19141,0.12389
test_19142,0.99965
test_19143,0.00000
test_19144,0.99987
test_19145,0.99801
test_19146,0.96487
test_19147,0.99999
test_19148,0.99984
test_19149,0.99881
test_19150,0.77119
test_19151,0.00041
test_19152,0.98567
test_19153,0.39007
test_19154,0.70116
test_19155,0.99964
test_19156,0.87503
test_19157,0.98095
test_19158,0.06142
test_19159,0.99991
test_19160,0.00011
test_19161,0.03209
test_19162,0.11080
test_19163,0.99933
test_19164,0.49321
test_19165,0.00989
test_19166,0.91383
test_19167,0.99890
test_19168,0.99988
test_19169,0.00008
test_19170,1.00000
test_19171,0.99999
test_19172,0.99789
test_19173,0.99730
test_19174,0.99954
test_19175,0.99537
test_19176,0.57288
test_19177,0.99418
test_19178,0.90504
test_19179,0.99891
test_19180,0.00894
test_19181,0.58044
test_19182,0.00039
test_19183,0.95256
test_19184,0.98454
test_19185,0.98666
test_19186,0.97418
test_19187,0.99883
test_19188,0.71028
test_19189,0.89955
test_19190,0.99999
test_19191,0.03801
test_19192,0.98409
test_19193,0.10587
test_19194,0.00471
test_19195,0.07434
test_19196,0.99978
test_19197,0.00853
test_19198,0.99122
test_19199,0.00326
test_19200,0.99623
test_19201,0.99968
test_19202,0.39373
test_19203,0.99993
test_19204,0.97448
test_19205,0.35176
test_19206,0.99607
test_19207,0.14726
test_19208,0.99498
test_19209,0.98720
test_19210,0.87157
test_19211,0.00030
test_19212,0.92801
test_19213,0.97936
test_19214,0.00379
test_19215,0.00297
test_19216,0.33200
test_19217,0.99798
test_19218,0.05480
test_19219,0.09111
test_19220,0.86748
test_19221,0.99718
test_19222,0.97675
test_19223,0.99994
test_19224,0.00246
test_19225,0.00142
test_19226,0.99999
test_19227,0.52064
test_19228,0.78095
test_19229,0.00190
test_19230,0.15199
test_19231,0.99298
test_19232,0.99213
test_19233,0.99847
test_19234,0.00018
test_19235,0.00407
test_19236,0.62121
test_19237,0.00124
test_19238,0.02913
test_19239,0.99527
test_19240,0.99636
test_19241,0.04365
test_19242,0.99956
test_19243,0.99846
test_19244,0.99998
test_19245,0.99992
test_19246,0.99880
test_19247,0.00253
test_19248,0.99962
test_19249,0.00003
test_19250,0.99868
test_19251,0.97754
test_19252,0.00004
test_19253,0.00023
test_19254,0.96434
test_19255,0.99819
test_19256,0.78195
test_19257,0.01756
test_19258,0.38421
test_19259,0.00253
test_19260,0.29255
test_19261,0.98600
test_19262,0.99603
test_19263,0.21348
test_19264,0.78582
test_19265,0.99863
test_19266,0.00052
test_19267,0.88361
test_19268,0.94081
test_19269,0.00680
test_19270,0.01390
test_19271,0.00146
test_19272,0.97945
test_19273,0.99944
test_19274,0.00207
test_19275,0.78840
test_19276,0.96178
test_19277,0.00984
test_19278,0.18920
test_19279,0.96431
test_19280,0.84479
test_19281,0.75078
test_19282,0.00248
test_19283,0.89022
test_19284,0.01829
test_19285,0.70802
test_19286,0.05235
test_19287,0.99999
test_19288,0.04480
test_19289,0.00141
test_19290,1.00000
test_19291,0.06750
test_19292,0.92227
test_19293,0.00012
test_19294,0.97340
test_19295,0.99637
test_19296,0.99148
test_19297,0.00000
test_19298,0.99963
test_19299,0.02474
test_19300,0.00115
test_19301,0.19051
test_19302,1.00000
test_19303,0.99991
test_19304,0.99992
test_19305,0.02892
test_19306,0.99978
test_19307,0.99999
test_19308,0.99950
test_19309,0.27519
test_19310,0.00296
test_19311,0.00001
test_19312,0.85882
test_19313,0.00063
test_19314,0.86148
test_19315,0.99963
test_19316,0.98532
test_19317,0.10715
test_19318,0.90018
test_19319,0.32639
test_19320,0.99782
test_19321,0.13033
test_19322,0.34957
test_19323,0.99729
test_19324,0.05107
test_19325,0.00013
test_19326,0.03161
test_19327,0.20824
test_19328,0.21943
test_19329,0.12194
test_19330,0.98490
test_19331,0.02586
test_19332,0.99898
test_19333,0.04408
test_19334,0.22289
test_19335,0.00085
test_19336,0.00543
test_19337,0.00004
test_19338,0.99928
test_19339,0.01033
test_19340,0.51667
test_19341,0.02126
test_19342,0.98538
test_19343,0.99970
test_19344,0.00431
test_19345,0.99981
test_19346,0.99957
test_19347,0.00098
test_19348,0.00429
test_19349,0.33373
test_19350,0.00919
test_19351,0.01645
test_19352,0.90193
test_19353,0.01308
test_19354,0.99999
test_19355,0.00012
test_19356,0.70392
test_19357,0.70857
test_19358,0.99261
test_19359,0.99945
test_19360,0.42311
test_19361,0.01633
test_19362,0.03829
test_19363,0.03112
test_19364,0.82559
test_19365,0.06431
test_19366,0.24009
test_19367,0.89118
test_19368,0.99945
test_19369,0.53119
test_19370,0.37871
test_19371,0.02992
test_19372,0.09356
test_19373,0.86404
test_19374,0.99909
test_19375,0.60059
test_19376,0.99190
test_19377,0.99951
test_19378,0.98941
test_19379,0.42432
test_19380,0.99855
test_19381,0.01819
test_19382,0.00019
test_19383,0.99462
test_19384,0.99995
test_19385,0.99820
test_19386,0.06823
test_19387,0.97189
test_19388,0.82886
test_19389,0.08412
test_19390,1.00000
test_19391,0.01334
test_19392,0.00087
test_19393,0.97107
test_19394,0.99999
test_19395,0.00160
test_19396,0.99196
test_19397,0.02581
test_19398,0.01134
test_19399,0.33418
test_19400,0.05615
test_19401,0.98688
test_19402,0.29131
test_19403,0.57250
test_19404,0.03068
test_19405,0.99401
test_19406,0.99950
test_19407,0.68593
test_19408,0.53044
test_19409,0.00530
test_19410,0.03849
test_19411,0.00006
test_19412,0.77235
test_19413,0.99937
test_19414,0.21824
test_19415,0.92206
test_19416,0.99574
test_19417,0.52328
test_19418,0.00572
test_19419,0.86779
test_19420,0.00395
test_19421,0.11750
test_19422,0.99991
test_19423,0.99994
test_19424,0.94553
test_19425,0.01067
test_19426,0.02385
test_19427,0.00114
test_19428,0.99990
test_19429,0.99700
test_19430,0.45159
test_19431,0.97796
test_19432,0.99998
test_19433,0.00019
test_19434,0.99564
test_19435,0.99998
test_19436,0.99117
test_19437,0.99945
test_19438,0.00289
test_19439,0.33469
test_19440,0.45394
test_19441,0.99999
test_19442,0.44515
test_19443,0.00082
test_19444,0.00434
test_19445,0.01422
test_19446,0.99999
test_19447,0.01041
test_19448,0.99643
test_19449,0.99999
test_19450,0.66036
test_19451,0.94420
test_19452,0.99999
test_19453,0.12441
test_19454,0.98249
test_19455,0.03421
test_19456,0.00667
test_19457,0.99281
test_19458,0.99995
test_19459,0.99719
test_19460,0.02741
test_19461,0.55910
test_19462,0.86865
test_19463,0.97971
test_19464,0.02370
test_19465,0.08031
test_19466,0.79337
test_19467,0.99263
test_19468,0.97660
test_19469,0.99501
test_19470,0.00217
test_19471,0.00501
test_19472,1.00000
test_19473,0.98536
test_19474,0.89938
test_19475,0.99809
test_19476,0.84174
test_19477,0.88888
test_19478,0.91712
test_19479,0.99560
test_19480,0.99879
test_19481,0.99865
test_19482,0.03867
test_19483,0.99705
test_19484,0.96518
test_19485,0.99988
test_19486,0.22655
test_19487,0.57521
test_19488,0.99770
test_19489,0.99842
test_19490,0.01199
test_19491,0.18492
test_19492,0.04306
test_19493,0.99964
test_19494,0.91896
test_19495,0.97441
test_19496,0.99989
test_19497,0.11487
test_19498,0.99936
test_19499,0.57473
test_19500,0.00063
test_19501,0.99852
test_19502,0.00011
test_19503,0.55808
test_19504,0.84306
test_19505,0.99835
test_19506,0.27119
test_19507,0.99819
test_19508,0.99195
test_19509,0.98506
test_19510,0.98564
test_19511,0.93803
test_19512,0.40853
test_19513,0.94971
test_19514,0.95151
test_19515,0.00108
test_19516,0.99998
test_19517,0.03311
test_19518,0.95420
test_19519,0.99985
test_19520,0.05733
test_19521,0.98905
test_19522,0.09200
test_19523,0.99601
test_19524,0.31481
test_19525,0.04447
test_19526,0.02313
test_19527,0.67398
test_19528,0.00009
test_19529,0.51456
test_19530,0.93710
test_19531,0.28959
test_19532,0.75196
test_19533,0.56039
test_19534,0.99998
test_19535,0.00322
test_19536,0.30261
test_19537,0.55169
test_19538,0.99999
test_19539,0.99964
test_19540,0.95746
test_19541,0.99993
test_19542,0.83313
test_19543,0.02108
test_19544,0.99995
test_19545,0.99900
test_19546,0.73760
test_19547,0.01334
test_19548,0.99964
test_19549,0.00002
test_19550,0.00000
test_19551,0.99371
test_19552,0.99664
test_19553,0.44486
test_19554,0.56167
test_19555,0.98080
test_19556,0.68078
test_19557,0.00935
test_19558,0.00053
test_19559,0.14164
test_19560,0.98434
test_19561,0.76217
test_19562,0.99468
test_19563,0.10287
test_19564,0.05199
test_19565,0.95925
test_19566,0.00690
test_19567,0.99976
test_19568,0.53081
test_19569,0.51517
test_19570,0.43600
test_19571,0.99270
test_19572,0.99157
test_19573,0.99010
test_19574,0.00044
test_19575,0.01378
test_19576,0.99636
test_19577,0.89368
test_19578,0.53417
test_19579,0.00001
test_19580,0.00244
test_19581,0.97767
test_19582,0.98278
test_19583,0.00000
test_19584,0.10711
test_19585,0.95623
test_19586,0.51958
test_19587,0.73261
test_19588,0.99993
test_19589,0.00009
test_19590,0.44261
test_19591,0.97388
test_19592,0.89160
test_19593,0.51801
test_19594,0.00149
test_19595,0.00046
test_19596,0.99993
test_19597,0.00385
test_19598,0.00045
test_19599,0.99311
test_19600,0.00157
test_19601,0.00811
test_19602,0.00317
test_19603,0.99789
test_19604,0.99990
test_19605,0.06014
test_19606,0.99986
test_19607,0.00232
test_19608,0.00511
test_19609,0.01711
test_19610,0.99469
test_19611,0.99956
test_19612,0.06392
test_19613,0.99975
test_19614,0.97771
test_19615,0.96375
test_19616,0.01049
test_19617,0.03894
test_19618,0.95755
test_19619,0.99979
test_19620,0.97584
test_19621,0.00013
test_19622,0.00002
test_19623,0.02043
test_19624,0.59720
test_19625,0.99999
test_19626,0.00357
test_19627,0.00031
test_19628,0.98798
test_19629,0.00056
test_19630,0.99998
test_19631,0.99992
test_19632,0.97320
test_19633,0.99700
test_19634,0.16263
test_19635,0.99484
test_19636,0.99272
test_19637,0.76597
test_19638,0.99910
test_19639,0.99262
test_19640,0.00027
test_19641,0.22357
test_19642,0.00150
test_19643,0.00106
test_19644,0.01240
test_19645,0.03964
test_19646,0.15229
test_19647,0.99986
test_19648,0.32946
test_19649,0.99902
test_19650,0.00136
test_19651,0.00221
test_19652,0.00034
test_19653,0.97564
test_19654,0.06621
test_19655,0.15891
test_19656,0.92319
test_19657,0.00130
test_19658,0.32718
test_19659,0.62849
test_19660,0.99945
test_19661,0.01757
test_19662,0.84308
test_19663,0.81030
test_19664,0.65066
test_19665,0.99845
test_19666,0.99881
test_19667,0.99948
test_19668,0.01662
test_19669,0.03962
test_19670,0.99848
test_19671,0.73553
test_19672,0.99146
test_19673,0.02423
test_19674,0.00385
test_19675,0.98691
test_19676,0.60028
test_19677,0.92065
test_19678,0.00002
test_19679,0.98749
test_19680,0.66782
test_19681,0.02129
test_19682,0.00287
test_19683,0.99989
test_19684,0.00012
test_19685,0.98135
test_19686,0.99905
test_19687,0.00004
test_19688,0.92089
test_19689,0.56244
test_19690,0.05795
test_19691,0.99980
test_19692,0.99990
test_19693,0.17605
test_19694,0.93170
test_19695,0.99992
test_19696,0.99971
test_19697,0.49598
test_19698,0.99042
test_19699,0.99925
test_19700,0.00173
test_19701,0.13442
test_19702,0.25742
test_19703,0.00005
test_19704,0.99411
test_19705,0.03076
test_19706,0.00211
test_19707,0.95015
test_19708,0.99022
test_19709,0.00004
test_19710,0.99876
test_19711,0.02978
test_19712,0.97478
test_19713,1.00000
test_19714,0.00135
test_19715,0.00007
test_19716,0.02085
test_19717,0.99998
test_19718,0.98530
test_19719,0.99993
test_19720,0.99782
test_19721,0.98473
test_19722,0.00096
test_19723,0.99956
test_19724,0.00011
test_19725,0.99965
test_19726,1.00000
test_19727,0.05889
test_19728,0.96154
test_19729,0.07498
test_19730,0.55538
test_19731,0.09801
test_19732,0.98922
test_19733,0.85759
test_19734,0.96317
test_19735,0.79566
test_19736,0.99809
test_19737,0.09186
test_19738,0.61898
test_19739,0.02824
test_19740,0.99772
test_19741,0.99998
test_19742,0.00108
test_19743,0.01363
test_19744,0.99994
test_19745,0.91119
test_19746,0.00011
test_19747,0.10387
test_19748,0.00410
test_19749,0.82379
test_19750,0.99998
test_19751,0.00061
test_19752,0.99954
test_19753,0.00182
test_19754,0.26537
test_19755,0.99999
test_19756,0.97106
test_19757,0.98552
test_19758,0.26063
test_19759,0.91438
test_19760,0.95901
test_19761,0.10232
test_19762,0.00004
test_19763,0.26950
test_19764,0.97737
test_19765,0.99882
test_19766,0.00041
test_19767,0.65848
test_19768,0.20374
test_19769,0.14082
test_19770,0.00004
test_19771,0.99995
test_19772,0.99999
test_19773,0.00004
test_19774,0.55856
test_19775,0.06737
test_19776,0.99937
test_19777,0.00736
test_19778,0.99977
test_19779,0.30242
test_19780,0.92167
test_19781,0.00003
test_19782,0.66395
test_19783,0.09378
test_19784,0.99867
test_19785,0.92525
test_19786,0.99599
test_19787,0.00006
test_19788,0.96239
test_19789,0.78236
test_19790,0.98392
test_19791,0.77746
test_19792,0.99703
test_19793,0.86527
test_19794,0.00000
test_19795,0.93928
test_19796,0.00259
test_19797,0.98837
test_19798,0.09947
test_19799,0.96528
test_19800,0.00069
test_19801,0.01511
test_19802,0.07973
test_19803,0.94120
test_19804,0.29016
test_19805,0.00123
test_19806,0.73839
test_19807,0.99999
test_19808,0.03040
test_19809,0.15762
test_19810,0.99933
test_19811,0.99031
test_19812,0.95694
test_19813,0.65889
test_19814,0.99895
test_19815,0.06535
test_19816,0.20999
test_19817,0.99999
test_19818,0.08527
test_19819,0.91277
test_19820,0.02197
test_19821,0.92239
test_19822,0.99991
test_19823,0.99996
test_19824,0.96944
test_19825,0.97087
test_19826,0.03608
test_19827,0.99995
test_19828,0.34482
test_19829,0.01217
test_19830,0.71961
test_19831,0.08171
test_19832,0.99896
test_19833,0.05130
test_19834,0.89366
test_19835,0.00015
test_19836,0.00082
test_19837,0.99991
test_19838,0.99981
test_19839,0.23828
test_19840,0.42957
test_19841,0.11696
test_19842,0.17315
test_19843,0.00074
test_19844,0.00092
test_19845,0.00010
test_19846,0.26378
test_19847,0.99937
test_19848,0.07171
test_19849,0.00423
test_19850,0.98294
test_19851,0.86306
test_19852,0.39174
test_19853,0.00005
test_19854,0.97958
test_19855,0.99870
test_19856,0.99992
test_19857,0.20124
test_19858,0.91921
test_19859,0.63442
test_19860,0.00013
test_19861,0.00168
test_19862,0.82517
test_19863,0.72038
test_19864,0.01909
test_19865,0.90141
test_19866,0.00003
test_19867,0.99804
test_19868,0.95127
test_19869,0.01527
test_19870,0.00013
test_19871,0.99994
test_19872,0.83284
test_19873,0.92326
test_19874,0.00017
test_19875,0.00000
test_19876,0.33320
test_19877,0.98733
test_19878,0.84183
test_19879,0.99977
test_19880,0.96853
test_19881,0.00003
test_19882,0.99975
test_19883,0.21277
test_19884,0.00541
test_19885,0.88184
test_19886,0.99986
test_19887,0.99998
test_19888,0.00421
test_19889,0.76280
test_19890,0.11161
test_19891,0.96483
test_19892,0.29895
test_19893,0.98219
test_19894,0.01305
test_19895,0.98478
test_19896,0.15508
test_19897,0.87091
test_19898,0.00326
test_19899,0.00214
test_19900,0.91249
test_19901,0.00008
test_19902,0.35825
test_19903,0.98270
test_19904,0.99648
test_19905,0.00507
test_19906,0.84723
test_19907,0.10721
test_19908,0.00098
test_19909,0.00538
test_19910,0.03597
test_19911,0.01589
test_19912,0.02627
test_19913,0.98404
test_19914,0.00238
test_19915,0.01915
test_19916,0.28214
test_19917,0.40802
test_19918,0.31593
test_19919,0.00592
test_19920,0.27603
test_19921,0.94602
test_19922,0.99998
test_19923,0.98916
test_19924,0.70903
test_19925,0.99928
test_19926,0.00080
test_19927,0.48303
test_19928,0.07482
test_19929,0.99945
test_19930,0.85664
test_19931,0.36665
test_19932,0.99597
test_19933,0.03611
test_19934,0.97259
test_19935,0.00032
test_19936,0.99983
test_19937,0.99867
test_19938,0.98743
test_19939,0.01272
test_19940,0.00270
test_19941,0.48139
test_19942,0.12634
test_19943,0.37060
test_19944,0.99961
test_19945,0.01093
test_19946,0.00010
test_19947,0.00280
test_19948,0.99957
test_19949,0.00286
test_19950,0.65735
test_19951,0.99999
test_19952,0.97884
test_19953,0.00002
test_19954,0.03585
test_19955,0.36088
test_19956,0.00061
test_19957,0.01081
test_19958,0.21000
test_19959,0.99979
test_19960,0.50271
test_19961,0.98931
test_19962,0.00257
test_19963,0.01065
test_19964,0.99582
test_19965,0.15616
test_19966,1.00000
test_19967,0.32907
test_19968,0.99935
test_19969,0.01220
test_19970,0.00989
test_19971,0.55251
test_19972,0.90590
test_19973,0.99745
test_19974,0.96979
test_19975,0.99968
test_19976,0.93802
test_19977,0.24465
test_19978,0.52319
test_19979,0.00046
test_19980,0.97866
test_19981,0.99385
test_19982,0.99981
test_19983,0.99941
test_19984,0.38108
test_19985,0.00121
test_19986,0.00048
test_19987,0.97219
test_19988,0.93126
test_19989,0.00676
test_19990,0.24842
test_19991,0.99925
test_19992,0.00162
test_19993,0.99757
test_19994,0.56911
test_19995,0.00624
test_19996,0.00257
test_19997,0.01926
test_19998,0.00007
test_19999,0.56247