image_id,p_180
test_00000,0.00287
test_00001,0.98319
test_00002,0.99971
test_00003,0.01837
test_00004,0.98340
test_00005,0.13422
test_00006,0.99775
test_00007,0.99994
test_00008,0.99684
test_00009,0.12872
test_00010,0.98010
test_00011,0.00044
test_00012,0.07286
test_00013,0.97965
test_00014,0.98225
test_00015,0.99571
test_00016,0.94331
test_00017,0.00031
test_00018,0.86951
test_00019,0.00589
test_00020,0.00064
test_00021,0.03097
test_00022,0.99865
test_00023,0.01424
test_00024,0.09125
test_00025,0.99838
test_00026,0.99901
test_00027,0.83816
test_00028,0.25608
test_00029,0.93378
test_00030,0.01760
test_00031,0.99994
test_00032,0.95339
test_00033,0.96762
test_00034,0.95676
test_00035,0.99999
test_00036,0.76568
test_00037,0.00583
test_00038,0.00723
test_00039,0.00073
test_00040,0.48146
test_00041,0.00423
test_00042,0.99498
test_00043,0.01397
test_00044,0.10554
test_00045,0.33832
test_00046,0.00023
test_00047,0.99911
test_00048,0.98118
test_00049,0.95839
test_00050,0.99940
test_00051,0.00004
test_00052,0.00002
test_00053,0.73233
test_00054,0.00347
test_00055,0.97229
test_00056,0.00212
test_00057,0.93136
test_00058,0.00094
test_00059,0.04761
test_00060,0.73364
test_00061,0.00944
test_00062,0.04446
test_00063,0.00102
test_00064,0.00010
test_00065,0.99981
test_00066,0.30065
test_00067,0.00082
test_00068,0.00021
test_00069,0.14273
test_00070,0.93092
test_00071,0.98829
test_00072,0.99615
test_00073,0.64424
test_00074,0.20230
test_00075,0.90380
test_00076,0.00079
test_00077,0.99506
test_00078,0.99857
test_00079,0.57426
test_00080,0.01791
test_00081,0.99859
test_00082,0.51671
test_00083,0.00173
test_00084,0.99993
test_00085,0.83656
test_00086,0.99891
test_00087,0.99796
test_00088,0.21534
test_00089,0.73942
test_00090,0.00272
test_00091,0.00013
test_00092,0.98833
test_00093,0.42766
test_00094,0.35907
test_00095,0.34098
test_00096,0.42873
test_00097,0.00781
test_00098,0.00059
test_00099,0.00819
test_00100,0.00436
test_00101,0.64305
test_00102,0.00026
test_00103,0.99987
test_00104,0.86735
test_00105,0.00038
test_00106,0.03068
test_00107,0.99463
test_00108,0.17029
test_00109,0.00192
test_00110,0.99383
test_00111,0.15729
test_00112,0.94793
test_00113,0.00019
test_00114,0.96308
test_00115,0.73447
test_00116,0.02380
test_00117,0.94738
test_00118,0.99700
test_00119,0.59996
test_00120,0.12124
test_00121,0.99806
test_00122,0.98310
test_00123,0.99776
test_00124,0.00324
test_00125,0.02298
test_00126,0.00025
test_00127,0.99982
test_00128,0.00022
test_00129,0.00658
test_00130,0.99994
test_00131,0.00108
test_00132,0.94788
test_00133,0.88507
test_00134,0.01282
test_00135,0.36080
test_00136,0.00034
test_00137,0.97741
test_00138,0.99742
test_00139,0.00162
test_00140,0.99897
test_00141,0.00019
test_00142,0.93894
test_00143,0.97644
test_00144,0.10765
test_00145,0.95947
test_00146,0.00255
test_00147,0.99718
test_00148,0.00364
test_00149,0.00225
test_00150,0.00263
test_00151,0.99683
test_00152,0.00426
test_00153,0.36572
test_00154,0.37372
test_00155,0.99892
test_00156,0.99986
test_00157,0.00156
test_00158,0.99494
test_00159,0.99992
test_00160,0.99061
test_00161,0.73307
test_00162,0.37398
test_00163,0.59285
test_00164,0.00631
test_00165,0.99407
test_00166,0.60809
test_00167,0.67267
test_00168,0.05070
test_00169,0.00908
test_00170,0.97793
test_00171,0.70893
test_00172,0.85343
test_00173,0.02458
test_00174,0.00009
test_00175,0.99899
test_00176,0.96039
test_00177,0.00024
test_00178,0.00611
test_00179,0.99775
test_00180,0.00023
test_00181,0.65531
test_00182,0.90860
test_00183,0.61853
test_00184,0.66732
test_00185,0.99899
test_00186,0.03320
test_00187,0.99200
test_00188,0.99986
test_00189,0.99880
test_00190,0.00261
test_00191,0.72392
test_00192,0.00000
test_00193,0.21526
test_00194,0.00006
test_00195,0.00289
test_00196,0.08670
test_00197,0.38832
test_00198,0.23232
test_00199,0.99977
test_00200,0.99945
test_00201,0.98348
test_00202,0.99680
test_00203,0.05541
test_00204,0.93336
test_00205,0.01220
test_00206,0.00041
test_00207,0.00002
test_00208,0.00069
test_00209,0.00018
test_00210,0.01578
test_00211,0.99751
test_00212,0.99232
test_00213,0.96184
test_00214,0.99339
test_00215,0.00042
test_00216,0.00010
test_00217,0.00078
test_00218,0.01220
test_00219,0.99925
test_00220,0.99523
test_00221,0.95875
test_00222,0.14886
test_00223,0.99593
test_00224,0.96775
test_00225,0.94073
test_00226,0.00225
test_00227,0.02134
test_00228,0.43452
test_00229,0.00422
test_00230,0.00189
test_00231,0.99997
test_00232,0.93006
test_00233,0.96831
test_00234,0.00187
test_00235,0.97316
test_00236,0.00003
test_00237,0.00160
test_00238,0.99944
test_00239,0.01342
test_00240,0.00095
test_00241,0.00386
test_00242,0.41835
test_00243,0.99930
test_00244,0.99821
test_00245,0.18871
test_00246,0.00001
test_00247,0.95878
test_00248,0.99850
test_00249,0.99972
test_00250,0.27395
test_00251,0.53452
test_00252,0.00028
test_00253,0.99991
test_00254,0.00139
test_00255,0.00090
test_00256,0.03995
test_00257,0.00072
test_00258,0.02557
test_00259,0.20812
test_00260,0.00419
test_00261,0.62355
test_00262,0.98725
test_00263,0.99296
test_00264,0.99559
test_00265,0.90718
test_00266,0.03520
test_00267,0.60917
test_00268,0.00878
test_00269,0.99750
test_00270,0.49093
test_00271,0.65879
test_00272,0.87798
test_00273,0.01191
test_00274,0.73850
test_00275,0.00604
test_00276,0.71851
test_00277,0.99938
test_00278,0.00293
test_00279,0.15222
test_00280,0.98501
test_00281,0.76849
test_00282,0.98490
test_00283,0.40497
test_00284,0.47967
test_00285,0.00068
test_00286,0.00646
test_00287,0.77401
test_00288,0.99998
test_00289,0.99650
test_00290,0.99304
test_00291,0.99987
test_00292,0.99989
test_00293,0.00394
test_00294,0.99817
test_00295,0.99991
test_00296,0.00028
test_00297,0.92284
test_00298,0.01553
test_00299,0.99206
test_00300,0.01308
test_00301,0.07865
test_00302,0.65147
test_00303,0.03166
test_00304,0.00012
test_00305,0.83202
test_00306,0.97885
test_00307,0.79175
test_00308,0.35973
test_00309,0.65965
test_00310,0.72583
test_00311,0.94986
test_00312,0.00059
test_00313,0.99985
test_00314,0.00096
test_00315,0.88771
test_00316,0.97835
test_00317,0.00001
test_00318,0.99573
test_00319,0.44662
test_00320,0.95970
test_00321,0.12034
test_00322,0.90741
test_00323,0.97868
test_00324,0.88893
test_00325,0.94508
test_00326,0.00520
test_00327,0.26044
test_00328,0.89427
test_00329,0.76762
test_00330,0.99967
test_00331,0.98992
test_00332,0.90100
test_00333,0.99879
test_00334,0.99638
test_00335,0.15717
test_00336,0.13375
test_00337,0.72262
test_00338,0.00619
test_00339,0.99337
test_00340,0.02486
test_00341,0.00559
test_00342,0.99179
test_00343,0.99792
test_00344,0.99510
test_00345,0.97595
test_00346,0.00479
test_00347,0.03314
test_00348,0.87654
test_00349,0.00144
test_00350,0.80356
test_00351,0.47934
test_00352,0.98400
test_00353,0.61179
test_00354,0.10382
test_00355,0.99987
test_00356,0.01275
test_00357,0.00223
test_00358,0.73125
test_00359,0.99986
test_00360,0.98144
test_00361,0.99886
test_00362,0.93896
test_00363,0.99839
test_00364,0.99808
test_00365,0.83387
test_00366,0.87633
test_00367,0.00904
test_00368,0.00031
test_00369,0.99980
test_00370,0.00066
test_00371,0.01670
test_00372,0.99767
test_00373,0.00178
test_00374,0.99935
test_00375,0.99132
test_00376,0.02191
test_00377,0.00243
test_00378,0.94415
test_00379,0.00366
test_00380,0.00062
test_00381,0.95733
test_00382,0.17426
test_00383,0.00744
test_00384,0.99704
test_00385,0.01623
test_00386,0.96862
test_00387,0.95923
test_00388,0.13699
test_00389,0.99982
test_00390,0.13936
test_00391,0.00175
test_00392,0.18370
test_00393,0.12807
test_00394,0.02572
test_00395,0.00211
test_00396,0.00108
test_00397,0.99805
test_00398,0.00475
test_00399,0.77688
test_00400,0.99995
test_00401,0.89562
test_00402,0.99830
test_00403,0.00035
test_00404,0.00010
test_00405,0.94508
test_00406,0.96546
test_00407,0.79717
test_00408,0.98725
test_00409,0.93926
test_00410,0.00015
test_00411,0.00124
test_00412,0.01193
test_00413,0.11279
test_00414,0.75409
test_00415,0.83755
test_00416,0.00061
test_00417,0.00108
test_00418,0.99948
test_00419,0.99990
test_00420,0.00010
test_00421,0.97364
test_00422,0.99982
test_00423,0.00001
test_00424,0.00093
test_00425,0.00353
test_00426,0.57853
test_00427,0.00059
test_00428,0.00317
test_00429,0.99769
test_00430,0.98671
test_00431,0.99999
test_00432,0.99984
test_00433,0.08461
test_00434,0.33161
test_00435,0.00195
test_00436,0.99884
test_00437,0.20162
test_00438,0.99144
test_00439,0.41757
test_00440,0.31706
test_00441,0.00000
test_00442,0.87326
test_00443,0.99847
test_00444,0.99996
test_00445,0.00015
test_00446,0.00024
test_00447,0.01865
test_00448,0.99835
test_00449,0.00006
test_00450,0.01107
test_00451,0.99777
test_00452,0.96690
test_00453,0.02305
test_00454,0.72885
test_00455,0.99802
test_00456,0.00579
test_00457,0.00008
test_00458,0.99736
test_00459,0.97754
test_00460,0.09947
test_00461,0.99745
test_00462,0.18055
test_00463,0.99998
test_00464,0.00080
test_00465,0.01632
test_00466,0.99413
test_00467,0.40104
test_00468,0.99554
test_00469,0.08948
test_00470,0.20497
test_00471,0.00613
test_00472,0.00788
test_00473,0.01015
test_00474,0.00017
test_00475,0.00044
test_00476,0.63007
test_00477,0.07140
test_00478,0.14063
test_00479,0.32913
test_00480,0.99797
test_00481,0.00028
test_00482,0.02972
test_00483,0.99915
test_00484,0.55331
test_00485,0.00230
test_00486,0.00062
test_00487,0.23736
test_00488,0.02022
test_00489,0.99948
test_00490,0.98497
test_00491,0.55632
test_00492,0.96135
test_00493,0.99998
test_00494,0.93528
test_00495,0.99962
test_00496,0.34663
test_00497,0.99998
test_00498,0.11310
test_00499,0.00033
test_00500,0.99963
test_00501,0.02136
test_00502,0.92300
test_00503,0.00082
test_00504,0.99977
test_00505,0.92675
test_00506,0.99155
test_00507,0.01354
test_00508,0.65507
test_00509,0.68336
test_00510,0.97782
test_00511,0.93648
test_00512,0.99756
test_00513,0.99443
test_00514,0.00030
test_00515,0.01164
test_00516,0.04383
test_00517,0.11731
test_00518,0.01124
test_00519,0.98899
test_00520,0.00015
test_00521,0.99945
test_00522,0.01311
test_00523,0.15505
test_00524,0.99527
test_00525,0.34661
test_00526,0.01576
test_00527,0.00035
test_00528,0.00336
test_00529,0.42950
test_00530,0.03641
test_00531,0.34331
test_00532,0.05044
test_00533,0.00494
test_00534,0.99997
test_00535,0.13894
test_00536,0.00427
test_00537,0.01276
test_00538,0.97109
test_00539,0.06261
test_00540,0.45273
test_00541,0.01057
test_00542,0.10309
test_00543,0.99992
test_00544,0.99263
test_00545,0.00207
test_00546,0.00009
test_00547,0.99908
test_00548,0.00251
test_00549,0.84954
test_00550,0.00082
test_00551,0.00600
test_00552,0.93865
test_00553,0.85596
test_00554,0.17589
test_00555,0.38804
test_00556,0.83500
test_00557,0.99986
test_00558,0.00343
test_00559,0.00006
test_00560,0.56217
test_00561,0.07601
test_00562,0.21262
test_00563,0.06780
test_00564,0.99438
test_00565,0.99666
test_00566,0.00002
test_00567,0.93136
test_00568,0.01004
test_00569,0.77371
test_00570,0.06947
test_00571,0.33822
test_00572,0.00030
test_00573,0.00598
test_00574,0.01648
test_00575,0.18111
test_00576,0.94699
test_00577,0.28598
test_00578,0.00000
test_00579,0.93992
test_00580,0.99995
test_00581,0.99913
test_00582,0.00657
test_00583,0.98908
test_00584,0.00073
test_00585,0.00003
test_00586,0.99976
test_00587,0.99998
test_00588,0.16266
test_00589,0.00383
test_00590,0.00014
test_00591,0.01207
test_00592,0.02013
test_00593,0.90124
test_00594,0.99386
test_00595,0.03917
test_00596,0.52583
test_00597,0.00338
test_00598,0.99335
test_00599,0.00014
test_00600,0.92412
test_00601,0.97075
test_00602,0.97374
test_00603,0.04625
test_00604,0.72058
test_00605,0.49736
test_00606,0.99814
test_00607,0.13516
test_00608,0.31860
test_00609,0.00172
test_00610,0.99801
test_00611,0.09481
test_00612,0.23276
test_00613,0.17535
test_00614,0.21732
test_00615,1.00000
test_00616,0.00011
test_00617,0.99039
test_00618,0.00004
test_00619,0.99998
test_00620,0.98155
test_00621,0.53458
test_00622,0.99979
test_00623,0.47738
test_00624,0.00026
test_00625,0.00220
test_00626,0.99959
test_00627,0.00062
test_00628,0.00211
test_00629,0.30659
test_00630,0.99493
test_00631,0.67295
test_00632,0.97881
test_00633,0.93893
test_00634,0.99949
test_00635,0.00126
test_00636,0.97815
test_00637,0.03411
test_00638,0.01513
test_00639,0.99579
test_00640,0.00086
test_00641,0.99916
test_00642,0.70020
test_00643,0.00055
test_00644,0.99994
test_00645,0.99919
test_00646,0.00496
test_00647,0.00105
test_00648,0.75441
test_00649,0.89216
test_00650,0.00065
test_00651,0.01051
test_00652,0.00513
test_00653,0.98767
test_00654,0.14330
test_00655,0.92631
test_00656,0.00001
test_00657,0.14632
test_00658,0.99944
test_00659,0.02167
test_00660,0.00064
test_00661,0.00022
test_00662,0.26663
test_00663,0.88970
test_00664,0.02539
test_00665,0.01407
test_00666,0.94300
test_00667,0.84329
test_00668,0.00423
test_00669,0.45825
test_00670,0.88669
test_00671,0.99962
test_00672,0.99720
test_00673,0.92767
test_00674,0.93593
test_00675,0.99902
test_00676,0.06628
test_00677,0.18833
test_00678,0.99851
test_00679,0.84665
test_00680,0.22915
test_00681,0.98821
test_00682,0.99943
test_00683,0.21821
test_00684,0.99864
test_00685,0.89239
test_00686,0.99951
test_00687,0.53018
test_00688,0.00095
test_00689,0.99974
test_00690,0.74195
test_00691,0.99508
test_00692,0.99979
test_00693,0.88096
test_00694,0.00005
test_00695,0.00740
test_00696,0.00859
test_00697,0.99958
test_00698,0.00071
test_00699,0.02855
test_00700,0.98186
test_00701,0.96444
test_00702,0.99871
test_00703,0.29694
test_00704,0.00008
test_00705,0.36108
test_00706,0.04315
test_00707,0.96976
test_00708,0.00211
test_00709,0.37964
test_00710,0.90880
test_00711,0.51775
test_00712,0.21877
test_00713,0.07789
test_00714,0.06564
test_00715,1.00000
test_00716,0.69849
test_00717,0.97329
test_00718,0.16702
test_00719,0.01078
test_00720,0.99990
test_00721,0.08368
test_00722,0.00021
test_00723,0.99993
test_00724,0.98417
test_00725,0.99946
test_00726,0.00789
test_00727,0.00043
test_00728,0.99905
test_00729,0.99880
test_00730,0.04733
test_00731,0.13664
test_00732,0.00760
test_00733,0.04843
test_00734,0.98557
test_00735,0.03222
test_00736,0.22260
test_00737,0.44027
test_00738,0.01572
test_00739,0.99972
test_00740,0.00060
test_00741,0.99994
test_00742,0.96670
test_00743,0.86866
test_00744,0.08387
test_00745,0.78811
test_00746,0.01374
test_00747,0.06780
test_00748,0.99705
test_00749,0.00191
test_00750,0.20170
test_00751,0.99424
test_00752,0.00559
test_00753,0.00008
test_00754,0.33184
test_00755,0.98819
test_00756,0.00565
test_00757,0.00101
test_00758,0.00057
test_00759,0.00582
test_00760,0.99799
test_00761,0.96564
test_00762,0.00001
test_00763,0.99479
test_00764,0.00735
test_00765,0.99955
test_00766,0.02896
test_00767,0.99797
test_00768,0.00057
test_00769,0.00079
test_00770,0.99630
test_00771,0.10350
test_00772,0.00034
test_00773,0.99791
test_00774,0.99896
test_00775,1.00000
test_00776,0.98351
test_00777,0.06376
test_00778,0.00262
test_00779,0.00078
test_00780,0.72596
test_00781,0.00771
test_00782,0.14039
test_00783,0.72841
test_00784,0.72696
test_00785,0.99932
test_00786,1.00000
test_00787,0.01113
test_00788,0.99858
test_00789,0.06382
test_00790,0.99178
test_00791,0.99819
test_00792,0.99885
test_00793,0.00029
test_00794,0.99696
test_00795,0.00487
test_00796,0.00721
test_00797,0.00076
test_00798,0.99263
test_00799,0.95110
test_00800,0.00316
test_00801,0.00820
test_00802,0.00030
test_00803,0.01941
test_00804,0.83529
test_00805,0.24261
test_00806,0.99966
test_00807,0.99919
test_00808,0.03901
test_00809,0.16298
test_00810,0.96318
test_00811,0.98174
test_00812,0.88012
test_00813,0.00030
test_00814,0.99979
test_00815,0.05267
test_00816,0.00121
test_00817,0.00019
test_00818,0.00091
test_00819,0.98539
test_00820,0.00887
test_00821,0.00009
test_00822,0.61667
test_00823,0.00108
test_00824,0.00706
test_00825,0.92792
test_00826,0.48039
test_00827,0.99541
test_00828,0.94112
test_00829,0.99976
test_00830,0.99586
test_00831,0.99925
test_00832,0.03752
test_00833,0.01563
test_00834,0.00099
test_00835,0.00657
test_00836,0.41260
test_00837,0.86735
test_00838,0.00174
test_00839,0.00000
test_00840,0.00665
test_00841,0.62395
test_00842,0.99857
test_00843,0.99891
test_00844,0.01398
test_00845,0.00894
test_00846,0.99802
test_00847,0.18883
test_00848,0.00000
test_00849,0.02314
test_00850,0.23404
test_00851,0.94151
test_00852,0.97095
test_00853,0.34144
test_00854,0.95064
test_00855,0.07525
test_00856,0.85309
test_00857,0.02907
test_00858,0.37719
test_00859,0.99985
test_00860,0.01496
test_00861,0.19142
test_00862,0.00101
test_00863,0.99997
test_00864,0.11490
test_00865,0.00325
test_00866,0.56325
test_00867,0.08295
test_00868,0.99765
test_00869,0.30155
test_00870,0.72926
test_00871,0.00147
test_00872,0.00087
test_00873,0.98738
test_00874,0.00047
test_00875,0.92273
test_00876,0.03723
test_00877,0.00759
test_00878,0.00000
test_00879,0.99871
test_00880,0.44511
test_00881,0.99884
test_00882,0.94915
test_00883,0.95368
test_00884,0.94115
test_00885,0.56264
test_00886,0.17293
test_00887,0.07311
test_00888,0.21552
test_00889,0.99628
test_00890,0.67219
test_00891,0.98065
test_00892,0.02403
test_00893,0.93647
test_00894,0.56360
test_00895,0.96662
test_00896,0.30656
test_00897,0.73419
test_00898,0.99416
test_00899,0.00531
test_00900,0.00971
test_00901,0.97154
test_00902,0.41384
test_00903,0.99991
test_00904,0.99997
test_00905,0.01276
test_00906,0.13977
test_00907,0.12359
test_00908,0.00160
test_00909,0.89003
test_00910,0.00010
test_00911,0.06614
test_00912,0.56353
test_00913,0.00047
test_00914,0.00283
test_00915,0.60500
test_00916,0.00084
test_00917,0.99805
test_00918,0.00828
test_00919,0.00087
test_00920,0.00017
test_00921,0.00000
test_00922,0.27920
test_00923,0.00085
test_00924,0.93971
test_00925,0.99911
test_00926,0.99106
test_00927,0.00704
test_00928,0.67924
test_00929,0.37910
test_00930,0.00018
test_00931,0.98439
test_00932,0.00006
test_00933,0.99647
test_00934,0.99998
test_00935,0.00278
test_00936,0.99647
test_00937,0.99997
test_00938,0.00166
test_00939,0.99996
test_00940,0.99999
test_00941,0.99235
test_00942,0.99996
test_00943,0.00349
test_00944,0.00285
test_00945,0.99701
test_00946,0.99253
test_00947,0.01157
test_00948,0.00099
test_00949,0.01943
test_00950,0.00082
test_00951,0.70442
test_00952,0.71350
test_00953,0.98276
test_00954,0.90317
test_00955,0.99021
test_00956,0.07741
test_00957,0.63114
test_00958,0.00768
test_00959,0.83914
test_00960,0.00010
test_00961,0.98726
test_00962,0.00067
test_00963,0.99981
test_00964,0.99536
test_00965,0.99990
test_00966,0.98046
test_00967,0.54297
test_00968,0.00578
test_00969,0.99176
test_00970,0.76542
test_00971,0.99609
test_00972,0.55752
test_00973,0.48787
test_00974,0.00964
test_00975,0.81399
test_00976,0.99990
test_00977,0.98746
test_00978,0.00001
test_00979,0.72143
test_00980,0.97925
test_00981,0.76921
test_00982,0.04248
test_00983,0.00167
test_00984,0.03147
test_00985,0.93463
test_00986,0.00596
test_00987,0.00034
test_00988,0.86911
test_00989,0.99591
test_00990,0.07154
test_00991,0.98452
test_00992,0.02316
test_00993,0.00486
test_00994,0.70568
test_00995,0.31788
test_00996,0.99991
test_00997,0.98547
test_00998,0.00012
test_00999,0.12573
test_01000,0.11527
test_01001,0.99436
test_01002,0.47066
test_01003,0.86334
test_01004,0.02076
test_01005,0.00395
test_01006,0.19830
test_01007,0.00196
test_01008,0.94396
test_01009,0.97400
test_01010,0.91587
test_01011,0.99069
test_01012,0.07953
test_01013,0.00081
test_01014,0.00000
test_01015,0.90000
test_01016,0.97157
test_01017,0.01179
test_01018,0.99831
test_01019,0.99678
test_01020,0.98201
test_01021,0.99857
test_01022,0.00013
test_01023,0.99135
test_01024,0.02405
test_01025,0.63744
test_01026,0.75331
test_01027,0.00178
test_01028,0.00040
test_01029,0.99970
test_01030,0.94911
test_01031,0.00642
test_01032,0.98248
test_01033,0.99415
test_01034,0.02394
test_01035,0.00113
test_01036,0.99849
test_01037,0.00390
test_01038,0.99937
test_01039,0.99777
test_01040,0.98565
test_01041,0.49499
test_01042,0.95244
test_01043,0.46242
test_01044,0.99986
test_01045,0.89207
test_01046,0.04656
test_01047,0.99951
test_01048,0.97930
test_01049,0.01367
test_01050,0.00022
test_01051,0.11306
test_01052,0.77201
test_01053,0.76919
test_01054,0.94710
test_01055,0.81555
test_01056,0.00966
test_01057,0.19167
test_01058,0.89766
test_01059,0.50872
test_01060,0.94169
test_01061,0.99562
test_01062,0.41886
test_01063,0.00886
test_01064,0.00043
test_01065,0.59914
test_01066,0.82675
test_01067,0.91485
test_01068,0.93199
test_01069,0.00360
test_01070,0.98542
test_01071,0.99382
test_01072,0.99686
test_01073,0.83024
test_01074,0.98459
test_01075,0.00050
test_01076,0.10091
test_01077,0.99772
test_01078,0.70394
test_01079,0.16173
test_01080,0.99998
test_01081,0.98587
test_01082,0.99798
test_01083,0.99992
test_01084,0.30741
test_01085,0.99230
test_01086,0.93195
test_01087,0.03920
test_01088,0.02952
test_01089,0.99821
test_01090,0.99975
test_01091,0.99509
test_01092,0.59169
test_01093,0.02645
test_01094,0.11833
test_01095,0.99962
test_01096,0.00800
test_01097,0.99010
test_01098,0.99992
test_01099,0.86702
test_01100,0.01059
test_01101,0.70944
test_01102,0.99999
test_01103,0.07715
test_01104,0.13399
test_01105,0.99883
test_01106,0.20746
test_01107,0.99945
test_01108,0.42113
test_01109,0.00194
test_01110,0.54635
test_01111,0.01091
test_01112,0.03899
test_01113,0.93529
test_01114,0.00140
test_01115,0.29490
test_01116,0.99190
test_01117,0.01335
test_01118,0.00475
test_01119,0.00961
test_01120,0.00054
test_01121,0.98520
test_01122,0.02455
test_01123,0.43574
test_01124,0.06245
test_01125,0.42220
test_01126,0.99817
test_01127,0.00006
test_01128,0.91130
test_01129,0.28435
test_01130,0.99996
test_01131,0.81662
test_01132,0.00013
test_01133,0.04219
test_01134,0.00052
test_01135,0.87518
test_01136,0.13139
test_01137,0.99969
test_01138,0.47427
test_01139,0.00029
test_01140,0.35451
test_01141,0.99331
test_01142,0.92525
test_01143,0.84114
test_01144,0.99990
test_01145,0.81682
test_01146,0.98983
test_01147,0.08277
test_01148,0.89659
test_01149,0.14041
test_01150,0.04372
test_01151,0.00013
test_01152,0.00069
test_01153,0.99772
test_01154,0.98531
test_01155,0.15232
test_01156,0.00126
test_01157,0.00014
test_01158,0.01164
test_01159,0.01691
test_01160,0.04227
test_01161,0.00004
test_01162,0.00253
test_01163,1.00000
test_01164,0.00089
test_01165,0.04804
test_01166,0.99892
test_01167,0.94547
test_01168,0.76792
test_01169,0.01261
test_01170,0.13134
test_01171,0.94405
test_01172,0.99328
test_01173,0.00183
test_01174,0.31036
test_01175,0.00003
test_01176,0.00935
test_01177,0.51884
test_01178,0.94431
test_01179,0.00001
test_01180,0.00145
test_01181,0.00356
test_01182,0.90175
test_01183,0.97411
test_01184,0.99879
test_01185,0.01648
test_01186,0.00302
test_01187,0.02511
test_01188,0.00005
test_01189,0.00135
test_01190,0.01030
test_01191,0.00407
test_01192,0.98891
test_01193,0.00053
test_01194,0.99973
test_01195,0.88847
test_01196,0.83430
test_01197,0.99268
test_01198,0.43128
test_01199,0.00077
test_01200,0.16257
test_01201,0.00289
test_01202,0.99631
test_01203,0.99389
test_01204,0.01936
test_01205,0.00002
test_01206,0.95416
test_01207,0.00157
test_01208,0.92415
test_01209,0.64149
test_01210,0.99997
test_01211,0.98251
test_01212,0.00627
test_01213,0.99426
test_01214,0.79660
test_01215,0.00541
test_01216,0.37737
test_01217,0.00244
test_01218,0.15099
test_01219,0.06774
test_01220,0.99937
test_01221,0.99980
test_01222,0.98903
test_01223,0.99988
test_01224,0.99553
test_01225,0.88783
test_01226,0.24796
test_01227,0.99839
test_01228,0.00005
test_01229,0.99985
test_01230,0.99980
test_01231,0.99289
test_01232,0.00721
test_01233,0.99911
test_01234,0.10919
test_01235,0.99939
test_01236,0.95429
test_01237,0.05752
test_01238,0.03395
test_01239,0.99959
test_01240,0.99999
test_01241,0.99993
test_01242,0.23170
test_01243,0.02304
test_01244,0.00055
test_01245,0.99608
test_01246,0.99925
test_01247,0.99614
test_01248,0.00476
test_01249,0.99812
test_01250,0.42517
test_01251,0.91858
test_01252,0.05100
test_01253,0.12041
test_01254,0.99877
test_01255,0.99943
test_01256,0.99971
test_01257,0.59308
test_01258,0.00278
test_01259,0.00745
test_01260,0.01053
test_01261,0.10299
test_01262,0.50309
test_01263,0.08184
test_01264,0.00594
test_01265,0.99989
test_01266,0.00289
test_01267,0.01731
test_01268,0.00090
test_01269,0.45373
test_01270,0.92770
test_01271,0.00059
test_01272,0.01919
test_01273,0.05676
test_01274,0.11636
test_01275,0.99996
test_01276,0.04819
test_01277,0.00907
test_01278,0.18269
test_01279,0.00889
test_01280,0.76011
test_01281,0.45205
test_01282,0.99991
test_01283,0.52129
test_01284,0.03838
test_01285,0.05901
test_01286,0.99914
test_01287,0.99871
test_01288,0.05608
test_01289,0.99964
test_01290,0.99997
test_01291,0.00033
test_01292,0.95828
test_01293,0.32936
test_01294,0.98333
test_01295,0.99977
test_01296,0.17871
test_01297,0.99696
test_01298,0.01720
test_01299,0.98289
test_01300,0.00040
test_01301,0.99786
test_01302,0.96174
test_01303,0.02446
test_01304,0.00146
test_01305,0.00836
test_01306,0.01395
test_01307,0.99979
test_01308,0.99301
test_01309,0.00138
test_01310,0.63044
test_01311,0.00147
test_01312,0.97157
test_01313,0.96029
test_01314,0.98435
test_01315,0.00076
test_01316,0.20398
test_01317,0.77441
test_01318,0.01838
test_01319,0.00060
test_01320,0.51839
test_01321,0.00033
test_01322,0.98264
test_01323,0.54936
test_01324,0.00425
test_01325,0.99193
test_01326,0.00010
test_01327,0.85999
test_01328,0.99635
test_01329,0.99908
test_01330,0.99764
test_01331,0.00094
test_01332,0.95949
test_01333,0.99060
test_01334,0.28851
test_01335,0.99910
test_01336,0.43611
test_01337,0.99977
test_01338,0.99963
test_01339,0.90148
test_01340,0.00000
test_01341,0.99894
test_01342,0.97110
test_01343,0.99771
test_01344,0.94823
test_01345,0.90639
test_01346,0.27167
test_01347,0.99620
test_01348,0.02354
test_01349,0.00304
test_01350,0.96941
test_01351,1.00000
test_01352,0.99973
test_01353,0.00208
test_01354,0.96497
test_01355,0.58111
test_01356,0.00054
test_01357,0.09574
test_01358,0.90105
test_01359,0.69043
test_01360,0.00754
test_01361,0.99985
test_01362,0.01322
test_01363,0.99996
test_01364,0.98773
test_01365,0.03500
test_01366,0.15365
test_01367,0.98522
test_01368,0.13311
test_01369,0.00134
test_01370,0.00044
test_01371,0.05694
test_01372,0.28307
test_01373,0.99882
test_01374,0.99591
test_01375,0.00343
test_01376,0.00343
test_01377,0.00004
test_01378,0.01207
test_01379,0.00028
test_01380,0.10742
test_01381,0.00046
test_01382,0.98236
test_01383,0.99556
test_01384,1.00000
test_01385,0.99442
test_01386,0.01621
test_01387,0.02959
test_01388,0.02841
test_01389,0.46861
test_01390,0.01887
test_01391,0.01476
test_01392,0.99013
test_01393,0.97298
test_01394,0.02230
test_01395,0.99968
test_01396,0.99009
test_01397,0.76260
test_01398,0.00666
test_01399,0.00084
test_01400,0.24649
test_01401,0.00102
test_01402,0.00003
test_01403,0.69235
test_01404,0.62027
test_01405,0.99873
test_01406,0.00086
test_01407,0.95660
test_01408,0.99848
test_01409,0.99930
test_01410,0.99819
test_01411,0.00351
test_01412,0.00376
test_01413,0.00048
test_01414,0.06257
test_01415,0.93973
test_01416,0.99398
test_01417,0.00099
test_01418,0.99364
test_01419,0.06141
test_01420,0.00000
test_01421,0.00421
test_01422,0.00165
test_01423,0.67493
test_01424,0.99888
test_01425,0.99537
test_01426,0.99450
test_01427,0.00208
test_01428,0.99705
test_01429,0.96063
test_01430,0.47554
test_01431,0.01180
test_01432,0.99520
test_01433,0.98661
test_01434,0.99721
test_01435,0.42235
test_01436,0.00634
test_01437,0.01996
test_01438,0.04295
test_01439,0.92612
test_01440,0.98765
test_01441,0.01093
test_01442,0.85455
test_01443,0.24587
test_01444,0.57921
test_01445,0.89892
test_01446,0.07450
test_01447,0.96601
test_01448,0.98839
test_01449,0.97663
test_01450,0.99923
test_01451,0.03657
test_01452,0.99788
test_01453,0.89536
test_01454,0.97565
test_01455,0.93669
test_01456,0.98380
test_01457,0.99064
test_01458,0.99163
test_01459,0.98832
test_01460,0.00002
test_01461,0.00032
test_01462,0.00692
test_01463,0.99770
test_01464,0.00341
test_01465,0.91053
test_01466,0.21214
test_01467,0.98983
test_01468,0.98354
test_01469,0.00100
test_01470,0.00427
test_01471,0.88972
test_01472,0.96864
test_01473,0.00554
test_01474,0.45392
test_01475,0.01362
test_01476,0.00171
test_01477,0.99904
test_01478,0.00014
test_01479,0.79567
test_01480,0.99983
test_01481,0.69434
test_01482,0.01647
test_01483,0.99213
test_01484,0.00020
test_01485,0.71255
test_01486,0.99494
test_01487,0.03898
test_01488,0.99992
test_01489,0.40031
test_01490,0.94998
test_01491,0.00010
test_01492,0.00058
test_01493,0.00078
test_01494,0.00479
test_01495,0.00407
test_01496,0.99562
test_01497,0.91755
test_01498,0.99634
test_01499,0.31758
test_01500,0.02398
test_01501,0.43480
test_01502,0.09242
test_01503,0.94560
test_01504,0.99645
test_01505,0.00437
test_01506,0.87739
test_01507,0.98056
test_01508,0.99956
test_01509,0.99916
test_01510,0.23229
test_01511,0.99980
test_01512,0.99822
test_01513,0.99981
test_01514,0.43565
test_01515,0.98453
test_01516,0.50316
test_01517,0.41847
test_01518,0.88004
test_01519,0.69019
test_01520,0.96493
test_01521,0.89777
test_01522,0.79422
test_01523,0.66072
test_01524,0.99133
test_01525,0.99472
test_01526,0.00000
test_01527,0.99220
test_01528,0.99955
test_01529,0.00000
test_01530,0.99716
test_01531,0.84234
test_01532,0.92705
test_01533,0.08942
test_01534,0.00070
test_01535,0.00248
test_01536,0.00013
test_01537,0.99996
test_01538,0.00656
test_01539,0.99915
test_01540,0.20853
test_01541,0.86699
test_01542,0.97142
test_01543,0.98963
test_01544,0.00054
test_01545,0.99979
test_01546,0.99663
test_01547,0.97507
test_01548,0.59761
test_01549,0.40669
test_01550,0.99459
test_01551,0.01227
test_01552,0.85753
test_01553,0.95206
test_01554,0.00340
test_01555,0.45158
test_01556,0.92189
test_01557,0.99951
test_01558,0.99858
test_01559,0.01591
test_01560,0.20258
test_01561,0.00052
test_01562,0.00104
test_01563,0.99665
test_01564,0.00081
test_01565,0.52448
test_01566,0.99569
test_01567,0.03036
test_01568,0.00320
test_01569,0.00558
test_01570,0.00000
test_01571,0.99437
test_01572,0.99383
test_01573,0.87020
test_01574,0.09953
test_01575,0.00375
test_01576,0.99765
test_01577,0.06024
test_01578,0.99235
test_01579,0.53141
test_01580,0.22347
test_01581,0.99952
test_01582,0.00014
test_01583,0.00039
test_01584,0.54281
test_01585,0.21788
test_01586,0.90734
test_01587,0.99356
test_01588,0.00105
test_01589,0.19649
test_01590,0.99955
test_01591,0.98892
test_01592,0.07421
test_01593,0.00015
test_01594,0.99941
test_01595,0.98593
test_01596,0.00089
test_01597,0.39473
test_01598,0.07016
test_01599,0.89324
test_01600,0.00002
test_01601,0.95366
test_01602,0.01109
test_01603,0.99945
test_01604,0.83550
test_01605,0.07325
test_01606,0.00032
test_01607,0.99987
test_01608,0.96691
test_01609,0.99466
test_01610,0.99096
test_01611,0.00869
test_01612,0.98972
test_01613,0.10498
test_01614,0.00220
test_01615,0.99649
test_01616,0.00313
test_01617,0.83061
test_01618,0.99883
test_01619,0.00102
test_01620,0.00747
test_01621,0.13150
test_01622,0.99916
test_01623,0.96321
test_01624,0.11612
test_01625,0.78024
test_01626,0.96560
test_01627,0.95249
test_01628,0.00040
test_01629,0.95472
test_01630,0.96934
test_01631,0.98610
test_01632,0.00003
test_01633,0.99979
test_01634,0.00063
test_01635,0.97189
test_01636,0.99741
test_01637,0.00017
test_01638,0.75279
test_01639,0.33887
test_01640,0.01578
test_01641,0.02884
test_01642,0.89849
test_01643,0.08719
test_01644,0.99953
test_01645,0.98133
test_01646,0.24190
test_01647,0.98736
test_01648,0.99601
test_01649,0.00162
test_01650,0.48762
test_01651,0.00713
test_01652,0.99920
test_01653,0.01870
test_01654,0.98017
test_01655,0.99860
test_01656,0.96334
test_01657,0.00007
test_01658,0.33104
test_01659,0.13225
test_01660,0.99828
test_01661,0.00072
test_01662,0.97408
test_01663,0.00689
test_01664,0.00005
test_01665,0.94511
test_01666,0.00066
test_01667,0.00006
test_01668,0.98749
test_01669,0.00076
test_01670,0.70427
test_01671,0.98677
test_01672,0.99458
test_01673,0.23020
test_01674,0.85708
test_01675,0.00029
test_01676,0.97650
test_01677,0.63300
test_01678,0.99410
test_01679,0.98966
test_01680,0.00752
test_01681,0.98362
test_01682,0.99279
test_01683,0.00249
test_01684,0.99918
test_01685,0.99131
test_01686,0.99933
test_01687,0.70056
test_01688,0.02715
test_01689,0.00092
test_01690,0.99995
test_01691,0.03636
test_01692,0.02772
test_01693,0.04805
test_01694,0.00571
test_01695,0.23780
test_01696,0.38032
test_01697,0.97542
test_01698,0.98925
test_01699,0.07526
test_01700,0.99501
test_01701,0.01361
test_01702,0.00006
test_01703,0.99967
test_01704,0.00059
test_01705,0.58328
test_01706,0.70453
test_01707,0.94566
test_01708,0.98557
test_01709,0.85366
test_01710,0.90384
test_01711,0.00170
test_01712,0.48998
test_01713,0.00120
test_01714,0.04501
test_01715,0.99966
test_01716,0.97737
test_01717,0.99941
test_01718,0.00912
test_01719,0.03728
test_01720,0.99695
test_01721,0.00081
test_01722,0.98640
test_01723,0.14871
test_01724,0.02367
test_01725,0.01670
test_01726,0.01648
test_01727,0.95993
test_01728,0.42001
test_01729,0.99916
test_01730,0.08231
test_01731,0.08547
test_01732,0.00881
test_01733,0.99444
test_01734,0.99306
test_01735,0.99568
test_01736,0.99408
test_01737,0.99926
test_01738,0.93913
test_01739,0.80490
test_01740,0.52357
test_01741,0.07418
test_01742,0.00106
test_01743,0.84584
test_01744,0.99471
test_01745,0.00810
test_01746,0.00049
test_01747,0.98512
test_01748,0.13961
test_01749,0.89267
test_01750,0.99820
test_01751,0.08328
test_01752,0.01096
test_01753,0.50629
test_01754,0.35928
test_01755,0.57557
test_01756,0.87050
test_01757,0.85391
test_01758,0.01206
test_01759,0.23981
test_01760,1.00000
test_01761,0.01134
test_01762,0.25441
test_01763,0.00101
test_01764,0.98281
test_01765,0.98977
test_01766,0.00200
test_01767,0.00055
test_01768,0.04043
test_01769,0.33071
test_01770,0.99670
test_01771,0.00560
test_01772,0.23874
test_01773,0.46076
test_01774,0.99663
test_01775,0.99986
test_01776,0.99991
test_01777,0.99960
test_01778,0.99997
test_01779,0.36392
test_01780,0.02360
test_01781,0.99829
test_01782,0.00048
test_01783,0.99904
test_01784,0.99748
test_01785,0.76157
test_01786,0.77036
test_01787,0.36082
test_01788,0.99941
test_01789,0.59730
test_01790,0.00067
test_01791,0.81715
test_01792,0.51204
test_01793,0.03198
test_01794,0.92902
test_01795,0.00490
test_01796,0.15070
test_01797,0.06453
test_01798,0.92595
test_01799,0.45334
test_01800,0.95555
test_01801,0.99625
test_01802,0.23359
test_01803,0.99524
test_01804,0.99953
test_01805,0.00051
test_01806,0.04683
test_01807,0.99973
test_01808,0.99978
test_01809,0.99864
test_01810,0.98324
test_01811,0.81908
test_01812,1.00000
test_01813,0.10679
test_01814,0.00605
test_01815,0.99413
test_01816,0.55293
test_01817,0.02174
test_01818,0.99076
test_01819,0.80148
test_01820,0.06263
test_01821,0.99807
test_01822,0.90549
test_01823,0.00319
test_01824,0.98568
test_01825,0.10729
test_01826,0.99704
test_01827,0.00009
test_01828,0.99703
test_01829,0.06563
test_01830,0.94176
test_01831,0.00181
test_01832,0.00049
test_01833,0.00140
test_01834,0.07284
test_01835,0.67588
test_01836,0.00104
test_01837,0.98750
test_01838,0.01038
test_01839,0.98350
test_01840,0.00011
test_01841,0.95466
test_01842,0.07447
test_01843,0.00001
test_01844,0.98854
test_01845,0.07153
test_01846,0.99998
test_01847,0.99999
test_01848,0.00111
test_01849,0.71355
test_01850,0.99992
test_01851,0.75829
test_01852,0.00031
test_01853,0.07292
test_01854,0.04146
test_01855,0.09415
test_01856,0.88730
test_01857,0.00005
test_01858,0.96894
test_01859,0.40806
test_01860,0.98361
test_01861,0.00053
test_01862,0.23311
test_01863,0.42805
test_01864,0.00027
test_01865,0.99993
test_01866,0.10327
test_01867,0.00683
test_01868,0.00385
test_01869,0.99210
test_01870,0.01235
test_01871,0.96765
test_01872,0.29703
test_01873,0.99138
test_01874,0.37998
test_01875,0.00117
test_01876,0.70385
test_01877,0.99958
test_01878,0.15904
test_01879,0.98408
test_01880,0.98743
test_01881,0.98423
test_01882,0.01853
test_01883,0.69161
test_01884,0.00013
test_01885,0.01560
test_01886,0.00049
test_01887,0.98364
test_01888,0.03110
test_01889,0.00305
test_01890,0.99923
test_01891,0.65341
test_01892,0.00963
test_01893,0.99202
test_01894,0.46263
test_01895,0.00102
test_01896,0.89023
test_01897,0.01358
test_01898,0.98903
test_01899,0.73626
test_01900,0.99029
test_01901,0.08698
test_01902,0.99962
test_01903,0.00085
test_01904,0.00543
test_01905,0.99905
test_01906,0.05653
test_01907,0.99997
test_01908,0.99818
test_01909,0.25212
test_01910,0.00367
test_01911,0.25005
test_01912,0.99500
test_01913,0.00813
test_01914,0.99986
test_01915,0.61906
test_01916,0.99845
test_01917,0.99985
test_01918,0.83776
test_01919,0.11529
test_01920,0.83036
test_01921,0.00090
test_01922,0.94295
test_01923,0.44297
test_01924,0.42954
test_01925,0.99148
test_01926,0.00409
test_01927,0.96632
test_01928,0.99262
test_01929,0.99878
test_01930,0.99795
test_01931,0.01451
test_01932,0.99999
test_01933,0.86936
test_01934,0.78433
test_01935,0.02828
test_01936,0.00008
test_01937,0.99283
test_01938,0.03844
test_01939,0.99965
test_01940,0.00000
test_01941,0.18396
test_01942,0.97372
test_01943,0.01869
test_01944,0.99599
test_01945,0.07852
test_01946,0.81437
test_01947,0.00216
test_01948,0.09865
test_01949,0.00933
test_01950,0.97363
test_01951,0.02141
test_01952,0.99798
test_01953,0.00096
test_01954,0.99619
test_01955,0.08081
test_01956,0.99582
test_01957,0.99353
test_01958,0.06711
test_01959,0.00073
test_01960,0.99036
test_01961,0.98786
test_01962,0.00138
test_01963,0.18185
test_01964,0.00156
test_01965,0.99630
test_01966,0.00032
test_01967,0.09342
test_01968,0.61421
test_01969,0.00003
test_01970,0.17666
test_01971,0.99004
test_01972,0.98887
test_01973,0.00073
test_01974,0.15889
test_01975,0.97197
test_01976,0.99965
test_01977,0.00130
test_01978,0.99934
test_01979,0.00012
test_01980,0.00970
test_01981,0.02210
test_01982,0.00004
test_01983,0.32060
test_01984,0.23742
test_01985,0.99996
test_01986,0.91641
test_01987,0.00028
test_01988,0.00318
test_01989,0.34213
test_01990,0.00044
test_01991,0.86084
test_01992,0.08128
test_01993,0.99789
test_01994,0.10202
test_01995,0.99953
test_01996,0.99362
test_01997,0.35951
test_01998,0.00046
test_01999,0.50136
test_02000,0.99885
test_02001,0.18304
test_02002,0.00560
test_02003,0.98191
test_02004,0.00024
test_02005,0.91564
test_02006,0.01579
test_02007,0.61188
test_02008,0.70253
test_02009,0.98178
test_02010,0.99365
test_02011,0.99989
test_02012,0.81185
test_02013,0.99354
test_02014,0.00030
test_02015,0.00010
test_02016,0.96007
test_02017,0.50047
test_02018,0.60694
test_02019,0.99100
test_02020,0.99363
test_02021,0.99877
test_02022,0.08245
test_02023,0.03323
test_02024,0.02449
test_02025,0.99950
test_02026,0.99281
test_02027,0.01087
test_02028,0.99808
test_02029,0.77416
test_02030,0.21847
test_02031,0.72733
test_02032,0.00231
test_02033,0.00004
test_02034,0.00520
test_02035,0.99361
test_02036,0.00703
test_02037,0.06452
test_02038,0.99298
test_02039,0.98875
test_02040,0.41337
test_02041,0.99972
test_02042,0.11544
test_02043,0.01864
test_02044,0.47503
test_02045,0.63110
test_02046,0.00041
test_02047,0.12087
test_02048,0.99749
test_02049,0.00448
test_02050,0.98047
test_02051,0.99702
test_02052,0.02382
test_02053,0.99955
test_02054,0.77639
test_02055,0.98354
test_02056,0.99813
test_02057,0.99993
test_02058,0.39119
test_02059,0.99902
test_02060,0.99992
test_02061,0.86958
test_02062,0.00068
test_02063,0.01893
test_02064,0.99712
test_02065,0.98535
test_02066,0.99997
test_02067,0.00185
test_02068,0.16109
test_02069,0.98755
test_02070,0.00112
test_02071,0.03760
test_02072,0.99720
test_02073,0.00831
test_02074,0.99750
test_02075,0.85304
test_02076,0.18461
test_02077,0.02242
test_02078,0.99577
test_02079,0.00453
test_02080,0.99999
test_02081,0.00086
test_02082,0.53271
test_02083,0.00768
test_02084,0.00687
test_02085,0.11435
test_02086,0.02451
test_02087,0.00085
test_02088,0.02744
test_02089,0.00061
test_02090,0.14421
test_02091,0.29265
test_02092,0.43068
test_02093,0.00605
test_02094,0.99998
test_02095,0.00194
test_02096,0.57082
test_02097,0.00350
test_02098,0.88827
test_02099,0.99997
test_02100,0.99915
test_02101,0.90023
test_02102,0.99549
test_02103,0.00240
test_02104,0.00423
test_02105,0.96101
test_02106,0.99999
test_02107,0.00004
test_02108,0.00049
test_02109,0.00005
test_02110,0.94896
test_02111,0.00001
test_02112,0.28792
test_02113,0.99958
test_02114,0.99859
test_02115,0.23007
test_02116,0.96974
test_02117,0.00009
test_02118,0.01795
test_02119,0.99421
test_02120,0.00544
test_02121,0.91097
test_02122,0.00194
test_02123,0.00322
test_02124,0.40965
test_02125,0.99516
test_02126,0.02649
test_02127,0.01512
test_02128,0.17075
test_02129,0.61992
test_02130,0.96961
test_02131,0.99662
test_02132,0.99937
test_02133,0.98825
test_02134,0.00784
test_02135,0.99912
test_02136,0.72141
test_02137,0.31881
test_02138,0.87914
test_02139,0.99684
test_02140,0.01569
test_02141,0.99989
test_02142,0.99928
test_02143,0.00417
test_02144,0.47902
test_02145,0.00321
test_02146,0.00363
test_02147,0.61027
test_02148,0.97942
test_02149,0.00248
test_02150,0.99999
test_02151,0.00757
test_02152,0.00450
test_02153,0.99903
test_02154,0.99825
test_02155,0.99987
test_02156,0.74206
test_02157,0.00089
test_02158,0.16598
test_02159,0.98097
test_02160,0.96297
test_02161,0.82832
test_02162,0.99580
test_02163,0.00082
test_02164,0.00312
test_02165,0.57007
test_02166,0.06918
test_02167,0.49411
test_02168,0.33257
test_02169,0.00000
test_02170,0.91460
test_02171,0.00704
test_02172,0.99549
test_02173,0.00062
test_02174,0.04463
test_02175,0.77929
test_02176,0.11655
test_02177,0.96356
test_02178,0.09120
test_02179,0.69493
test_02180,0.99986
test_02181,0.99478
test_02182,0.00437
test_02183,0.00031
test_02184,0.01127
test_02185,0.99588
test_02186,0.00017
test_02187,0.95975
test_02188,0.44883
test_02189,0.99995
test_02190,0.99996
test_02191,0.65981
test_02192,0.02174
test_02193,0.00126
test_02194,0.81891
test_02195,0.83124
test_02196,0.00519
test_02197,0.99758
test_02198,0.03383
test_02199,0.01942
test_02200,0.11704
test_02201,0.31832
test_02202,0.00308
test_02203,0.02143
test_02204,0.07053
test_02205,0.03653
test_02206,0.88247
test_02207,0.00447
test_02208,0.95733
test_02209,0.59962
test_02210,0.00296
test_02211,0.77559
test_02212,0.00842
test_02213,0.99986
test_02214,0.99885
test_02215,0.39946
test_02216,0.01659
test_02217,0.00009
test_02218,0.53500
test_02219,0.03016
test_02220,0.00795
test_02221,0.02798
test_02222,0.72759
test_02223,0.01948
test_02224,0.99991
test_02225,0.00208
test_02226,0.06901
test_02227,0.32724
test_02228,0.99854
test_02229,0.98832
test_02230,0.86451
test_02231,0.01308
test_02232,0.97286
test_02233,0.99993
test_02234,0.00004
test_02235,0.99858
test_02236,0.11141
test_02237,0.99815
test_02238,0.15444
test_02239,0.97744
test_02240,0.98580
test_02241,0.99574
test_02242,0.00035
test_02243,0.01810
test_02244,0.99802
test_02245,0.00708
test_02246,0.99987
test_02247,0.99972
test_02248,0.92823
test_02249,0.99897
test_02250,0.99852
test_02251,0.00471
test_02252,0.99909
test_02253,0.97546
test_02254,0.00146
test_02255,0.90651
test_02256,0.02384
test_02257,0.99903
test_02258,0.00298
test_02259,0.99377
test_02260,0.34855
test_02261,0.00003
test_02262,0.00374
test_02263,0.98676
test_02264,0.58571
test_02265,0.99937
test_02266,0.99184
test_02267,0.00853
test_02268,0.00376
test_02269,0.99968
test_02270,0.99906
test_02271,0.58679
test_02272,0.01054
test_02273,0.08648
test_02274,0.85501
test_02275,0.99988
test_02276,0.99692
test_02277,0.98893
test_02278,0.99976
test_02279,0.99869
test_02280,0.00197
test_02281,0.23229
test_02282,0.01386
test_02283,0.16802
test_02284,0.00492
test_02285,0.98869
test_02286,0.00580
test_02287,0.00646
test_02288,0.09791
test_02289,0.00000
test_02290,0.03948
test_02291,0.05682
test_02292,0.12418
test_02293,0.11156
test_02294,0.97362
test_02295,0.76199
test_02296,0.99796
test_02297,0.98106
test_02298,0.91600
test_02299,0.94490
test_02300,0.00096
test_02301,0.85435
test_02302,0.68936
test_02303,0.99982
test_02304,0.00529
test_02305,1.00000
test_02306,0.99957
test_02307,0.39040
test_02308,0.00077
test_02309,0.00072
test_02310,0.99977
test_02311,0.98995
test_02312,0.57284
test_02313,0.98987
test_02314,0.02319
test_02315,0.99520
test_02316,0.83204
test_02317,0.01911
test_02318,0.99987
test_02319,0.99985
test_02320,0.32006
test_02321,0.77778
test_02322,0.99878
test_02323,0.01489
test_02324,0.97020
test_02325,0.85820
test_02326,0.01183
test_02327,0.21197
test_02328,0.17171
test_02329,0.00031
test_02330,0.01785
test_02331,0.00065
test_02332,0.00110
test_02333,0.02009
test_02334,0.44253
test_02335,0.99860
test_02336,0.99870
test_02337,0.02441
test_02338,0.22730
test_02339,0.96530
test_02340,0.99644
test_02341,0.63149
test_02342,0.00370
test_02343,0.99309
test_02344,0.00117
test_02345,0.02767
test_02346,0.99541
test_02347,0.99070
test_02348,0.48858
test_02349,0.99902
test_02350,0.00196
test_02351,0.02998
test_02352,0.00005
test_02353,0.46400
test_02354,0.99156
test_02355,0.99977
test_02356,0.76407
test_02357,0.00029
test_02358,0.01301
test_02359,0.99875
test_02360,0.86975
test_02361,0.16169
test_02362,0.97420
test_02363,0.82759
test_02364,0.98657
test_02365,0.99985
test_02366,0.00053
test_02367,0.96279
test_02368,0.00003
test_02369,0.00584
test_02370,0.99558
test_02371,0.99510
test_02372,0.00002
test_02373,0.00098
test_02374,0.99740
test_02375,0.99648
test_02376,0.63258
test_02377,0.07008
test_02378,0.98756
test_02379,0.00422
test_02380,0.99894
test_02381,0.99989
test_02382,0.99926
test_02383,0.08338
test_02384,0.00019
test_02385,0.68998
test_02386,0.00001
test_02387,0.99989
test_02388,0.00715
test_02389,0.00000
test_02390,0.95263
test_02391,0.00826
test_02392,0.99743
test_02393,0.00029
test_02394,0.00000
test_02395,0.99905
test_02396,0.02399
test_02397,0.98886
test_02398,0.99849
test_02399,0.30589
test_02400,0.99993
test_02401,0.99810
test_02402,1.00000
test_02403,0.03533
test_02404,0.89177
test_02405,0.98353
test_02406,0.45147
test_02407,0.99967
test_02408,0.43052
test_02409,0.31939
test_02410,0.00485
test_02411,0.89706
test_02412,0.10791
test_02413,0.99991
test_02414,0.99994
test_02415,0.99963
test_02416,0.00109
test_02417,0.60816
test_02418,0.22260
test_02419,0.17563
test_02420,0.00308
test_02421,0.98872
test_02422,0.27670
test_02423,0.99683
test_02424,0.00053
test_02425,0.00088
test_02426,0.99991
test_02427,0.98929
test_02428,0.00945
test_02429,0.12620
test_02430,0.99762
test_02431,0.34955
test_02432,0.95534
test_02433,0.98956
test_02434,0.99799
test_02435,0.56986
test_02436,0.00567
test_02437,0.26631
test_02438,0.98834
test_02439,0.99940
test_02440,0.99986
test_02441,0.99862
test_02442,0.00016
test_02443,0.99967
test_02444,0.13478
test_02445,0.42132
test_02446,0.01400
test_02447,0.84976
test_02448,0.99930
test_02449,0.00621
test_02450,0.99576
test_02451,0.99787
test_02452,0.00580
test_02453,0.96321
test_02454,0.94565
test_02455,0.00098
test_02456,0.23985
test_02457,0.04130
test_02458,0.34470
test_02459,0.00071
test_02460,0.90225
test_02461,0.99885
test_02462,0.99742
test_02463,0.04733
test_02464,0.99917
test_02465,0.00173
test_02466,0.01385
test_02467,0.00377
test_02468,0.99850
test_02469,0.60045
test_02470,0.98748
test_02471,0.99851
test_02472,0.00003
test_02473,0.99579
test_02474,0.00118
test_02475,0.33041
test_02476,0.10307
test_02477,0.32138
test_02478,0.99919
test_02479,0.99855
test_02480,0.99981
test_02481,0.99721
test_02482,0.60820
test_02483,0.04463
test_02484,0.44861
test_02485,0.00571
test_02486,0.97915
test_02487,0.99009
test_02488,0.00970
test_02489,0.99920
test_02490,0.97874
test_02491,0.42424
test_02492,0.08095
test_02493,0.00020
test_02494,0.99950
test_02495,0.00001
test_02496,0.99993
test_02497,0.52522
test_02498,0.99902
test_02499,0.08001
test_02500,0.90060
test_02501,0.00012
test_02502,0.03998
test_02503,0.89992
test_02504,0.99879
test_02505,0.00958
test_02506,0.25173
test_02507,0.99218
test_02508,0.00085
test_02509,0.99904
test_02510,0.00091
test_02511,0.99555
test_02512,0.99484
test_02513,1.00000
test_02514,0.01033
test_02515,1.00000
test_02516,0.97474
test_02517,0.27408
test_02518,0.00007
test_02519,0.93749
test_02520,0.00007
test_02521,0.17592
test_02522,0.81934
test_02523,0.00011
test_02524,0.86952
test_02525,0.99840
test_02526,0.02029
test_02527,0.35317
test_02528,0.21952
test_02529,0.44870
test_02530,0.40716
test_02531,0.98886
test_02532,0.33713
test_02533,0.94599
test_02534,0.05611
test_02535,0.35252
test_02536,0.99986
test_02537,0.21057
test_02538,0.06368
test_02539,0.99996
test_02540,0.00029
test_02541,0.33538
test_02542,0.74706
test_02543,0.68819
test_02544,0.91779
test_02545,0.67444
test_02546,0.00016
test_02547,0.95310
test_02548,0.63859
test_02549,0.99996
test_02550,1.00000
test_02551,0.00093
test_02552,0.84590
test_02553,0.99977
test_02554,0.45644
test_02555,0.07805
test_02556,0.94457
test_02557,0.59791
test_02558,0.98795
test_02559,0.00026
test_02560,0.02190
test_02561,0.99988
test_02562,0.20266
test_02563,0.99625
test_02564,0.97829
test_02565,0.96040
test_02566,0.68054
test_02567,0.04221
test_02568,0.51999
test_02569,0.00134
test_02570,0.98001
test_02571,0.00021
test_02572,0.21445
test_02573,0.00198
test_02574,0.92740
test_02575,0.26069
test_02576,0.99575
test_02577,0.30319
test_02578,0.99964
test_02579,0.00204
test_02580,0.16120
test_02581,0.57662
test_02582,0.29840
test_02583,0.96787
test_02584,0.99986
test_02585,0.00438
test_02586,0.81772
test_02587,0.48896
test_02588,0.45162
test_02589,0.17302
test_02590,0.75459
test_02591,0.89162
test_02592,0.58271
test_02593,0.38088
test_02594,0.99999
test_02595,0.99928
test_02596,0.00644
test_02597,0.99824
test_02598,0.98967
test_02599,0.36185
test_02600,0.96994
test_02601,0.00850
test_02602,0.11185
test_02603,0.00001
test_02604,0.00005
test_02605,0.00276
test_02606,0.64424
test_02607,0.99764
test_02608,0.90074
test_02609,0.99960
test_02610,0.00007
test_02611,0.93855
test_02612,0.06337
test_02613,0.00988
test_02614,0.00644
test_02615,0.00096
test_02616,0.72564
test_02617,0.99736
test_02618,0.30476
test_02619,0.98906
test_02620,0.00001
test_02621,0.99965
test_02622,0.03069
test_02623,0.86562
test_02624,0.99998
test_02625,0.00053
test_02626,0.99892
test_02627,0.99020
test_02628,0.00080
test_02629,0.00700
test_02630,0.98617
test_02631,0.00009
test_02632,0.05205
test_02633,0.99939
test_02634,0.00468
test_02635,0.04119
test_02636,0.39412
test_02637,0.99738
test_02638,0.99997
test_02639,0.05903
test_02640,0.99325
test_02641,0.99947
test_02642,0.00124
test_02643,0.97381
test_02644,0.00003
test_02645,0.30864
test_02646,0.05086
test_02647,0.00014
test_02648,0.00177
test_02649,0.99830
test_02650,0.06439
test_02651,0.52280
test_02652,0.55466
test_02653,0.96646
test_02654,0.83035
test_02655,0.02066
test_02656,0.85831
test_02657,0.17001
test_02658,0.74949
test_02659,0.98880
test_02660,0.68124
test_02661,0.99998
test_02662,0.99948
test_02663,0.00022
test_02664,0.99924
test_02665,0.98524
test_02666,0.99589
test_02667,0.65118
test_02668,0.99870
test_02669,0.00074
test_02670,0.24455
test_02671,0.01534
test_02672,0.99982
test_02673,1.00000
test_02674,0.58312
test_02675,0.47444
test_02676,0.99944
test_02677,0.10359
test_02678,0.99764
test_02679,0.99541
test_02680,0.00499
test_02681,0.00812
test_02682,0.00547
test_02683,0.99159
test_02684,0.07243
test_02685,0.00648
test_02686,0.99936
test_02687,0.94661
test_02688,0.99999
test_02689,0.99850
test_02690,0.01681
test_02691,0.14363
test_02692,0.99204
test_02693,0.14946
test_02694,0.99981
test_02695,0.71693
test_02696,0.81885
test_02697,0.00308
test_02698,0.00009
test_02699,0.99996
test_02700,0.09065
test_02701,0.00070
test_02702,0.67225
test_02703,0.01192
test_02704,0.00438
test_02705,0.99176
test_02706,0.00017
test_02707,0.99974
test_02708,0.73289
test_02709,0.99546
test_02710,0.99937
test_02711,0.29637
test_02712,0.99892
test_02713,0.04833
test_02714,0.00001
test_02715,0.99442
test_02716,0.15820
test_02717,0.99878
test_02718,0.00175
test_02719,0.96556
test_02720,0.00582
test_02721,0.00006
test_02722,0.00010
test_02723,0.99917
test_02724,0.12509
test_02725,0.47832
test_02726,0.94753
test_02727,0.07329
test_02728,0.00259
test_02729,0.04141
test_02730,0.99790
test_02731,0.02164
test_02732,0.92516
test_02733,0.78733
test_02734,0.00005
test_02735,0.99922
test_02736,0.55664
test_02737,0.99112
test_02738,0.99603
test_02739,0.38933
test_02740,0.99991
test_02741,0.08557
test_02742,0.55389
test_02743,0.01755
test_02744,0.00405
test_02745,0.99987
test_02746,0.07637
test_02747,0.00812
test_02748,0.00020
test_02749,0.40492
test_02750,0.99976
test_02751,0.66147
test_02752,0.97347
test_02753,0.99931
test_02754,0.00221
test_02755,0.99591
test_02756,0.99336
test_02757,0.03217
test_02758,0.32916
test_02759,0.91689
test_02760,0.00006
test_02761,0.99261
test_02762,0.00291
test_02763,0.00614
test_02764,0.89277
test_02765,0.00441
test_02766,0.58421
test_02767,0.04174
test_02768,0.95666
test_02769,0.00095
test_02770,0.46998
test_02771,0.93262
test_02772,0.98110
test_02773,0.01089
test_02774,0.91921
test_02775,0.73701
test_02776,0.99740
test_02777,0.99981
test_02778,0.12635
test_02779,0.00825
test_02780,0.58508
test_02781,0.96461
test_02782,0.63392
test_02783,0.00060
test_02784,0.69894
test_02785,0.99856
test_02786,0.00100
test_02787,0.00165
test_02788,0.99918
test_02789,0.01880
test_02790,0.01711
test_02791,0.02559
test_02792,0.02219
test_02793,0.00228
test_02794,0.00017
test_02795,0.98362
test_02796,0.81398
test_02797,0.07072
test_02798,0.87958
test_02799,0.37884
test_02800,0.00394
test_02801,0.00011
test_02802,0.00026
test_02803,0.00137
test_02804,0.02158
test_02805,0.00218
test_02806,0.99999
test_02807,0.00001
test_02808,0.04084
test_02809,0.63128
test_02810,0.01450
test_02811,0.00013
test_02812,0.72846
test_02813,0.94093
test_02814,0.99936
test_02815,0.07439
test_02816,0.87689
test_02817,0.05771
test_02818,0.00988
test_02819,0.99961
test_02820,0.00001
test_02821,0.93996
test_02822,0.97967
test_02823,0.99348
test_02824,0.00001
test_02825,0.99967
test_02826,0.99989
test_02827,0.90466
test_02828,0.99902
test_02829,0.99959
test_02830,0.93030
test_02831,0.96432
test_02832,0.26689
test_02833,0.00698
test_02834,0.93417
test_02835,0.00019
test_02836,0.99971
test_02837,0.99858
test_02838,0.00013
test_02839,0.97990
test_02840,0.97245
test_02841,0.99997
test_02842,0.99922
test_02843,0.00700
test_02844,0.00048
test_02845,0.00557
test_02846,0.99459
test_02847,0.99949
test_02848,0.01383
test_02849,0.50989
test_02850,0.00000
test_02851,1.00000
test_02852,0.00002
test_02853,0.00369
test_02854,0.38473
test_02855,0.99770
test_02856,0.01247
test_02857,0.98743
test_02858,0.98423
test_02859,0.99999
test_02860,0.30846
test_02861,0.99879
test_02862,0.08014
test_02863,0.24900
test_02864,0.71864
test_02865,0.99209
test_02866,0.99942
test_02867,0.87304
test_02868,0.00057
test_02869,0.94379
test_02870,0.88909
test_02871,0.99741
test_02872,0.19275
test_02873,1.00000
test_02874,0.99795
test_02875,0.99440
test_02876,0.97827
test_02877,0.01710
test_02878,0.03540
test_02879,0.02911
test_02880,0.99230
test_02881,0.00466
test_02882,0.00853
test_02883,0.99584
test_02884,0.58813
test_02885,0.98216
test_02886,0.06468
test_02887,0.04965
test_02888,0.00057
test_02889,0.00649
test_02890,0.00068
test_02891,0.00634
test_02892,0.00619
test_02893,0.00095
test_02894,0.00081
test_02895,0.37611
test_02896,0.98673
test_02897,0.17632
test_02898,0.57009
test_02899,0.22313
test_02900,0.30177
test_02901,0.99986
test_02902,0.00012
test_02903,0.00704
test_02904,0.06807
test_02905,0.99859
test_02906,0.90326
test_02907,0.92508
test_02908,0.99896
test_02909,0.15488
test_02910,0.00235
test_02911,0.00626
test_02912,0.99957
test_02913,0.00284
test_02914,0.71097
test_02915,0.99912
test_02916,0.95926
test_02917,0.03086
test_02918,0.02787
test_02919,0.01596
test_02920,0.00001
test_02921,0.01156
test_02922,0.99964
test_02923,0.00325
test_02924,0.02368
test_02925,0.00147
test_02926,0.95202
test_02927,0.35777
test_02928,0.79070
test_02929,0.00302
test_02930,0.99696
test_02931,0.92434
test_02932,0.92892
test_02933,0.18422
test_02934,0.77948
test_02935,0.86353
test_02936,0.96312
test_02937,0.05843
test_02938,0.31915
test_02939,0.99634
test_02940,0.38645
test_02941,0.82675
test_02942,0.12504
test_02943,0.95520
test_02944,0.00035
test_02945,0.98160
test_02946,0.00288
test_02947,0.30963
test_02948,0.00010
test_02949,0.97367
test_02950,0.64094
test_02951,0.00424
test_02952,0.99962
test_02953,0.89793
test_02954,0.99962
test_02955,0.00172
test_02956,0.00039
test_02957,0.00060
test_02958,0.98565
test_02959,0.00492
test_02960,0.83119
test_02961,0.10381
test_02962,0.98967
test_02963,0.00682
test_02964,0.87543
test_02965,0.00111
test_02966,0.00005
test_02967,0.01863
test_02968,0.99952
test_02969,0.99159
test_02970,0.65378
test_02971,0.21263
test_02972,0.99998
test_02973,0.01038
test_02974,0.46939
test_02975,0.16553
test_02976,0.47291
test_02977,0.95477
test_02978,0.99836
test_02979,0.99687
test_02980,0.03939
test_02981,0.39004
test_02982,0.99947
test_02983,0.99435
test_02984,0.98843
test_02985,0.00000
test_02986,0.47977
test_02987,0.00330
test_02988,0.45027
test_02989,0.89218
test_02990,0.96726
test_02991,0.99656
test_02992,0.00161
test_02993,0.00746
test_02994,0.92454
test_02995,0.00002
test_02996,0.26071
test_02997,0.18365
test_02998,0.00399
test_02999,0.99989
test_03000,0.99976
test_03001,0.99726
test_03002,0.97921
test_03003,0.99225
test_03004,0.01665
test_03005,0.00080
test_03006,0.99188
test_03007,0.78495
test_03008,0.01709
test_03009,0.01739
test_03010,0.99611
test_03011,0.99595
test_03012,0.00433
test_03013,0.99999
test_03014,0.97825
test_03015,0.00011
test_03016,0.00012
test_03017,0.69057
test_03018,0.00064
test_03019,0.00595
test_03020,0.98642
test_03021,0.01938
test_03022,0.84742
test_03023,0.38254
test_03024,0.99929
test_03025,0.84996
test_03026,0.00003
test_03027,0.00011
test_03028,0.35776
test_03029,0.00224
test_03030,0.98548
test_03031,0.07744
test_03032,0.00815
test_03033,0.98765
test_03034,0.04474
test_03035,0.00179
test_03036,0.00537
test_03037,0.62807
test_03038,0.06396
test_03039,0.16970
test_03040,0.98665
test_03041,0.99977
test_03042,0.99787
test_03043,0.87458
test_03044,0.91773
test_03045,0.89721
test_03046,0.47523
test_03047,0.98904
test_03048,0.10383
test_03049,0.83532
test_03050,0.23041
test_03051,0.00067
test_03052,0.00849
test_03053,0.03256
test_03054,0.01195
test_03055,0.99036
test_03056,0.99911
test_03057,0.00073
test_03058,0.00191
test_03059,0.99455
test_03060,0.94947
test_03061,0.99986
test_03062,0.97871
test_03063,0.00092
test_03064,0.99883
test_03065,0.00861
test_03066,0.99929
test_03067,0.65054
test_03068,0.79400
test_03069,0.95660
test_03070,0.86684
test_03071,0.99945
test_03072,0.15540
test_03073,0.03615
test_03074,0.99885
test_03075,0.80563
test_03076,0.00220
test_03077,0.43878
test_03078,0.00156
test_03079,0.26848
test_03080,0.00832
test_03081,0.13629
test_03082,0.99653
test_03083,0.57693
test_03084,0.07470
test_03085,0.81754
test_03086,0.33521
test_03087,0.58213
test_03088,0.85409
test_03089,0.00709
test_03090,0.99656
test_03091,0.99890
test_03092,0.00347
test_03093,0.90114
test_03094,0.99855
test_03095,0.95161
test_03096,0.77917
test_03097,0.01088
test_03098,0.00316
test_03099,0.03305
test_03100,0.55130
test_03101,0.30156
test_03102,0.97995
test_03103,0.01807
test_03104,0.41777
test_03105,0.26953
test_03106,0.00424
test_03107,0.01235
test_03108,0.00451
test_03109,0.18367
test_03110,0.05756
test_03111,0.00072
test_03112,0.00899
test_03113,0.00105
test_03114,0.00073
test_03115,0.02368
test_03116,0.99794
test_03117,0.00022
test_03118,0.00637
test_03119,0.92656
test_03120,0.18064
test_03121,0.00001
test_03122,0.43146
test_03123,0.99953
test_03124,0.99886
test_03125,0.49493
test_03126,0.98313
test_03127,0.91472
test_03128,0.00006
test_03129,0.01210
test_03130,0.99950
test_03131,0.96014
test_03132,0.99816
test_03133,0.01555
test_03134,0.66274
test_03135,0.98839
test_03136,0.00559
test_03137,0.84778
test_03138,0.00645
test_03139,0.00218
test_03140,0.00218
test_03141,0.98047
test_03142,0.99059
test_03143,0.04422
test_03144,0.99982
test_03145,0.99917
test_03146,0.01626
test_03147,0.08992
test_03148,0.00539
test_03149,0.55590
test_03150,0.94870
test_03151,0.00464
test_03152,0.80795
test_03153,0.00035
test_03154,0.98910
test_03155,0.00075
test_03156,0.99693
test_03157,0.00265
test_03158,0.97699
test_03159,0.99874
test_03160,0.34832
test_03161,0.00000
test_03162,0.99972
test_03163,0.00309
test_03164,0.99953
test_03165,0.00038
test_03166,0.00499
test_03167,0.01066
test_03168,0.00017
test_03169,0.74589
test_03170,0.00010
test_03171,0.96517
test_03172,0.98789
test_03173,0.99724
test_03174,0.00495
test_03175,0.21549
test_03176,0.99859
test_03177,0.68475
test_03178,0.99926
test_03179,0.03630
test_03180,0.99979
test_03181,0.99999
test_03182,0.00005
test_03183,0.97601
test_03184,0.99918
test_03185,0.99745
test_03186,0.00030
test_03187,0.95557
test_03188,0.61877
test_03189,0.75240
test_03190,0.25329
test_03191,0.00138
test_03192,0.98756
test_03193,0.04584
test_03194,0.97681
test_03195,0.23078
test_03196,0.99999
test_03197,0.00215
test_03198,0.00749
test_03199,0.47667
test_03200,0.03031
test_03201,0.80495
test_03202,0.07783
test_03203,0.00266
test_03204,0.99269
test_03205,0.71236
test_03206,0.02201
test_03207,0.99241
test_03208,0.17667
test_03209,0.75270
test_03210,0.78741
test_03211,0.18353
test_03212,0.88838
test_03213,0.99961
test_03214,0.05085
test_03215,0.99564
test_03216,0.55860
test_03217,0.05450
test_03218,0.00084
test_03219,0.99905
test_03220,0.99416
test_03221,0.62524
test_03222,0.28591
test_03223,0.00411
test_03224,0.99998
test_03225,0.99779
test_03226,0.00011
test_03227,0.99839
test_03228,0.98231
test_03229,0.06929
test_03230,0.96842
test_03231,0.99999
test_03232,0.98223
test_03233,0.00051
test_03234,0.04981
test_03235,0.02124
test_03236,0.00110
test_03237,0.91336
test_03238,0.54285
test_03239,0.07076
test_03240,0.00021
test_03241,0.63939
test_03242,0.06005
test_03243,0.00020
test_03244,0.79671
test_03245,0.94175
test_03246,0.97538
test_03247,0.99079
test_03248,0.00390
test_03249,1.00000
test_03250,0.01171
test_03251,0.00056
test_03252,1.00000
test_03253,0.98985
test_03254,0.01314
test_03255,0.07848
test_03256,0.95572
test_03257,0.98257
test_03258,0.39593
test_03259,0.98485
test_03260,0.02228
test_03261,0.00412
test_03262,0.99788
test_03263,0.88021
test_03264,0.10968
test_03265,0.00007
test_03266,0.99976
test_03267,0.99840
test_03268,0.10261
test_03269,0.99943
test_03270,0.00595
test_03271,0.01878
test_03272,0.99116
test_03273,0.19971
test_03274,0.00402
test_03275,0.02436
test_03276,0.05726
test_03277,0.00726
test_03278,0.87079
test_03279,0.94675
test_03280,0.70788
test_03281,0.99623
test_03282,0.96678
test_03283,0.04972
test_03284,0.00086
test_03285,0.99856
test_03286,0.95374
test_03287,0.99778
test_03288,0.92586
test_03289,0.97785
test_03290,0.41733
test_03291,0.66789
test_03292,0.15255
test_03293,0.85707
test_03294,0.99949
test_03295,0.00004
test_03296,0.00221
test_03297,0.99924
test_03298,0.00038
test_03299,0.99275
test_03300,0.99808
test_03301,0.07910
test_03302,0.99908
test_03303,0.02104
test_03304,0.00077
test_03305,0.99294
test_03306,0.95624
test_03307,0.97544
test_03308,0.99568
test_03309,0.00113
test_03310,0.98707
test_03311,0.03694
test_03312,0.82476
test_03313,0.00001
test_03314,0.00005
test_03315,0.53158
test_03316,0.99983
test_03317,0.99487
test_03318,0.88868
test_03319,0.00542
test_03320,0.99743
test_03321,0.97537
test_03322,0.99181
test_03323,0.99833
test_03324,0.35416
test_03325,0.15642
test_03326,0.01552
test_03327,0.98487
test_03328,0.74303
test_03329,0.01577
test_03330,0.97455
test_03331,0.00271
test_03332,0.99840
test_03333,0.02505
test_03334,0.98840
test_03335,0.93937
test_03336,0.00041
test_03337,0.00358
test_03338,0.87784
test_03339,0.98184
test_03340,0.67838
test_03341,0.00102
test_03342,0.02284
test_03343,0.01587
test_03344,0.97452
test_03345,0.00068
test_03346,0.00613
test_03347,0.00551
test_03348,0.00362
test_03349,0.99815
test_03350,0.98483
test_03351,0.52127
test_03352,0.99981
test_03353,0.30112
test_03354,0.00031
test_03355,0.38401
test_03356,0.00647
test_03357,0.98956
test_03358,0.15015
test_03359,0.99984
test_03360,0.84130
test_03361,0.00019
test_03362,0.96262
test_03363,0.98960
test_03364,0.94045
test_03365,0.88419
test_03366,0.58746
test_03367,0.83311
test_03368,0.57884
test_03369,0.00110
test_03370,0.01897
test_03371,0.99975
test_03372,0.42890
test_03373,0.41618
test_03374,0.75836
test_03375,0.00282
test_03376,0.96183
test_03377,0.28831
test_03378,0.00127
test_03379,0.98996
test_03380,0.99987
test_03381,0.99696
test_03382,0.99910
test_03383,0.00020
test_03384,0.82710
test_03385,0.98944
test_03386,0.61514
test_03387,0.99990
test_03388,0.04091
test_03389,0.96114
test_03390,0.75216
test_03391,0.99405
test_03392,0.84181
test_03393,0.00444
test_03394,0.69724
test_03395,0.03037
test_03396,0.01984
test_03397,0.04243
test_03398,0.97460
test_03399,0.96552
test_03400,0.00101
test_03401,0.03730
test_03402,0.71558
test_03403,0.00040
test_03404,0.00093
test_03405,0.80778
test_03406,0.01110
test_03407,0.00012
test_03408,0.44741
test_03409,0.00064
test_03410,0.25258
test_03411,0.97708
test_03412,0.94285
test_03413,0.00079
test_03414,0.00347
test_03415,0.95089
test_03416,0.04584
test_03417,0.01849
test_03418,0.01162
test_03419,0.09947
test_03420,0.99079
test_03421,0.01405
test_03422,0.99943
test_03423,0.00493
test_03424,0.02037
test_03425,0.00089
test_03426,0.97462
test_03427,0.99978
test_03428,0.00137
test_03429,0.19780
test_03430,0.98367
test_03431,0.99637
test_03432,0.62989
test_03433,0.98747
test_03434,0.00481
test_03435,0.92011
test_03436,0.66628
test_03437,0.20628
test_03438,0.00000
test_03439,0.96274
test_03440,0.89265
test_03441,0.98542
test_03442,0.79411
test_03443,0.99342
test_03444,0.48468
test_03445,0.81778
test_03446,0.85146
test_03447,0.99997
test_03448,0.93513
test_03449,0.99972
test_03450,0.24166
test_03451,0.34809
test_03452,0.00010
test_03453,0.00020
test_03454,0.02126
test_03455,0.00130
test_03456,0.00119
test_03457,0.10906
test_03458,0.99938
test_03459,0.00001
test_03460,0.04287
test_03461,0.31262
test_03462,0.99843
test_03463,0.00001
test_03464,0.99484
test_03465,0.20773
test_03466,0.12525
test_03467,0.89438
test_03468,0.00059
test_03469,0.00307
test_03470,0.00038
test_03471,0.30754
test_03472,0.99985
test_03473,0.99838
test_03474,0.99987
test_03475,0.15356
test_03476,0.61876
test_03477,0.48252
test_03478,0.02584
test_03479,0.03022
test_03480,0.99435
test_03481,0.63682
test_03482,0.99528
test_03483,0.36913
test_03484,0.90418
test_03485,0.02769
test_03486,0.91900
test_03487,0.99159
test_03488,0.99222
test_03489,0.03212
test_03490,0.60679
test_03491,0.99046
test_03492,0.98123
test_03493,0.99991
test_03494,0.01022
test_03495,0.01246
test_03496,0.00224
test_03497,0.99415
test_03498,0.99832
test_03499,0.99971
test_03500,0.63702
test_03501,0.00049
test_03502,0.01330
test_03503,0.06333
test_03504,0.04593
test_03505,0.00153
test_03506,0.17011
test_03507,0.00019
test_03508,0.14370
test_03509,0.05151
test_03510,0.99643
test_03511,0.00126
test_03512,0.96269
test_03513,0.00158
test_03514,0.99984
test_03515,0.85727
test_03516,0.00399
test_03517,0.98741
test_03518,0.00019
test_03519,0.62986
test_03520,0.94390
test_03521,0.97787
test_03522,0.92644
test_03523,0.99993
test_03524,0.14601
test_03525,0.99462
test_03526,0.99999
test_03527,0.91293
test_03528,0.19890
test_03529,0.00224
test_03530,0.00024
test_03531,0.00874
test_03532,0.99977
test_03533,0.00291
test_03534,0.95747
test_03535,0.00061
test_03536,0.98848
test_03537,0.01093
test_03538,0.00138
test_03539,0.48342
test_03540,0.07486
test_03541,0.42064
test_03542,0.08213
test_03543,0.99071
test_03544,0.00026
test_03545,0.00001
test_03546,0.89845
test_03547,0.97274
test_03548,0.99922
test_03549,0.01388
test_03550,0.99927
test_03551,0.99797
test_03552,0.84357
test_03553,0.68653
test_03554,0.82221
test_03555,0.00105
test_03556,0.12476
test_03557,0.99019
test_03558,0.96010
test_03559,0.00043
test_03560,0.98655
test_03561,0.97994
test_03562,0.99874
test_03563,0.93031
test_03564,0.97992
test_03565,0.97237
test_03566,0.00484
test_03567,0.29038
test_03568,0.01396
test_03569,0.00044
test_03570,0.97204
test_03571,0.00092
test_03572,0.27231
test_03573,0.85086
test_03574,0.83802
test_03575,0.99589
test_03576,0.99905
test_03577,0.11813
test_03578,0.00067
test_03579,0.05061
test_03580,0.37264
test_03581,0.00023
test_03582,0.97979
test_03583,0.99776
test_03584,0.00002
test_03585,0.99921
test_03586,0.00081
test_03587,0.61313
test_03588,0.00477
test_03589,0.25251
test_03590,0.05516
test_03591,0.00541
test_03592,0.99862
test_03593,0.99394
test_03594,0.00055
test_03595,0.99746
test_03596,0.91111
test_03597,0.32982
test_03598,0.84088
test_03599,0.99912
test_03600,0.05446
test_03601,0.99831
test_03602,0.00000
test_03603,0.99723
test_03604,0.97737
test_03605,0.02420
test_03606,0.00110
test_03607,0.00173
test_03608,0.99975
test_03609,0.00004
test_03610,0.03087
test_03611,0.76935
test_03612,0.98876
test_03613,0.93177
test_03614,0.07448
test_03615,0.96141
test_03616,0.10910
test_03617,0.00001
test_03618,0.99973
test_03619,0.07162
test_03620,0.11407
test_03621,0.00748
test_03622,0.00000
test_03623,0.00329
test_03624,0.07938
test_03625,0.99958
test_03626,0.72420
test_03627,0.11224
test_03628,0.00495
test_03629,0.87865
test_03630,0.79072
test_03631,0.00902
test_03632,0.99612
test_03633,0.04070
test_03634,0.00958
test_03635,0.99733
test_03636,0.31395
test_03637,0.00155
test_03638,0.94912
test_03639,0.01602
test_03640,0.01330
test_03641,0.95502
test_03642,0.31066
test_03643,0.99622
test_03644,0.00080
test_03645,0.99986
test_03646,0.98139
test_03647,0.61356
test_03648,0.93022
test_03649,0.99079
test_03650,0.99987
test_03651,0.02713
test_03652,0.00000
test_03653,0.98757
test_03654,0.99425
test_03655,0.99297
test_03656,0.68061
test_03657,0.19924
test_03658,0.83804
test_03659,0.99749
test_03660,0.99930
test_03661,0.00977
test_03662,0.99995
test_03663,0.98445
test_03664,0.99780
test_03665,0.99927
test_03666,0.68754
test_03667,0.02028
test_03668,0.99964
test_03669,0.99896
test_03670,0.00033
test_03671,0.00011
test_03672,0.89767
test_03673,0.98723
test_03674,0.09117
test_03675,0.99983
test_03676,0.99806
test_03677,0.94620
test_03678,0.93283
test_03679,0.00017
test_03680,0.99829
test_03681,0.01088
test_03682,0.85759
test_03683,0.99970
test_03684,0.99995
test_03685,0.98589
test_03686,0.99361
test_03687,0.60544
test_03688,0.98821
test_03689,0.00287
test_03690,0.60206
test_03691,0.99934
test_03692,0.00046
test_03693,0.96039
test_03694,0.99890
test_03695,0.00489
test_03696,0.00488
test_03697,0.41284
test_03698,0.98590
test_03699,0.99348
test_03700,0.99924
test_03701,0.04756
test_03702,0.99941
test_03703,0.99360
test_03704,0.00267
test_03705,0.00198
test_03706,0.00009
test_03707,0.99845
test_03708,0.20625
test_03709,0.99977
test_03710,0.92061
test_03711,0.27446
test_03712,0.74593
test_03713,0.00377
test_03714,0.05271
test_03715,0.99995
test_03716,0.99962
test_03717,0.00004
test_03718,0.00162
test_03719,0.99962
test_03720,0.01001
test_03721,0.00033
test_03722,0.00141
test_03723,0.00104
test_03724,0.97821
test_03725,0.00000
test_03726,0.99947
test_03727,0.00071
test_03728,0.44527
test_03729,0.00775
test_03730,0.89061
test_03731,0.18592
test_03732,0.71370
test_03733,0.72322
test_03734,0.99344
test_03735,0.03280
test_03736,0.02426
test_03737,0.98668
test_03738,0.52768
test_03739,0.99986
test_03740,0.00722
test_03741,0.03309
test_03742,0.20988
test_03743,0.99761
test_03744,0.90738
test_03745,0.99954
test_03746,0.00500
test_03747,0.60452
test_03748,0.00011
test_03749,0.97740
test_03750,0.99663
test_03751,0.98634
test_03752,0.87357
test_03753,0.98870
test_03754,0.99546
test_03755,0.97258
test_03756,0.99983
test_03757,0.01064
test_03758,0.98864
test_03759,0.02703
test_03760,0.19049
test_03761,0.21280
test_03762,0.99648
test_03763,0.28375
test_03764,0.97188
test_03765,0.00031
test_03766,0.99711
test_03767,0.47470
test_03768,0.00143
test_03769,0.22564
test_03770,0.90406
test_03771,0.80614
test_03772,0.99786
test_03773,0.00058
test_03774,0.10348
test_03775,0.30385
test_03776,0.00000
test_03777,0.00087
test_03778,0.99304
test_03779,0.00301
test_03780,0.00024
test_03781,0.11170
test_03782,0.00366
test_03783,0.00206
test_03784,0.00873
test_03785,0.99859
test_03786,0.17022
test_03787,0.02037
test_03788,0.00003
test_03789,0.00837
test_03790,0.72506
test_03791,0.76252
test_03792,0.99701
test_03793,0.00029
test_03794,0.88997
test_03795,0.99744
test_03796,0.99536
test_03797,0.03730
test_03798,0.96995
test_03799,0.02908
test_03800,0.99914
test_03801,0.00005
test_03802,0.20027
test_03803,0.07170
test_03804,0.00054
test_03805,0.82247
test_03806,0.00167
test_03807,0.28652
test_03808,0.99773
test_03809,0.70167
test_03810,0.00005
test_03811,0.02677
test_03812,0.00033
test_03813,0.98734
test_03814,0.02035
test_03815,0.82520
test_03816,0.00863
test_03817,0.74546
test_03818,0.00036
test_03819,0.24970
test_03820,0.99336
test_03821,0.99920
test_03822,0.97599
test_03823,0.01332
test_03824,0.98994
test_03825,0.98242
test_03826,0.99965
test_03827,0.76826
test_03828,0.99775
test_03829,0.08019
test_03830,0.16353
test_03831,0.00009
test_03832,0.00525
test_03833,0.09106
test_03834,0.99867
test_03835,0.96206
test_03836,0.01211
test_03837,0.00144
test_03838,0.00016
test_03839,0.26950
test_03840,0.99959
test_03841,0.99157
test_03842,0.07492
test_03843,0.60969
test_03844,0.00660
test_03845,0.99673
test_03846,0.99996
test_03847,0.00032
test_03848,0.68946
test_03849,0.98788
test_03850,0.02900
test_03851,0.01259
test_03852,0.01162
test_03853,0.99781
test_03854,0.99970
test_03855,0.00147
test_03856,0.97000
test_03857,0.00074
test_03858,0.00048
test_03859,0.00057
test_03860,0.00003
test_03861,0.03601
test_03862,0.99521
test_03863,0.99155
test_03864,0.99593
test_03865,0.34387
test_03866,0.99933
test_03867,0.00087
test_03868,0.00012
test_03869,0.99568
test_03870,0.52450
test_03871,0.00006
test_03872,0.00075
test_03873,0.10530
test_03874,0.01431
test_03875,0.02232
test_03876,0.99863
test_03877,0.74409
test_03878,0.64783
test_03879,0.99447
test_03880,0.99691
test_03881,0.00063
test_03882,0.99192
test_03883,0.00508
test_03884,0.99937
test_03885,0.00265
test_03886,0.00045
test_03887,0.81018
test_03888,0.97868
test_03889,0.00041
test_03890,0.85108
test_03891,0.00808
test_03892,0.17776
test_03893,0.00119
test_03894,0.95614
test_03895,0.02033
test_03896,0.99835
test_03897,0.99994
test_03898,0.00540
test_03899,0.72102
test_03900,0.58161
test_03901,0.00046
test_03902,0.00204
test_03903,0.92737
test_03904,0.00151
test_03905,0.99225
test_03906,0.00478
test_03907,0.99837
test_03908,0.88101
test_03909,0.97044
test_03910,0.00284
test_03911,0.26412
test_03912,0.99636
test_03913,0.00674
test_03914,0.13465
test_03915,0.00969
test_03916,0.20952
test_03917,0.99716
test_03918,0.87853
test_03919,0.95831
test_03920,0.82599
test_03921,0.01676
test_03922,0.01415
test_03923,0.99483
test_03924,0.84713
test_03925,0.00028
test_03926,0.97967
test_03927,0.00311
test_03928,0.00033
test_03929,0.67483
test_03930,0.99096
test_03931,0.95929
test_03932,0.00011
test_03933,0.00085
test_03934,0.99936
test_03935,0.01360
test_03936,0.31056
test_03937,0.00254
test_03938,0.38351
test_03939,0.00140
test_03940,0.00262
test_03941,0.02308
test_03942,0.00589
test_03943,0.00618
test_03944,0.98859
test_03945,0.97979
test_03946,0.91823
test_03947,0.94190
test_03948,0.99753
test_03949,0.19038
test_03950,0.98455
test_03951,0.09041
test_03952,0.60406
test_03953,0.98165
test_03954,0.99173
test_03955,0.00031
test_03956,0.00358
test_03957,0.26898
test_03958,0.99992
test_03959,0.32034
test_03960,0.07182
test_03961,0.99493
test_03962,0.99875
test_03963,0.01144
test_03964,0.51242
test_03965,0.00000
test_03966,0.00753
test_03967,0.00020
test_03968,0.99963
test_03969,0.91344
test_03970,0.99983
test_03971,0.00018
test_03972,0.00347
test_03973,0.99454
test_03974,0.03943
test_03975,0.90900
test_03976,0.99807
test_03977,0.99940
test_03978,0.35165
test_03979,0.99294
test_03980,0.70660
test_03981,0.99876
test_03982,0.99804
test_03983,0.99441
test_03984,0.92416
test_03985,0.37051
test_03986,0.00065
test_03987,0.22221
test_03988,0.99962
test_03989,0.02064
test_03990,0.00002
test_03991,0.00280
test_03992,0.98011
test_03993,0.60459
test_03994,0.00032
test_03995,0.01730
test_03996,0.99997
test_03997,0.99357
test_03998,0.61948
test_03999,0.99995
test_04000,0.99983
test_04001,0.48640
test_04002,0.99971
test_04003,0.92546
test_04004,0.33662
test_04005,0.12324
test_04006,0.01502
test_04007,0.00184
test_04008,0.03369
test_04009,0.00080
test_04010,0.00529
test_04011,0.00092
test_04012,0.00020
test_04013,0.51225
test_04014,0.99138
test_04015,0.99907
test_04016,0.19630
test_04017,0.00850
test_04018,0.99981
test_04019,0.89520
test_04020,0.99943
test_04021,0.00251
test_04022,0.00194
test_04023,0.64217
test_04024,0.00774
test_04025,0.00050
test_04026,0.99984
test_04027,0.00521
test_04028,0.02547
test_04029,0.38858
test_04030,0.96828
test_04031,0.00014
test_04032,0.11095
test_04033,0.99943
test_04034,0.99907
test_04035,0.95362
test_04036,0.85803
test_04037,0.99975
test_04038,0.00185
test_04039,0.00486
test_04040,0.99997
test_04041,0.99772
test_04042,0.99496
test_04043,0.04224
test_04044,0.00792
test_04045,0.11590
test_04046,0.33395
test_04047,0.99597
test_04048,0.99549
test_04049,0.99035
test_04050,0.00128
test_04051,0.99998
test_04052,0.93295
test_04053,0.79246
test_04054,0.00144
test_04055,0.99859
test_04056,0.99855
test_04057,0.99184
test_04058,0.98143
test_04059,0.95225
test_04060,0.99981
test_04061,0.23530
test_04062,0.00013
test_04063,0.00117
test_04064,0.95899
test_04065,0.98134
test_04066,0.99915
test_04067,0.04646
test_04068,0.01212
test_04069,0.00345
test_04070,0.00257
test_04071,0.63950
test_04072,0.04180
test_04073,0.00958
test_04074,0.25711
test_04075,0.97556
test_04076,0.87565
test_04077,0.92611
test_04078,0.99949
test_04079,0.01183
test_04080,0.17969
test_04081,0.98607
test_04082,0.00155
test_04083,0.38783
test_04084,0.96912
test_04085,0.00000
test_04086,0.99547
test_04087,0.96937
test_04088,0.99766
test_04089,0.00361
test_04090,0.99245
test_04091,0.97880
test_04092,0.95820
test_04093,0.99981
test_04094,0.00245
test_04095,0.16954
test_04096,0.00156
test_04097,0.83298
test_04098,0.00021
test_04099,0.99888
test_04100,0.99999
test_04101,0.00021
test_04102,0.00000
test_04103,0.00019
test_04104,0.99297
test_04105,0.09851
test_04106,0.00011
test_04107,0.11316
test_04108,0.96918
test_04109,0.99536
test_04110,0.52288
test_04111,0.99833
test_04112,0.86617
test_04113,0.97264
test_04114,0.01851
test_04115,0.41784
test_04116,0.99996
test_04117,0.99975
test_04118,0.02246
test_04119,0.01281
test_04120,0.99601
test_04121,0.64076
test_04122,0.02069
test_04123,0.99995
test_04124,0.72806
test_04125,0.00077
test_04126,0.00040
test_04127,0.00049
test_04128,0.84673
test_04129,0.93644
test_04130,0.00017
test_04131,0.00000
test_04132,0.22786
test_04133,0.00081
test_04134,0.93815
test_04135,0.99631
test_04136,0.91939
test_04137,0.02229
test_04138,0.71859
test_04139,0.65897
test_04140,0.99997
test_04141,0.08046
test_04142,0.79341
test_04143,0.26550
test_04144,0.94996
test_04145,0.94488
test_04146,0.00371
test_04147,0.00192
test_04148,0.99502
test_04149,0.79126
test_04150,0.00143
test_04151,0.97971
test_04152,0.87730
test_04153,0.86492
test_04154,0.04406
test_04155,0.01345
test_04156,0.46317
test_04157,0.99909
test_04158,0.96829
test_04159,0.67292
test_04160,0.99995
test_04161,0.00162
test_04162,0.97282
test_04163,0.74729
test_04164,0.90293
test_04165,0.99893
test_04166,0.00121
test_04167,0.00797
test_04168,0.01211
test_04169,0.99974
test_04170,0.99400
test_04171,0.99324
test_04172,0.08619
test_04173,0.98850
test_04174,0.00045
test_04175,0.80601
test_04176,0.94467
test_04177,0.00003
test_04178,0.94753
test_04179,0.00838
test_04180,0.00120
test_04181,0.98765
test_04182,0.87719
test_04183,0.57707
test_04184,0.99380
test_04185,0.89110
test_04186,0.58660
test_04187,0.71279
test_04188,0.00078
test_04189,0.00013
test_04190,0.97298
test_04191,0.99925
test_04192,0.00797
test_04193,0.01885
test_04194,0.02990
test_04195,0.00150
test_04196,0.50381
test_04197,0.01658
test_04198,0.99953
test_04199,0.07500
test_04200,0.00959
test_04201,0.58938
test_04202,0.93239
test_04203,0.97312
test_04204,0.53245
test_04205,0.00001
test_04206,0.00451
test_04207,0.98364
test_04208,0.00477
test_04209,0.26371
test_04210,0.81724
test_04211,0.34264
test_04212,0.95783
test_04213,0.18745
test_04214,0.99816
test_04215,0.00512
test_04216,0.00131
test_04217,0.99821
test_04218,0.02466
test_04219,0.96897
test_04220,0.00232
test_04221,0.99626
test_04222,0.99998
test_04223,0.99975
test_04224,0.99935
test_04225,0.45025
test_04226,0.96708
test_04227,0.98709
test_04228,0.99989
test_04229,0.91086
test_04230,0.41083
test_04231,0.20167
test_04232,1.00000
test_04233,0.99892
test_04234,0.99949
test_04235,0.99903
test_04236,0.00204
test_04237,0.12763
test_04238,0.00307
test_04239,0.25833
test_04240,0.85133
test_04241,0.99997
test_04242,0.74941
test_04243,0.00060
test_04244,0.94488
test_04245,0.99996
test_04246,0.99938
test_04247,0.99965
test_04248,0.99970
test_04249,0.99962
test_04250,0.99283
test_04251,0.90545
test_04252,0.00001
test_04253,0.00220
test_04254,0.00007
test_04255,0.86694
test_04256,0.99999
test_04257,0.91538
test_04258,0.00343
test_04259,0.97519
test_04260,0.54734
test_04261,0.99743
test_04262,0.79891
test_04263,0.29045
test_04264,0.99744
test_04265,0.99920
test_04266,0.15747
test_04267,0.00518
test_04268,0.99899
test_04269,0.99986
test_04270,0.05815
test_04271,0.00909
test_04272,0.00304
test_04273,0.99933
test_04274,0.00294
test_04275,0.00063
test_04276,0.58206
test_04277,0.19724
test_04278,0.70005
test_04279,0.00136
test_04280,0.06985
test_04281,0.99224
test_04282,0.10945
test_04283,0.00043
test_04284,0.01473
test_04285,0.95581
test_04286,0.00106
test_04287,0.99991
test_04288,0.00334
test_04289,0.99999
test_04290,0.21110
test_04291,0.00698
test_04292,0.01578
test_04293,0.89431
test_04294,0.58555
test_04295,0.00000
test_04296,0.95267
test_04297,0.99886
test_04298,0.99410
test_04299,0.00000
test_04300,0.00127
test_04301,0.99886
test_04302,0.13647
test_04303,0.94222
test_04304,0.96859
test_04305,0.93983
test_04306,0.00236
test_04307,0.97972
test_04308,0.00278
test_04309,0.82979
test_04310,0.99999
test_04311,0.99969
test_04312,0.03216
test_04313,0.00010
test_04314,0.52200
test_04315,0.99964
test_04316,0.00014
test_04317,0.00251
test_04318,0.13022
test_04319,0.00602
test_04320,0.00497
test_04321,0.95949
test_04322,0.23953
test_04323,0.01102
test_04324,0.95076
test_04325,0.99346
test_04326,0.93614
test_04327,0.92799
test_04328,0.05192
test_04329,0.99998
test_04330,0.99994
test_04331,0.99477
test_04332,0.03966
test_04333,0.00149
test_04334,0.96186
test_04335,0.00756
test_04336,0.00725
test_04337,0.72803
test_04338,0.99968
test_04339,0.99922
test_04340,0.14760
test_04341,0.98111
test_04342,0.04630
test_04343,0.79421
test_04344,0.23117
test_04345,0.95369
test_04346,0.00345
test_04347,0.15097
test_04348,0.98664
test_04349,0.81863
test_04350,0.99589
test_04351,0.08442
test_04352,0.61303
test_04353,0.65283
test_04354,0.00118
test_04355,0.99533
test_04356,0.27379
test_04357,0.22672
test_04358,0.00021
test_04359,0.47751
test_04360,0.87384
test_04361,0.21748
test_04362,0.01074
test_04363,0.97919
test_04364,0.97699
test_04365,0.00872
test_04366,0.01580
test_04367,0.00918
test_04368,0.07200
test_04369,0.53150
test_04370,0.00001
test_04371,0.99751
test_04372,0.52519
test_04373,0.01347
test_04374,0.01290
test_04375,0.99939
test_04376,0.10261
test_04377,0.23350
test_04378,0.99942
test_04379,0.00026
test_04380,0.00918
test_04381,0.99991
test_04382,0.00884
test_04383,0.32118
test_04384,0.91387
test_04385,0.31542
test_04386,0.00699
test_04387,0.01782
test_04388,0.00476
test_04389,0.00144
test_04390,0.98936
test_04391,0.99457
test_04392,0.95922
test_04393,0.98334
test_04394,0.99947
test_04395,0.00229
test_04396,0.00301
test_04397,0.10530
test_04398,0.00072
test_04399,0.00031
test_04400,0.06646
test_04401,0.00342
test_04402,0.92872
test_04403,0.82767
test_04404,0.03243
test_04405,0.99987
test_04406,0.99817
test_04407,0.00071
test_04408,0.99956
test_04409,0.99958
test_04410,0.98708
test_04411,0.99979
test_04412,0.84060
test_04413,0.99982
test_04414,0.99926
test_04415,0.00001
test_04416,0.43591
test_04417,0.08685
test_04418,0.00024
test_04419,0.00118
test_04420,0.00224
test_04421,0.99788
test_04422,0.01692
test_04423,0.05060
test_04424,0.03674
test_04425,0.99747
test_04426,0.50000
test_04427,0.99716
test_04428,0.01764
test_04429,0.99977
test_04430,0.95714
test_04431,0.99965
test_04432,0.00003
test_04433,0.00335
test_04434,0.99354
test_04435,0.39732
test_04436,0.24563
test_04437,0.99999
test_04438,0.79105
test_04439,0.00028
test_04440,0.99916
test_04441,0.99789
test_04442,0.67398
test_04443,0.01714
test_04444,0.80012
test_04445,0.99995
test_04446,0.05909
test_04447,0.99391
test_04448,0.00230
test_04449,0.41923
test_04450,0.99926
test_04451,0.00208
test_04452,0.00068
test_04453,0.99684
test_04454,0.01695
test_04455,0.64148
test_04456,0.02135
test_04457,0.35744
test_04458,0.99937
test_04459,0.05207
test_04460,0.00765
test_04461,0.92155
test_04462,0.15304
test_04463,0.87930
test_04464,0.99796
test_04465,0.67212
test_04466,0.00068
test_04467,0.99965
test_04468,0.00720
test_04469,0.07507
test_04470,0.25698
test_04471,0.87689
test_04472,0.84003
test_04473,0.00337
test_04474,0.18317
test_04475,0.00116
test_04476,0.00059
test_04477,0.13677
test_04478,0.94092
test_04479,0.52116
test_04480,0.93075
test_04481,0.26078
test_04482,0.00835
test_04483,0.99999
test_04484,0.98191
test_04485,0.99829
test_04486,0.99900
test_04487,0.03205
test_04488,0.92440
test_04489,0.00231
test_04490,0.86408
test_04491,0.09799
test_04492,0.03983
test_04493,0.01811
test_04494,0.01058
test_04495,0.99392
test_04496,0.00342
test_04497,0.00093
test_04498,0.00286
test_04499,0.00508
test_04500,0.99636
test_04501,0.00003
test_04502,0.99904
test_04503,0.00220
test_04504,0.00316
test_04505,0.08831
test_04506,0.99858
test_04507,0.00006
test_04508,0.00044
test_04509,0.00591
test_04510,0.00028
test_04511,0.00318
test_04512,0.99998
test_04513,0.00756
test_04514,0.99849
test_04515,0.02259
test_04516,0.87566
test_04517,0.99636
test_04518,0.00114
test_04519,0.66198
test_04520,0.00824
test_04521,0.99016
test_04522,0.98234
test_04523,0.00221
test_04524,0.99594
test_04525,0.00320
test_04526,0.99998
test_04527,0.24765
test_04528,0.96673
test_04529,0.00108
test_04530,0.05913
test_04531,0.25359
test_04532,0.30091
test_04533,0.01361
test_04534,0.01963
test_04535,0.90477
test_04536,0.01170
test_04537,0.01575
test_04538,0.44123
test_04539,0.97675
test_04540,0.93827
test_04541,0.99758
test_04542,0.05007
test_04543,0.00080
test_04544,0.06484
test_04545,0.99955
test_04546,0.98306
test_04547,0.99920
test_04548,0.99960
test_04549,0.00004
test_04550,0.90098
test_04551,0.99546
test_04552,0.01596
test_04553,0.01589
test_04554,0.12465
test_04555,0.23880
test_04556,0.88133
test_04557,0.00015
test_04558,0.00106
test_04559,0.00013
test_04560,0.13840
test_04561,0.00180
test_04562,0.01109
test_04563,0.99896
test_04564,0.00036
test_04565,0.98471
test_04566,0.15873
test_04567,0.99692
test_04568,0.46830
test_04569,0.99866
test_04570,0.03173
test_04571,0.00016
test_04572,0.99836
test_04573,0.70043
test_04574,0.00281
test_04575,0.82159
test_04576,0.99688
test_04577,0.95620
test_04578,0.99974
test_04579,0.51722
test_04580,0.01404
test_04581,0.04813
test_04582,0.00858
test_04583,0.98277
test_04584,0.88763
test_04585,0.83698
test_04586,0.00526
test_04587,0.80684
test_04588,0.66907
test_04589,0.87765
test_04590,0.99604
test_04591,0.99719
test_04592,0.00128
test_04593,0.63217
test_04594,0.24776
test_04595,0.95801
test_04596,0.00254
test_04597,0.00302
test_04598,0.00130
test_04599,0.70283
test_04600,0.00653
test_04601,0.00412
test_04602,0.45258
test_04603,0.99792
test_04604,0.01622
test_04605,0.92735
test_04606,0.98240
test_04607,0.07000
test_04608,0.02351
test_04609,0.80285
test_04610,0.00009
test_04611,1.00000
test_04612,0.99873
test_04613,0.99318
test_04614,0.99967
test_04615,0.99915
test_04616,0.98725
test_04617,0.00185
test_04618,0.99914
test_04619,0.87936
test_04620,0.12507
test_04621,0.97770
test_04622,0.89401
test_04623,0.98564
test_04624,0.25169
test_04625,0.96170
test_04626,0.18898
test_04627,0.00537
test_04628,0.99793
test_04629,0.98674
test_04630,0.98901
test_04631,0.99884
test_04632,0.00225
test_04633,0.00057
test_04634,0.99665
test_04635,0.99181
test_04636,0.96557
test_04637,0.87742
test_04638,0.97347
test_04639,0.99841
test_04640,0.99904
test_04641,0.99303
test_04642,0.06955
test_04643,0.80019
test_04644,0.98754
test_04645,0.98367
test_04646,0.70819
test_04647,0.99779
test_04648,0.76040
test_04649,0.90214
test_04650,0.01286
test_04651,0.99924
test_04652,0.01830
test_04653,0.99914
test_04654,0.00101
test_04655,0.25700
test_04656,0.00069
test_04657,0.99723
test_04658,0.99842
test_04659,0.41556
test_04660,0.28234
test_04661,0.02478
test_04662,0.02031
test_04663,0.06438
test_04664,0.00050
test_04665,0.99987
test_04666,0.00254
test_04667,0.99979
test_04668,0.00015
test_04669,0.98170
test_04670,0.98922
test_04671,0.03710
test_04672,0.04259
test_04673,0.02406
test_04674,0.00027
test_04675,0.31680
test_04676,0.03075
test_04677,0.95408
test_04678,0.99149
test_04679,0.00130
test_04680,0.99753
test_04681,0.99648
test_04682,0.00024
test_04683,0.00094
test_04684,0.01921
test_04685,0.98844
test_04686,0.99881
test_04687,0.99624
test_04688,0.33335
test_04689,0.87708
test_04690,0.95695
test_04691,0.00161
test_04692,0.00023
test_04693,0.99968
test_04694,0.94124
test_04695,0.00310
test_04696,1.00000
test_04697,0.00619
test_04698,0.00023
test_04699,0.00178
test_04700,0.99981
test_04701,0.28839
test_04702,0.17997
test_04703,0.99929
test_04704,0.00417
test_04705,0.02653
test_04706,0.00013
test_04707,0.49616
test_04708,0.02019
test_04709,0.00141
test_04710,0.98442
test_04711,0.96474
test_04712,0.99989
test_04713,0.10132
test_04714,0.02951
test_04715,0.99989
test_04716,0.00018
test_04717,0.14482
test_04718,0.00266
test_04719,0.00051
test_04720,0.99697
test_04721,0.96090
test_04722,0.97330
test_04723,0.99913
test_04724,0.99999
test_04725,0.97557
test_04726,0.63985
test_04727,0.99138
test_04728,0.45563
test_04729,0.00070
test_04730,0.00012
test_04731,0.00081
test_04732,0.89442
test_04733,0.10007
test_04734,0.99982
test_04735,0.99915
test_04736,0.16557
test_04737,0.26850
test_04738,0.00444
test_04739,0.19564
test_04740,0.99912
test_04741,0.99491
test_04742,0.99784
test_04743,0.76455
test_04744,0.99637
test_04745,0.88248
test_04746,0.00035
test_04747,0.07170
test_04748,0.03172
test_04749,0.80398
test_04750,0.95485
test_04751,0.99993
test_04752,0.00155
test_04753,0.98181
test_04754,0.00031
test_04755,0.00845
test_04756,0.00070
test_04757,0.00113
test_04758,0.00002
test_04759,0.99379
test_04760,0.98482
test_04761,0.53116
test_04762,0.00120
test_04763,0.65243
test_04764,0.98457
test_04765,0.98709
test_04766,0.01110
test_04767,0.99994
test_04768,0.00368
test_04769,0.99940
test_04770,0.99840
test_04771,0.00466
test_04772,0.77838
test_04773,0.99704
test_04774,0.00756
test_04775,0.76526
test_04776,0.99961
test_04777,0.01197
test_04778,0.81254
test_04779,0.43282
test_04780,0.96203
test_04781,0.62100
test_04782,0.00048
test_04783,0.98228
test_04784,0.00064
test_04785,0.99667
test_04786,0.01950
test_04787,0.98012
test_04788,0.29295
test_04789,0.00257
test_04790,0.99721
test_04791,0.00016
test_04792,0.99126
test_04793,0.99995
test_04794,0.00080
test_04795,0.00290
test_04796,0.00868
test_04797,0.99998
test_04798,0.99586
test_04799,0.04757
test_04800,0.99558
test_04801,0.06874
test_04802,0.00177
test_04803,0.99985
test_04804,0.78555
test_04805,0.00071
test_04806,0.82310
test_04807,0.32184
test_04808,0.45977
test_04809,0.97580
test_04810,0.15059
test_04811,0.00090
test_04812,0.94099
test_04813,0.99985
test_04814,0.00115
test_04815,0.54025
test_04816,0.55352
test_04817,0.00827
test_04818,0.01031
test_04819,0.23870
test_04820,0.00489
test_04821,0.99888
test_04822,0.98077
test_04823,0.99704
test_04824,0.00078
test_04825,0.23129
test_04826,0.95059
test_04827,0.00074
test_04828,0.88005
test_04829,0.99988
test_04830,0.01460
test_04831,0.19574
test_04832,0.99621
test_04833,0.45983
test_04834,0.00149
test_04835,1.00000
test_04836,0.01044
test_04837,0.13515
test_04838,0.02113
test_04839,0.00601
test_04840,0.00014
test_04841,0.07333
test_04842,0.97872
test_04843,0.03904
test_04844,0.00001
test_04845,0.99995
test_04846,0.05031
test_04847,0.97435
test_04848,0.99911
test_04849,0.35741
test_04850,0.99967
test_04851,0.99440
test_04852,0.99879
test_04853,0.07781
test_04854,0.00799
test_04855,0.99911
test_04856,0.10968
test_04857,0.00032
test_04858,0.95634
test_04859,0.00160
test_04860,0.04227
test_04861,0.99991
test_04862,0.00242
test_04863,0.02511
test_04864,0.22323
test_04865,0.00704
test_04866,0.00027
test_04867,0.00116
test_04868,0.00012
test_04869,0.36546
test_04870,0.99689
test_04871,0.97584
test_04872,0.99952
test_04873,0.98235
test_04874,0.00817
test_04875,0.83479
test_04876,0.00158
test_04877,0.93824
test_04878,0.01892
test_04879,0.98825
test_04880,0.00133
test_04881,0.00360
test_04882,0.43357
test_04883,0.99336
test_04884,0.02921
test_04885,0.00291
test_04886,0.99993
test_04887,0.08435
test_04888,0.00145
test_04889,0.96615
test_04890,0.00562
test_04891,0.78155
test_04892,0.72516
test_04893,0.08869
test_04894,0.00206
test_04895,0.00001
test_04896,0.02352
test_04897,0.00217
test_04898,0.00192
test_04899,0.06113
test_04900,0.99871
test_04901,0.97211
test_04902,0.00410
test_04903,0.99712
test_04904,0.97955
test_04905,0.39470
test_04906,0.99835
test_04907,0.95458
test_04908,0.21446
test_04909,0.99869
test_04910,0.99890
test_04911,0.99125
test_04912,0.99999
test_04913,0.79016
test_04914,0.00380
test_04915,0.98267
test_04916,0.00710
test_04917,0.99936
test_04918,0.98007
test_04919,0.17032
test_04920,0.55848
test_04921,0.99730
test_04922,0.00004
test_04923,0.02508
test_04924,0.01209
test_04925,0.02644
test_04926,0.99964
test_04927,0.00272
test_04928,0.00000
test_04929,0.99922
test_04930,0.00621
test_04931,0.86250
test_04932,0.90500
test_04933,0.99955
test_04934,0.25881
test_04935,0.00007
test_04936,0.99966
test_04937,0.00009
test_04938,0.03051
test_04939,0.96525
test_04940,0.94616
test_04941,0.98637
test_04942,0.25908
test_04943,0.99699
test_04944,0.98851
test_04945,0.00606
test_04946,0.00134
test_04947,0.98652
test_04948,0.99914
test_04949,0.95314
test_04950,0.00624
test_04951,0.00500
test_04952,0.99680
test_04953,0.00386
test_04954,0.74656
test_04955,0.99942
test_04956,0.99874
test_04957,0.88714
test_04958,0.01185
test_04959,0.02372
test_04960,0.21623
test_04961,0.05580
test_04962,0.99856
test_04963,0.00001
test_04964,0.92686
test_04965,0.99951
test_04966,0.99999
test_04967,0.35162
test_04968,0.66463
test_04969,0.79600
test_04970,0.99699
test_04971,0.99983
test_04972,0.00147
test_04973,0.99582
test_04974,0.93164
test_04975,0.00401
test_04976,0.00316
test_04977,0.00055
test_04978,0.11484
test_04979,0.00556
test_04980,0.98885
test_04981,0.99923
test_04982,0.99785
test_04983,0.00222
test_04984,0.10098
test_04985,0.82906
test_04986,0.01144
test_04987,0.99987
test_04988,0.00037
test_04989,0.00557
test_04990,0.99298
test_04991,0.02491
test_04992,0.00427
test_04993,0.99980
test_04994,0.00121
test_04995,0.99674
test_04996,0.85862
test_04997,0.09794
test_04998,0.03932
test_04999,0.01035
test_05000,0.98237
test_05001,0.99998
test_05002,0.48342
test_05003,0.99515
test_05004,0.69385
test_05005,0.99617
test_05006,0.01027
test_05007,0.21260
test_05008,0.99071
test_05009,0.86038
test_05010,0.07655
test_05011,0.75668
test_05012,0.99981
test_05013,0.99845
test_05014,0.99502
test_05015,0.98398
test_05016,0.05984
test_05017,0.99950
test_05018,0.49703
test_05019,0.00331
test_05020,0.99988
test_05021,0.44445
test_05022,0.99968
test_05023,0.76101
test_05024,0.99164
test_05025,0.00276
test_05026,0.72942
test_05027,0.61326
test_05028,0.99926
test_05029,0.89264
test_05030,0.85847
test_05031,0.01195
test_05032,0.99566
test_05033,0.99442
test_05034,0.81056
test_05035,0.76835
test_05036,0.92298
test_05037,0.99901
test_05038,0.00179
test_05039,0.99497
test_05040,0.97809
test_05041,0.99689
test_05042,0.99074
test_05043,0.99995
test_05044,0.92615
test_05045,0.98863
test_05046,0.00254
test_05047,0.99984
test_05048,0.00239
test_05049,0.99998
test_05050,0.13693
test_05051,0.96144
test_05052,0.53251
test_05053,1.00000
test_05054,0.00016
test_05055,0.00311
test_05056,0.31501
test_05057,0.99703
test_05058,0.85366
test_05059,0.00096
test_05060,0.91021
test_05061,0.99991
test_05062,0.00386
test_05063,0.99944
test_05064,0.57647
test_05065,0.04262
test_05066,0.00346
test_05067,0.99994
test_05068,0.99737
test_05069,0.82971
test_05070,0.39430
test_05071,0.05764
test_05072,0.34612
test_05073,0.25139
test_05074,0.00626
test_05075,0.99386
test_05076,0.98748
test_05077,0.00003
test_05078,0.99974
test_05079,0.06783
test_05080,0.99982
test_05081,0.01388
test_05082,0.00062
test_05083,0.73890
test_05084,0.99212
test_05085,0.99840
test_05086,0.84661
test_05087,0.33840
test_05088,0.99782
test_05089,0.31740
test_05090,0.34434
test_05091,0.99948
test_05092,0.00128
test_05093,0.00103
test_05094,0.96127
test_05095,0.99309
test_05096,0.04292
test_05097,0.99778
test_05098,0.00005
test_05099,0.99864
test_05100,0.00026
test_05101,0.88396
test_05102,0.00228
test_05103,0.99936
test_05104,0.00208
test_05105,0.98658
test_05106,0.91434
test_05107,0.01570
test_05108,0.32276
test_05109,0.00126
test_05110,0.99797
test_05111,0.88092
test_05112,0.92224
test_05113,0.33228
test_05114,0.76508
test_05115,0.00062
test_05116,0.01491
test_05117,0.08969
test_05118,0.02821
test_05119,0.99964
test_05120,0.99272
test_05121,0.00075
test_05122,0.16157
test_05123,0.01179
test_05124,0.11417
test_05125,0.96818
test_05126,0.99417
test_05127,0.99878
test_05128,0.02518
test_05129,0.90323
test_05130,0.00221
test_05131,0.27518
test_05132,0.31297
test_05133,0.07732
test_05134,0.48851
test_05135,0.01986
test_05136,0.04064
test_05137,0.99990
test_05138,0.97222
test_05139,0.93151
test_05140,0.99958
test_05141,0.04650
test_05142,0.87635
test_05143,0.42050
test_05144,0.64480
test_05145,0.99865
test_05146,0.99860
test_05147,0.23913
test_05148,0.09014
test_05149,0.00627
test_05150,0.00004
test_05151,0.99971
test_05152,0.99947
test_05153,0.56342
test_05154,0.00235
test_05155,0.07617
test_05156,0.99872
test_05157,0.04116
test_05158,0.97047
test_05159,0.01055
test_05160,0.84701
test_05161,0.84739
test_05162,0.00030
test_05163,0.00001
test_05164,0.03497
test_05165,0.00205
test_05166,0.99398
test_05167,0.91539
test_05168,0.64652
test_05169,0.99652
test_05170,0.00020
test_05171,0.99888
test_05172,0.98645
test_05173,0.00785
test_05174,0.75661
test_05175,0.05693
test_05176,0.00719
test_05177,0.99555
test_05178,0.67798
test_05179,0.01546
test_05180,0.00887
test_05181,0.03334
test_05182,0.02605
test_05183,0.00665
test_05184,0.99828
test_05185,0.99989
test_05186,0.99968
test_05187,0.99527
test_05188,0.99951
test_05189,0.96248
test_05190,0.86784
test_05191,0.96913
test_05192,0.00011
test_05193,0.00284
test_05194,0.65041
test_05195,0.13523
test_05196,0.04066
test_05197,0.28176
test_05198,0.99872
test_05199,0.97914
test_05200,0.99957
test_05201,0.99952
test_05202,0.94645
test_05203,0.99699
test_05204,0.00103
test_05205,0.04466
test_05206,0.78634
test_05207,0.00068
test_05208,0.95814
test_05209,0.70091
test_05210,0.99984
test_05211,0.19068
test_05212,0.99834
test_05213,0.00599
test_05214,0.16842
test_05215,0.96435
test_05216,0.96884
test_05217,0.98050
test_05218,0.99594
test_05219,0.89063
test_05220,0.99907
test_05221,0.00053
test_05222,0.06203
test_05223,0.99981
test_05224,0.05134
test_05225,0.99997
test_05226,0.00013
test_05227,0.99770
test_05228,0.62383
test_05229,0.16172
test_05230,0.03921
test_05231,0.15903
test_05232,0.00534
test_05233,0.63065
test_05234,0.00812
test_05235,0.99759
test_05236,0.30198
test_05237,0.96342
test_05238,0.00108
test_05239,0.99670
test_05240,0.99465
test_05241,0.00426
test_05242,0.14564
test_05243,0.99841
test_05244,0.51883
test_05245,0.00049
test_05246,0.22390
test_05247,0.16380
test_05248,0.01880
test_05249,0.37339
test_05250,0.88440
test_05251,1.00000
test_05252,0.00009
test_05253,0.82002
test_05254,0.95176
test_05255,0.97593
test_05256,0.00292
test_05257,0.98137
test_05258,0.10134
test_05259,0.00141
test_05260,0.97123
test_05261,0.99887
test_05262,0.84096
test_05263,0.99977
test_05264,0.34405
test_05265,0.03774
test_05266,0.99796
test_05267,0.99747
test_05268,0.93433
test_05269,0.80639
test_05270,0.71595
test_05271,0.97532
test_05272,0.97530
test_05273,0.00164
test_05274,0.24113
test_05275,0.00956
test_05276,0.99903
test_05277,0.16435
test_05278,0.94683
test_05279,0.00383
test_05280,0.01459
test_05281,0.97765
test_05282,0.42227
test_05283,0.99865
test_05284,0.98990
test_05285,0.02832
test_05286,0.99963
test_05287,0.00006
test_05288,0.98144
test_05289,0.99909
test_05290,0.99796
test_05291,0.00000
test_05292,0.99994
test_05293,0.00700
test_05294,0.91447
test_05295,0.99996
test_05296,0.01437
test_05297,0.09485
test_05298,0.99685
test_05299,0.57587
test_05300,0.00033
test_05301,0.00003
test_05302,0.00135
test_05303,0.99979
test_05304,0.00343
test_05305,0.99721
test_05306,0.46280
test_05307,0.91477
test_05308,0.99999
test_05309,0.00010
test_05310,0.00722
test_05311,0.96301
test_05312,0.98875
test_05313,0.99989
test_05314,0.94930
test_05315,0.02262
test_05316,0.94096
test_05317,0.99902
test_05318,0.49714
test_05319,0.99991
test_05320,0.99980
test_05321,0.99950
test_05322,0.91338
test_05323,0.82216
test_05324,0.99935
test_05325,0.99761
test_05326,0.99979
test_05327,0.83231
test_05328,0.01671
test_05329,0.97078
test_05330,0.00013
test_05331,0.00078
test_05332,0.00009
test_05333,0.12319
test_05334,0.00126
test_05335,0.04052
test_05336,0.90838
test_05337,0.99995
test_05338,0.99578
test_05339,0.00209
test_05340,0.96630
test_05341,0.45011
test_05342,0.00141
test_05343,0.79611
test_05344,0.00000
test_05345,0.27353
test_05346,0.96119
test_05347,0.01244
test_05348,0.90427
test_05349,0.93607
test_05350,0.21282
test_05351,0.99816
test_05352,0.00065
test_05353,0.00152
test_05354,0.02037
test_05355,0.00923
test_05356,0.30582
test_05357,0.93055
test_05358,0.00280
test_05359,0.00000
test_05360,0.00001
test_05361,0.93178
test_05362,0.98697
test_05363,0.00181
test_05364,0.99996
test_05365,0.55136
test_05366,0.01262
test_05367,0.00023
test_05368,0.03126
test_05369,0.00694
test_05370,0.99924
test_05371,0.11413
test_05372,0.60094
test_05373,0.99954
test_05374,0.03709
test_05375,0.00049
test_05376,0.00400
test_05377,0.99602
test_05378,0.99924
test_05379,0.99754
test_05380,0.00381
test_05381,0.97819
test_05382,0.48449
test_05383,0.99316
test_05384,0.67294
test_05385,0.97792
test_05386,0.92316
test_05387,0.99977
test_05388,0.99971
test_05389,0.00066
test_05390,0.99802
test_05391,0.99735
test_05392,0.18142
test_05393,0.05903
test_05394,0.99913
test_05395,0.78941
test_05396,0.84552
test_05397,0.00851
test_05398,0.98713
test_05399,0.95499
test_05400,0.52594
test_05401,0.63383
test_05402,0.96250
test_05403,0.99337
test_05404,0.93952
test_05405,0.00500
test_05406,0.99807
test_05407,0.45700
test_05408,0.99368
test_05409,0.00177
test_05410,0.99740
test_05411,0.99985
test_05412,0.99755
test_05413,0.00268
test_05414,0.00089
test_05415,0.23012
test_05416,0.47573
test_05417,0.03383
test_05418,0.99909
test_05419,0.98874
test_05420,0.01525
test_05421,0.97693
test_05422,0.51221
test_05423,0.15113
test_05424,0.00035
test_05425,0.25275
test_05426,0.00159
test_05427,0.00007
test_05428,0.99997
test_05429,0.99928
test_05430,0.99611
test_05431,0.12162
test_05432,0.99954
test_05433,0.99961
test_05434,0.99939
test_05435,0.67203
test_05436,0.01994
test_05437,0.89197
test_05438,0.04256
test_05439,0.00074
test_05440,0.00002
test_05441,0.99970
test_05442,0.99600
test_05443,0.00080
test_05444,0.85093
test_05445,0.52892
test_05446,0.00807
test_05447,0.95903
test_05448,0.99798
test_05449,0.00375
test_05450,0.99850
test_05451,0.09111
test_05452,0.99997
test_05453,0.99984
test_05454,0.03934
test_05455,0.00407
test_05456,0.00098
test_05457,0.00205
test_05458,0.00093
test_05459,0.00260
test_05460,0.99984
test_05461,0.09523
test_05462,0.97889
test_05463,0.99963
test_05464,0.99955
test_05465,0.06395
test_05466,0.99879
test_05467,0.15773
test_05468,0.80933
test_05469,0.51699
test_05470,0.00562
test_05471,0.02308
test_05472,0.98667
test_05473,0.66170
test_05474,0.00558
test_05475,0.00041
test_05476,0.00244
test_05477,0.18983
test_05478,0.88578
test_05479,0.98290
test_05480,0.00632
test_05481,0.97925
test_05482,0.00645
test_05483,0.98259
test_05484,0.01455
test_05485,0.00145
test_05486,0.77833
test_05487,0.36458
test_05488,0.99696
test_05489,0.04335
test_05490,0.00008
test_05491,0.26039
test_05492,0.00048
test_05493,0.01692
test_05494,0.75286
test_05495,0.99987
test_05496,0.99943
test_05497,0.00097
test_05498,0.00432
test_05499,0.07228
test_05500,0.99681
test_05501,0.99099
test_05502,0.00008
test_05503,0.00542
test_05504,0.99942
test_05505,0.89234
test_05506,0.00234
test_05507,0.00179
test_05508,0.99986
test_05509,0.00036
test_05510,0.94649
test_05511,0.99365
test_05512,0.05947
test_05513,0.01235
test_05514,0.00145
test_05515,0.00035
test_05516,0.00772
test_05517,0.02177
test_05518,0.70433
test_05519,0.62323
test_05520,0.44910
test_05521,0.99691
test_05522,0.00010
test_05523,0.99726
test_05524,0.97796
test_05525,0.00336
test_05526,0.00240
test_05527,0.05248
test_05528,0.00119
test_05529,0.99763
test_05530,0.00304
test_05531,0.00880
test_05532,0.99847
test_05533,0.91025
test_05534,0.99665
test_05535,0.99658
test_05536,0.67960
test_05537,0.99989
test_05538,0.95768
test_05539,0.99907
test_05540,0.89629
test_05541,0.30305
test_05542,0.00712
test_05543,0.00060
test_05544,0.99990
test_05545,0.00293
test_05546,0.00613
test_05547,0.00000
test_05548,0.99843
test_05549,0.84351
test_05550,0.02295
test_05551,0.95341
test_05552,0.05353
test_05553,0.99809
test_05554,0.98214
test_05555,0.99774
test_05556,0.99980
test_05557,0.87143
test_05558,0.12213
test_05559,0.00021
test_05560,0.99969
test_05561,0.03258
test_05562,0.99984
test_05563,0.83196
test_05564,0.99678
test_05565,0.99120
test_05566,0.19144
test_05567,0.99979
test_05568,0.99470
test_05569,0.36510
test_05570,0.00509
test_05571,0.99999
test_05572,1.00000
test_05573,0.99953
test_05574,0.16153
test_05575,0.92398
test_05576,0.06247
test_05577,0.99187
test_05578,0.99477
test_05579,0.01516
test_05580,0.39069
test_05581,0.01662
test_05582,0.99989
test_05583,0.01079
test_05584,0.99856
test_05585,0.00052
test_05586,0.44133
test_05587,0.00328
test_05588,0.99814
test_05589,0.00000
test_05590,0.96815
test_05591,0.03356
test_05592,0.00053
test_05593,0.99963
test_05594,0.97629
test_05595,0.99933
test_05596,0.85539
test_05597,0.00539
test_05598,0.92899
test_05599,0.26285
test_05600,0.99935
test_05601,0.99957
test_05602,0.23910
test_05603,0.49601
test_05604,0.99959
test_05605,0.98750
test_05606,0.00012
test_05607,0.24893
test_05608,0.00012
test_05609,0.00124
test_05610,0.99999
test_05611,0.02894
test_05612,0.13863
test_05613,0.50030
test_05614,0.30670
test_05615,0.98655
test_05616,0.03062
test_05617,0.09542
test_05618,0.00004
test_05619,0.00992
test_05620,0.03490
test_05621,0.11402
test_05622,0.99128
test_05623,0.00021
test_05624,0.78807
test_05625,0.00011
test_05626,0.75888
test_05627,0.00011
test_05628,0.15769
test_05629,0.34689
test_05630,0.00035
test_05631,0.00040
test_05632,0.99971
test_05633,0.99954
test_05634,0.99940
test_05635,0.00518
test_05636,0.95992
test_05637,0.93953
test_05638,0.66476
test_05639,0.95259
test_05640,0.99550
test_05641,0.00544
test_05642,0.99663
test_05643,0.76645
test_05644,0.67968
test_05645,0.93946
test_05646,0.58662
test_05647,0.01240
test_05648,0.00078
test_05649,0.00466
test_05650,0.99733
test_05651,0.09187
test_05652,0.99029
test_05653,0.02353
test_05654,0.72684
test_05655,0.99995
test_05656,0.93193
test_05657,0.00187
test_05658,0.00041
test_05659,0.99942
test_05660,0.99981
test_05661,0.03728
test_05662,0.99235
test_05663,0.99982
test_05664,0.95282
test_05665,0.00414
test_05666,0.00347
test_05667,0.00030
test_05668,0.00423
test_05669,0.99982
test_05670,0.00645
test_05671,0.77114
test_05672,0.79086
test_05673,0.00042
test_05674,0.00670
test_05675,0.03204
test_05676,0.00017
test_05677,0.20129
test_05678,0.00021
test_05679,0.99874
test_05680,0.00009
test_05681,0.00943
test_05682,0.95396
test_05683,0.01161
test_05684,0.18024
test_05685,0.47188
test_05686,0.94853
test_05687,0.01461
test_05688,0.23666
test_05689,0.99981
test_05690,0.00214
test_05691,0.99976
test_05692,0.48322
test_05693,0.97900
test_05694,0.91830
test_05695,0.00035
test_05696,0.99870
test_05697,0.75536
test_05698,0.00186
test_05699,0.98693
test_05700,0.99998
test_05701,0.99916
test_05702,0.06236
test_05703,0.99999
test_05704,0.99441
test_05705,0.00461
test_05706,0.00078
test_05707,0.98835
test_05708,0.00837
test_05709,0.81101
test_05710,0.93089
test_05711,0.00028
test_05712,0.98276
test_05713,0.49770
test_05714,0.99979
test_05715,0.07351
test_05716,0.99943
test_05717,0.90849
test_05718,0.99907
test_05719,0.00005
test_05720,0.00382
test_05721,0.99962
test_05722,0.93306
test_05723,0.04732
test_05724,0.99802
test_05725,0.01407
test_05726,0.00034
test_05727,0.98353
test_05728,0.99909
test_05729,0.00532
test_05730,0.99954
test_05731,0.99906
test_05732,0.00191
test_05733,0.99984
test_05734,0.43582
test_05735,0.01028
test_05736,0.38083
test_05737,0.00441
test_05738,0.34060
test_05739,0.00915
test_05740,0.52553
test_05741,0.01452
test_05742,0.01879
test_05743,0.08772
test_05744,0.06361
test_05745,0.93528
test_05746,0.02175
test_05747,0.60000
test_05748,0.17994
test_05749,0.99848
test_05750,0.30854
test_05751,0.00067
test_05752,0.14242
test_05753,0.00141
test_05754,0.99998
test_05755,0.89307
test_05756,0.79705
test_05757,0.57530
test_05758,0.01409
test_05759,0.01593
test_05760,0.79531
test_05761,0.14478
test_05762,0.00975
test_05763,0.99949
test_05764,0.99269
test_05765,0.99998
test_05766,0.00417
test_05767,0.00632
test_05768,0.00279
test_05769,0.42192
test_05770,0.99946
test_05771,0.05303
test_05772,0.27328
test_05773,0.99891
test_05774,0.66519
test_05775,0.20348
test_05776,0.00065
test_05777,0.88736
test_05778,0.98806
test_05779,0.78797
test_05780,0.68682
test_05781,0.91195
test_05782,0.98907
test_05783,0.99896
test_05784,0.98908
test_05785,0.91539
test_05786,0.73589
test_05787,0.70090
test_05788,0.96281
test_05789,0.95771
test_05790,0.84434
test_05791,0.00038
test_05792,0.21984
test_05793,0.99047
test_05794,0.96738
test_05795,0.97283
test_05796,0.99290
test_05797,0.99960
test_05798,0.98543
test_05799,0.99782
test_05800,0.98617
test_05801,0.33810
test_05802,0.00194
test_05803,0.99177
test_05804,0.99979
test_05805,0.99622
test_05806,0.00077
test_05807,0.00187
test_05808,0.59901
test_05809,0.91558
test_05810,0.99953
test_05811,0.00914
test_05812,0.99952
test_05813,0.99722
test_05814,0.99713
test_05815,0.86315
test_05816,0.00540
test_05817,0.92148
test_05818,0.99861
test_05819,0.99758
test_05820,0.00028
test_05821,0.46132
test_05822,0.04614
test_05823,0.55013
test_05824,0.00012
test_05825,0.00098
test_05826,0.74297
test_05827,0.00381
test_05828,0.14980
test_05829,0.00229
test_05830,0.01791
test_05831,0.00292
test_05832,0.94339
test_05833,0.34142
test_05834,0.00878
test_05835,0.99999
test_05836,0.99435
test_05837,0.00601
test_05838,0.00681
test_05839,0.99578
test_05840,0.99773
test_05841,0.04891
test_05842,0.00000
test_05843,0.67113
test_05844,0.02944
test_05845,0.00075
test_05846,0.49246
test_05847,0.99939
test_05848,0.01786
test_05849,0.00292
test_05850,0.11868
test_05851,0.26054
test_05852,0.99844
test_05853,0.97502
test_05854,0.35145
test_05855,0.99935
test_05856,0.99991
test_05857,0.92539
test_05858,0.05554
test_05859,0.40314
test_05860,0.00052
test_05861,0.00035
test_05862,0.21213
test_05863,0.00178
test_05864,0.12333
test_05865,0.00002
test_05866,0.60225
test_05867,0.99947
test_05868,0.94985
test_05869,0.99947
test_05870,0.02791
test_05871,0.99811
test_05872,0.99945
test_05873,0.00716
test_05874,0.00512
test_05875,0.00019
test_05876,0.00711
test_05877,0.99669
test_05878,0.99937
test_05879,0.99292
test_05880,0.98939
test_05881,0.99966
test_05882,0.99980
test_05883,0.99930
test_05884,0.99967
test_05885,0.03261
test_05886,0.27776
test_05887,0.00688
test_05888,0.00003
test_05889,0.01654
test_05890,0.00005
test_05891,0.00306
test_05892,0.99680
test_05893,0.00851
test_05894,0.83970
test_05895,0.00410
test_05896,0.98935
test_05897,0.13376
test_05898,0.00032
test_05899,0.99993
test_05900,0.99241
test_05901,0.98003
test_05902,0.99991
test_05903,0.92838
test_05904,0.01901
test_05905,0.38392
test_05906,0.67043
test_05907,0.81621
test_05908,0.00150
test_05909,0.11767
test_05910,0.99488
test_05911,0.00295
test_05912,0.07463
test_05913,0.00673
test_05914,0.00807
test_05915,0.00290
test_05916,0.00179
test_05917,0.15048
test_05918,0.78262
test_05919,0.98600
test_05920,0.02050
test_05921,0.99760
test_05922,0.99978
test_05923,0.99982
test_05924,0.00961
test_05925,0.00002
test_05926,0.00777
test_05927,0.00500
test_05928,0.99997
test_05929,0.00050
test_05930,0.20148
test_05931,0.99751
test_05932,0.00449
test_05933,0.02488
test_05934,0.00235
test_05935,0.12262
test_05936,0.96244
test_05937,0.03489
test_05938,1.00000
test_05939,0.00010
test_05940,0.80264
test_05941,0.99999
test_05942,0.00080
test_05943,0.99609
test_05944,0.98864
test_05945,0.00006
test_05946,0.11063
test_05947,0.99758
test_05948,0.97503
test_05949,0.91798
test_05950,0.00334
test_05951,0.04367
test_05952,0.00034
test_05953,0.99993
test_05954,0.00052
test_05955,0.93103
test_05956,0.14100
test_05957,0.00464
test_05958,0.00001
test_05959,0.99979
test_05960,0.00191
test_05961,0.99413
test_05962,0.99961
test_05963,0.99981
test_05964,0.61582
test_05965,0.02462
test_05966,0.00066
test_05967,0.69687
test_05968,0.99867
test_05969,0.00026
test_05970,0.96772
test_05971,0.00110
test_05972,0.99191
test_05973,0.00891
test_05974,0.01615
test_05975,0.98470
test_05976,0.23158
test_05977,0.99201
test_05978,0.99366
test_05979,0.05965
test_05980,0.02101
test_05981,0.49304
test_05982,0.99871
test_05983,0.00013
test_05984,0.00297
test_05985,0.27224
test_05986,0.83128
test_05987,0.99885
test_05988,0.99942
test_05989,0.99996
test_05990,0.99991
test_05991,0.99358
test_05992,0.93703
test_05993,0.99533
test_05994,0.07239
test_05995,0.06419
test_05996,0.42453
test_05997,0.99819
test_05998,0.32069
test_05999,0.01931
test_06000,0.99873
test_06001,0.98556
test_06002,0.98486
test_06003,0.98898
test_06004,0.00014
test_06005,0.99981
test_06006,0.99957
test_06007,0.00793
test_06008,0.01470
test_06009,0.00264
test_06010,0.66272
test_06011,0.74311
test_06012,0.99833
test_06013,0.70439
test_06014,0.01620
test_06015,0.00458
test_06016,0.00508
test_06017,0.00971
test_06018,0.56556
test_06019,0.97526
test_06020,0.60122
test_06021,0.00875
test_06022,0.00056
test_06023,0.00560
test_06024,0.94147
test_06025,0.99917
test_06026,0.12811
test_06027,0.99740
test_06028,0.00308
test_06029,0.00199
test_06030,0.99995
test_06031,0.71537
test_06032,0.00020
test_06033,0.00412
test_06034,0.73271
test_06035,0.00065
test_06036,0.99399
test_06037,0.00214
test_06038,0.98264
test_06039,0.00131
test_06040,0.38601
test_06041,0.08085
test_06042,0.99229
test_06043,0.00459
test_06044,0.99981
test_06045,0.38229
test_06046,0.03002
test_06047,0.03505
test_06048,0.91659
test_06049,0.03449
test_06050,0.25390
test_06051,0.00338
test_06052,0.99188
test_06053,0.01897
test_06054,0.02204
test_06055,0.00049
test_06056,0.99999
test_06057,0.99293
test_06058,0.99933
test_06059,0.99898
test_06060,0.99782
test_06061,0.00001
test_06062,0.70190
test_06063,0.99959
test_06064,0.99257
test_06065,0.00228
test_06066,0.08796
test_06067,0.57043
test_06068,0.99877
test_06069,0.96589
test_06070,0.00102
test_06071,0.01986
test_06072,0.99966
test_06073,0.99647
test_06074,0.04652
test_06075,0.00081
test_06076,0.98423
test_06077,0.36229
test_06078,0.05558
test_06079,0.99994
test_06080,0.94612
test_06081,0.95146
test_06082,0.77651
test_06083,0.33024
test_06084,0.00115
test_06085,0.99616
test_06086,0.01837
test_06087,0.66345
test_06088,0.18800
test_06089,0.92251
test_06090,0.99668
test_06091,0.41441
test_06092,0.00070
test_06093,0.23991
test_06094,0.99978
test_06095,0.10340
test_06096,0.99990
test_06097,0.01284
test_06098,0.00150
test_06099,0.00069
test_06100,0.00139
test_06101,0.00260
test_06102,0.99940
test_06103,0.99996
test_06104,0.99988
test_06105,0.99891
test_06106,0.99907
test_06107,0.44046
test_06108,0.33786
test_06109,0.04238
test_06110,0.48223
test_06111,0.00036
test_06112,0.97673
test_06113,0.00128
test_06114,0.01888
test_06115,0.99971
test_06116,0.98700
test_06117,0.00152
test_06118,0.02353
test_06119,0.99999
test_06120,0.65987
test_06121,0.88086
test_06122,0.32754
test_06123,0.13661
test_06124,0.82191
test_06125,0.99998
test_06126,0.10813
test_06127,0.05094
test_06128,0.97675
test_06129,0.52647
test_06130,0.83568
test_06131,0.51749
test_06132,1.00000
test_06133,0.21031
test_06134,0.00039
test_06135,0.00006
test_06136,1.00000
test_06137,0.99965
test_06138,0.92909
test_06139,0.99992
test_06140,0.68705
test_06141,0.98599
test_06142,0.92534
test_06143,0.13263
test_06144,0.96257
test_06145,0.01660
test_06146,0.00019
test_06147,0.52040
test_06148,0.00001
test_06149,0.00032
test_06150,0.07752
test_06151,0.67271
test_06152,0.00040
test_06153,0.99960
test_06154,0.00416
test_06155,0.97693
test_06156,0.00029
test_06157,0.00573
test_06158,0.01785
test_06159,0.34301
test_06160,0.86486
test_06161,0.07491
test_06162,0.51263
test_06163,0.98883
test_06164,0.83605
test_06165,0.00473
test_06166,0.03050
test_06167,0.42038
test_06168,0.32821
test_06169,0.99893
test_06170,0.57371
test_06171,0.00001
test_06172,0.99919
test_06173,0.97439
test_06174,0.00771
test_06175,0.00015
test_06176,0.78734
test_06177,0.99774
test_06178,0.99052
test_06179,0.85614
test_06180,0.99368
test_06181,0.00651
test_06182,0.32248
test_06183,0.99994
test_06184,0.16099
test_06185,0.08654
test_06186,0.99916
test_06187,0.03483
test_06188,0.71313
test_06189,0.00758
test_06190,0.95047
test_06191,0.01631
test_06192,0.00093
test_06193,0.88738
test_06194,0.96744
test_06195,0.04903
test_06196,0.00029
test_06197,0.99909
test_06198,0.06398
test_06199,0.94450
test_06200,0.99919
test_06201,1.00000
test_06202,0.03515
test_06203,0.01796
test_06204,0.12571
test_06205,0.73987
test_06206,0.00224
test_06207,0.72313
test_06208,0.00290
test_06209,0.00028
test_06210,0.99990
test_06211,0.92478
test_06212,0.99819
test_06213,0.01008
test_06214,0.00246
test_06215,0.97695
test_06216,0.98799
test_06217,0.99967
test_06218,0.99283
test_06219,0.07314
test_06220,0.00030
test_06221,0.00033
test_06222,0.00003
test_06223,0.00132
test_06224,0.92864
test_06225,0.97974
test_06226,0.99685
test_06227,0.00029
test_06228,0.99627
test_06229,0.00007
test_06230,0.40249
test_06231,0.00199
test_06232,0.00601
test_06233,0.00131
test_06234,0.98631
test_06235,0.00014
test_06236,0.03815
test_06237,0.69393
test_06238,0.02417
test_06239,0.99939
test_06240,0.53526
test_06241,0.94917
test_06242,0.29559
test_06243,0.99792
test_06244,0.44199
test_06245,0.92948
test_06246,0.99897
test_06247,0.99671
test_06248,1.00000
test_06249,0.97154
test_06250,0.99942
test_06251,0.00295
test_06252,0.95401
test_06253,0.05377
test_06254,0.99927
test_06255,0.00146
test_06256,0.98488
test_06257,0.99908
test_06258,0.99995
test_06259,0.83917
test_06260,0.99946
test_06261,0.01648
test_06262,0.90882
test_06263,0.83391
test_06264,0.99679
test_06265,0.70169
test_06266,0.75233
test_06267,0.89457
test_06268,0.99966
test_06269,0.91762
test_06270,0.85289
test_06271,0.99899
test_06272,0.99995
test_06273,0.62308
test_06274,0.99774
test_06275,0.99684
test_06276,0.57124
test_06277,0.99287
test_06278,0.01463
test_06279,0.00507
test_06280,0.05076
test_06281,0.99144
test_06282,0.99547
test_06283,0.00833
test_06284,0.87727
test_06285,0.03240
test_06286,0.95876
test_06287,0.00122
test_06288,0.97229
test_06289,0.49017
test_06290,0.00275
test_06291,0.12936
test_06292,0.00010
test_06293,0.00157
test_06294,0.06643
test_06295,0.00160
test_06296,0.00183
test_06297,0.81252
test_06298,1.00000
test_06299,0.98457
test_06300,0.99957
test_06301,0.11449
test_06302,0.94180
test_06303,0.00193
test_06304,0.99863
test_06305,0.03074
test_06306,0.00586
test_06307,0.50479
test_06308,0.77986
test_06309,0.99145
test_06310,0.00060
test_06311,0.08147
test_06312,0.17266
test_06313,0.42019
test_06314,0.00023
test_06315,0.00309
test_06316,0.08284
test_06317,0.99118
test_06318,0.99876
test_06319,0.38572
test_06320,0.99948
test_06321,0.99347
test_06322,0.98944
test_06323,0.18271
test_06324,0.00015
test_06325,0.99636
test_06326,0.98260
test_06327,0.00010
test_06328,0.98910
test_06329,0.36464
test_06330,0.00004
test_06331,0.00467
test_06332,0.05878
test_06333,0.99979
test_06334,0.00038
test_06335,0.45207
test_06336,0.19299
test_06337,0.02999
test_06338,0.99824
test_06339,0.99996
test_06340,0.99950
test_06341,0.00086
test_06342,0.99383
test_06343,0.14414
test_06344,0.00283
test_06345,0.53973
test_06346,0.99283
test_06347,0.02127
test_06348,0.99880
test_06349,0.10473
test_06350,0.00021
test_06351,0.99304
test_06352,0.95682
test_06353,0.00143
test_06354,0.07528
test_06355,0.75938
test_06356,0.99952
test_06357,0.00237
test_06358,0.98298
test_06359,0.99988
test_06360,0.99863
test_06361,0.45734
test_06362,0.00455
test_06363,0.90224
test_06364,0.32694
test_06365,0.00871
test_06366,0.99840
test_06367,0.98156
test_06368,0.97369
test_06369,0.99865
test_06370,0.99849
test_06371,0.03920
test_06372,0.47984
test_06373,0.99999
test_06374,0.81454
test_06375,0.01954
test_06376,0.32710
test_06377,0.57431
test_06378,0.95836
test_06379,0.00005
test_06380,0.05972
test_06381,0.00007
test_06382,0.99933
test_06383,0.67374
test_06384,0.99025
test_06385,0.98430
test_06386,0.99989
test_06387,0.99846
test_06388,0.99607
test_06389,0.12137
test_06390,0.84159
test_06391,0.00108
test_06392,0.03204
test_06393,0.02095
test_06394,0.99465
test_06395,0.72467
test_06396,0.23908
test_06397,0.00073
test_06398,0.99096
test_06399,0.02600
test_06400,0.00093
test_06401,0.71123
test_06402,0.90268
test_06403,0.01908
test_06404,0.74910
test_06405,0.00004
test_06406,0.00004
test_06407,0.00356
test_06408,0.00014
test_06409,0.99906
test_06410,0.99500
test_06411,0.34030
test_06412,0.69392
test_06413,0.00984
test_06414,0.66914
test_06415,0.00709
test_06416,0.99125
test_06417,0.44529
test_06418,0.13537
test_06419,0.99729
test_06420,0.00265
test_06421,0.88420
test_06422,0.99983
test_06423,0.98804
test_06424,0.83480
test_06425,0.08749
test_06426,0.01228
test_06427,0.89078
test_06428,0.96103
test_06429,0.00001
test_06430,0.27565
test_06431,0.98665
test_06432,0.00034
test_06433,0.86487
test_06434,0.99735
test_06435,0.68037
test_06436,0.08208
test_06437,0.25436
test_06438,0.00059
test_06439,0.99811
test_06440,0.01608
test_06441,0.28221
test_06442,0.03356
test_06443,0.11487
test_06444,0.05550
test_06445,0.00073
test_06446,0.74984
test_06447,0.94174
test_06448,0.99686
test_06449,0.00033
test_06450,0.96345
test_06451,0.99494
test_06452,0.99346
test_06453,0.01754
test_06454,0.94900
test_06455,0.99971
test_06456,0.01372
test_06457,0.94869
test_06458,0.07325
test_06459,0.98741
test_06460,0.00113
test_06461,0.00160
test_06462,0.99996
test_06463,0.99980
test_06464,0.00029
test_06465,0.00628
test_06466,0.06177
test_06467,0.32279
test_06468,0.00019
test_06469,0.99740
test_06470,0.99764
test_06471,0.00261
test_06472,0.00551
test_06473,0.99989
test_06474,0.00153
test_06475,0.97939
test_06476,0.00001
test_06477,0.01185
test_06478,0.97599
test_06479,0.99997
test_06480,0.97336
test_06481,0.00240
test_06482,0.81120
test_06483,0.01617
test_06484,0.00034
test_06485,0.99535
test_06486,0.96997
test_06487,0.00630
test_06488,0.99856
test_06489,0.00001
test_06490,0.99999
test_06491,0.00555
test_06492,0.99927
test_06493,0.00006
test_06494,0.98689
test_06495,0.00000
test_06496,0.00889
test_06497,0.99749
test_06498,0.99707
test_06499,0.00121
test_06500,0.33130
test_06501,0.00032
test_06502,0.97018
test_06503,0.03225
test_06504,0.00048
test_06505,0.00056
test_06506,0.91342
test_06507,0.99999
test_06508,0.99942
test_06509,0.30678
test_06510,0.90631
test_06511,0.96470
test_06512,0.33654
test_06513,0.54758
test_06514,0.01191
test_06515,0.99967
test_06516,0.99948
test_06517,0.66181
test_06518,0.43035
test_06519,0.00127
test_06520,0.08454
test_06521,0.99483
test_06522,0.99732
test_06523,0.99998
test_06524,0.00030
test_06525,0.02408
test_06526,0.98940
test_06527,0.00032
test_06528,0.99416
test_06529,0.01007
test_06530,0.03711
test_06531,0.94149
test_06532,0.72711
test_06533,0.99985
test_06534,0.99694
test_06535,0.99177
test_06536,0.83231
test_06537,0.07233
test_06538,0.99322
test_06539,0.17815
test_06540,0.00084
test_06541,0.91102
test_06542,0.00323
test_06543,0.00294
test_06544,0.94768
test_06545,0.98625
test_06546,0.58451
test_06547,0.98267
test_06548,0.98746
test_06549,0.00078
test_06550,0.99991
test_06551,0.02414
test_06552,0.77088
test_06553,0.99900
test_06554,0.78475
test_06555,0.03632
test_06556,0.99938
test_06557,0.09111
test_06558,0.90567
test_06559,0.01844
test_06560,0.12837
test_06561,0.02707
test_06562,0.00013
test_06563,0.00273
test_06564,0.91824
test_06565,0.99565
test_06566,0.95069
test_06567,0.26825
test_06568,0.00516
test_06569,0.01569
test_06570,0.01105
test_06571,0.00080
test_06572,0.01132
test_06573,0.00721
test_06574,0.08744
test_06575,0.28155
test_06576,0.01203
test_06577,0.00007
test_06578,0.99705
test_06579,0.04415
test_06580,0.90996
test_06581,0.02937
test_06582,0.99842
test_06583,0.91285
test_06584,0.87134
test_06585,0.37899
test_06586,0.09880
test_06587,0.99955
test_06588,0.73864
test_06589,0.98808
test_06590,0.00160
test_06591,0.00045
test_06592,0.97675
test_06593,0.94259
test_06594,0.95162
test_06595,0.37842
test_06596,0.92862
test_06597,0.19671
test_06598,0.00037
test_06599,0.00044
test_06600,0.00030
test_06601,0.00154
test_06602,0.46885
test_06603,0.01315
test_06604,0.71245
test_06605,0.00025
test_06606,0.86714
test_06607,0.00390
test_06608,0.99604
test_06609,0.95025
test_06610,0.00003
test_06611,0.83338
test_06612,0.00132
test_06613,0.00000
test_06614,0.00727
test_06615,0.36310
test_06616,0.84958
test_06617,0.99746
test_06618,0.00626
test_06619,0.02692
test_06620,0.47914
test_06621,0.00000
test_06622,0.00870
test_06623,0.00506
test_06624,0.99987
test_06625,0.90300
test_06626,0.00179
test_06627,0.00054
test_06628,0.92343
test_06629,0.00019
test_06630,0.00311
test_06631,0.09082
test_06632,0.01249
test_06633,0.00869
test_06634,0.42086
test_06635,0.16406
test_06636,0.03363
test_06637,0.01531
test_06638,0.15495
test_06639,0.85006
test_06640,0.99905
test_06641,0.00371
test_06642,0.96453
test_06643,0.99749
test_06644,0.99964
test_06645,0.99999
test_06646,0.98862
test_06647,0.99696
test_06648,0.05979
test_06649,0.08169
test_06650,0.00081
test_06651,0.99337
test_06652,0.00043
test_06653,0.99995
test_06654,0.53665
test_06655,0.00039
test_06656,0.98780
test_06657,0.99930
test_06658,0.00535
test_06659,0.96503
test_06660,0.75013
test_06661,0.09695
test_06662,0.02419
test_06663,0.00157
test_06664,0.00222
test_06665,0.00731
test_06666,0.04340
test_06667,0.99984
test_06668,0.41990
test_06669,0.07763
test_06670,0.07048
test_06671,0.99951
test_06672,0.05792
test_06673,0.00168
test_06674,0.98986
test_06675,0.05801
test_06676,0.60918
test_06677,0.99872
test_06678,0.99963
test_06679,0.03587
test_06680,0.00062
test_06681,0.99953
test_06682,0.00023
test_06683,0.87061
test_06684,0.00228
test_06685,0.97188
test_06686,0.99704
test_06687,0.25790
test_06688,0.11305
test_06689,0.73205
test_06690,0.86840
test_06691,0.00013
test_06692,0.96096
test_06693,0.59120
test_06694,0.99512
test_06695,0.34014
test_06696,0.94255
test_06697,1.00000
test_06698,0.00017
test_06699,0.96756
test_06700,0.99997
test_06701,0.99698
test_06702,0.99561
test_06703,0.00943
test_06704,0.99999
test_06705,0.99884
test_06706,0.73295
test_06707,0.04276
test_06708,0.73162
test_06709,0.54200
test_06710,0.98084
test_06711,0.99999
test_06712,0.02796
test_06713,0.99894
test_06714,0.72705
test_06715,0.00008
test_06716,0.99774
test_06717,0.96090
test_06718,0.65243
test_06719,0.99185
test_06720,0.99926
test_06721,0.00134
test_06722,0.99734
test_06723,0.99979
test_06724,0.00755
test_06725,0.18512
test_06726,0.93272
test_06727,0.02320
test_06728,0.10003
test_06729,0.00182
test_06730,0.02010
test_06731,0.84636
test_06732,0.00482
test_06733,0.98329
test_06734,0.01010
test_06735,0.99003
test_06736,0.99955
test_06737,0.99998
test_06738,0.99517
test_06739,0.99459
test_06740,0.98493
test_06741,0.99105
test_06742,0.99931
test_06743,0.99808
test_06744,0.00782
test_06745,0.00002
test_06746,0.89827
test_06747,0.99922
test_06748,0.06378
test_06749,0.99266
test_06750,0.99370
test_06751,0.31284
test_06752,0.00376
test_06753,0.00085
test_06754,0.00060
test_06755,0.97243
test_06756,0.00575
test_06757,0.99946
test_06758,0.00025
test_06759,0.01348
test_06760,0.00446
test_06761,0.97403
test_06762,0.99631
test_06763,0.99846
test_06764,0.91957
test_06765,0.99775
test_06766,0.00053
test_06767,0.00035
test_06768,0.99991
test_06769,0.00210
test_06770,0.27495
test_06771,0.99537
test_06772,0.00166
test_06773,0.99948
test_06774,0.04023
test_06775,0.00551
test_06776,0.99997
test_06777,0.99460
test_06778,0.00043
test_06779,0.87521
test_06780,0.99798
test_06781,0.99838
test_06782,0.75973
test_06783,0.22394
test_06784,0.01666
test_06785,0.99602
test_06786,0.99341
test_06787,0.00027
test_06788,0.00029
test_06789,0.55623
test_06790,0.89825
test_06791,0.81667
test_06792,0.99372
test_06793,0.01175
test_06794,0.99184
test_06795,0.00101
test_06796,0.99522
test_06797,0.80268
test_06798,0.99989
test_06799,0.00101
test_06800,0.00243
test_06801,0.12720
test_06802,0.02074
test_06803,0.02709
test_06804,0.92896
test_06805,0.07340
test_06806,0.99386
test_06807,0.99977
test_06808,0.99892
test_06809,0.98833
test_06810,0.73677
test_06811,0.99974
test_06812,0.01535
test_06813,0.94963
test_06814,0.99731
test_06815,0.98057
test_06816,0.99447
test_06817,0.00112
test_06818,0.96969
test_06819,0.90673
test_06820,0.01986
test_06821,0.99305
test_06822,0.07065
test_06823,0.12546
test_06824,0.98250
test_06825,0.00099
test_06826,0.00250
test_06827,0.03660
test_06828,0.99745
test_06829,0.99868
test_06830,0.00040
test_06831,0.13643
test_06832,0.00010
test_06833,0.04359
test_06834,0.13327
test_06835,0.00052
test_06836,0.15614
test_06837,0.00210
test_06838,0.00145
test_06839,0.10537
test_06840,0.99936
test_06841,0.06132
test_06842,0.99867
test_06843,0.00400
test_06844,0.00006
test_06845,0.00005
test_06846,0.99981
test_06847,0.98960
test_06848,0.05329
test_06849,0.92700
test_06850,0.00109
test_06851,0.00058
test_06852,0.00442
test_06853,0.05774
test_06854,0.81657
test_06855,0.00009
test_06856,0.00010
test_06857,0.37254
test_06858,0.05665
test_06859,0.61187
test_06860,0.97755
test_06861,0.00219
test_06862,0.98403
test_06863,0.75396
test_06864,0.61570
test_06865,0.09197
test_06866,0.01233
test_06867,0.01030
test_06868,0.91765
test_06869,0.00478
test_06870,0.99931
test_06871,0.98616
test_06872,0.32898
test_06873,0.02224
test_06874,0.99802
test_06875,0.15561
test_06876,0.00064
test_06877,0.99612
test_06878,0.04699
test_06879,0.82979
test_06880,0.00291
test_06881,0.85064
test_06882,0.03456
test_06883,0.54602
test_06884,0.00001
test_06885,0.62770
test_06886,0.02274
test_06887,0.97694
test_06888,0.94442
test_06889,0.98939
test_06890,0.11715
test_06891,0.00062
test_06892,0.00044
test_06893,0.04462
test_06894,0.00081
test_06895,0.00004
test_06896,0.99998
test_06897,0.60948
test_06898,0.02899
test_06899,0.64882
test_06900,0.00144
test_06901,0.99547
test_06902,0.00464
test_06903,0.99944
test_06904,0.99959
test_06905,0.99963
test_06906,0.65463
test_06907,0.98801
test_06908,0.99998
test_06909,0.00000
test_06910,0.99147
test_06911,0.99973
test_06912,0.00021
test_06913,0.09646
test_06914,0.88816
test_06915,0.16476
test_06916,0.99976
test_06917,0.00030
test_06918,0.82051
test_06919,0.99862
test_06920,0.89807
test_06921,0.99142
test_06922,0.99964
test_06923,0.67949
test_06924,0.10379
test_06925,0.02229
test_06926,0.00730
test_06927,0.00198
test_06928,0.00116
test_06929,0.08242
test_06930,0.00177
test_06931,0.00263
test_06932,0.99881
test_06933,0.99601
test_06934,0.02289
test_06935,0.00127
test_06936,0.99632
test_06937,0.87983
test_06938,0.02721
test_06939,0.00585
test_06940,0.99572
test_06941,0.25631
test_06942,0.00077
test_06943,0.15153
test_06944,0.71079
test_06945,0.00184
test_06946,0.02472
test_06947,0.98983
test_06948,0.99377
test_06949,0.99965
test_06950,0.58276
test_06951,0.00329
test_06952,0.40095
test_06953,0.04436
test_06954,0.47507
test_06955,0.99905
test_06956,0.89022
test_06957,0.72213
test_06958,0.98879
test_06959,0.01253
test_06960,0.00037
test_06961,0.44351
test_06962,0.00176
test_06963,0.14197
test_06964,0.99975
test_06965,0.04744
test_06966,0.00158
test_06967,0.00639
test_06968,0.00074
test_06969,0.00017
test_06970,0.99981
test_06971,0.56427
test_06972,0.00037
test_06973,0.93767
test_06974,0.01805
test_06975,0.99187
test_06976,0.99792
test_06977,0.73356
test_06978,0.00003
test_06979,0.70012
test_06980,0.99672
test_06981,0.99945
test_06982,0.99411
test_06983,0.02303
test_06984,0.00302
test_06985,0.00075
test_06986,0.92305
test_06987,0.00330
test_06988,0.03495
test_06989,0.09320
test_06990,0.99938
test_06991,0.96244
test_06992,0.78318
test_06993,0.00548
test_06994,0.00047
test_06995,0.00001
test_06996,0.03533
test_06997,0.77339
test_06998,0.00024
test_06999,0.92867
test_07000,0.01848
test_07001,0.95845
test_07002,0.99955
test_07003,0.10400
test_07004,0.67158
test_07005,0.80175
test_07006,0.89808
test_07007,0.02638
test_07008,0.31408
test_07009,0.99952
test_07010,0.72357
test_07011,0.95865
test_07012,0.98415
test_07013,0.31027
test_07014,0.99956
test_07015,0.98256
test_07016,0.99853
test_07017,0.01709
test_07018,0.99628
test_07019,0.78228
test_07020,0.17892
test_07021,0.98923
test_07022,0.06736
test_07023,0.99947
test_07024,0.15241
test_07025,0.99817
test_07026,0.99994
test_07027,0.00001
test_07028,0.82231
test_07029,0.93686
test_07030,0.80950
test_07031,0.00000
test_07032,0.98715
test_07033,0.99943
test_07034,0.00755
test_07035,0.03622
test_07036,0.00119
test_07037,0.00868
test_07038,0.99881
test_07039,0.01171
test_07040,0.05412
test_07041,0.93251
test_07042,0.99963
test_07043,0.01752
test_07044,0.99901
test_07045,0.00059
test_07046,0.99389
test_07047,0.99850
test_07048,0.00018
test_07049,0.03148
test_07050,0.62953
test_07051,0.00063
test_07052,0.93158
test_07053,0.00090
test_07054,0.96332
test_07055,0.99975
test_07056,0.95661
test_07057,0.00634
test_07058,0.75416
test_07059,0.43865
test_07060,0.99995
test_07061,0.97387
test_07062,0.00047
test_07063,0.01644
test_07064,0.00034
test_07065,0.00313
test_07066,0.30067
test_07067,0.99962
test_07068,0.66026
test_07069,0.98360
test_07070,0.00039
test_07071,0.00365
test_07072,0.99985
test_07073,0.55766
test_07074,0.99981
test_07075,0.67233
test_07076,0.99903
test_07077,0.04915
test_07078,0.99987
test_07079,0.99007
test_07080,0.01013
test_07081,0.35213
test_07082,0.99942
test_07083,0.01439
test_07084,0.00788
test_07085,0.05028
test_07086,0.62523
test_07087,0.05930
test_07088,0.98812
test_07089,0.44052
test_07090,0.03119
test_07091,0.00932
test_07092,0.99972
test_07093,0.67854
test_07094,0.99377
test_07095,0.00478
test_07096,0.99600
test_07097,0.00211
test_07098,0.02642
test_07099,0.00517
test_07100,0.03523
test_07101,0.99724
test_07102,0.97135
test_07103,0.99332
test_07104,0.99513
test_07105,0.00000
test_07106,0.18308
test_07107,0.00920
test_07108,0.30955
test_07109,0.81238
test_07110,0.98580
test_07111,0.04585
test_07112,0.98557
test_07113,0.01288
test_07114,0.99774
test_07115,0.89676
test_07116,0.36943
test_07117,0.00704
test_07118,0.00306
test_07119,0.00700
test_07120,0.00192
test_07121,0.00276
test_07122,0.92653
test_07123,0.59164
test_07124,0.99696
test_07125,0.99977
test_07126,0.95900
test_07127,0.98869
test_07128,0.00181
test_07129,0.00009
test_07130,0.96192
test_07131,0.99909
test_07132,0.01705
test_07133,0.00514
test_07134,0.92723
test_07135,0.00003
test_07136,0.99946
test_07137,0.94816
test_07138,0.00255
test_07139,0.00114
test_07140,0.02400
test_07141,0.73185
test_07142,0.00118
test_07143,0.00703
test_07144,0.00691
test_07145,0.11872
test_07146,1.00000
test_07147,0.93607
test_07148,0.99386
test_07149,0.00024
test_07150,0.61328
test_07151,0.32136
test_07152,0.95655
test_07153,0.96365
test_07154,0.98391
test_07155,0.04806
test_07156,0.00117
test_07157,0.82554
test_07158,0.99940
test_07159,0.00405
test_07160,0.01591
test_07161,0.00084
test_07162,0.99350
test_07163,0.99484
test_07164,0.24867
test_07165,0.70482
test_07166,0.99952
test_07167,0.00492
test_07168,0.94511
test_07169,0.00038
test_07170,0.99981
test_07171,0.23486
test_07172,0.99932
test_07173,0.99880
test_07174,0.98387
test_07175,0.99548
test_07176,0.00020
test_07177,0.00099
test_07178,0.90901
test_07179,0.29088
test_07180,0.04004
test_07181,0.46174
test_07182,0.01116
test_07183,0.06935
test_07184,0.00059
test_07185,0.99995
test_07186,0.95147
test_07187,0.00283
test_07188,0.63416
test_07189,0.00033
test_07190,0.67737
test_07191,0.00102
test_07192,0.00013
test_07193,0.00963
test_07194,0.63560
test_07195,0.83489
test_07196,0.98200
test_07197,0.37976
test_07198,0.00028
test_07199,0.00548
test_07200,0.99959
test_07201,0.58874
test_07202,0.00036
test_07203,0.99841
test_07204,0.47915
test_07205,0.00089
test_07206,0.76401
test_07207,0.95201
test_07208,0.00085
test_07209,0.85033
test_07210,0.00985
test_07211,0.09839
test_07212,0.84056
test_07213,0.80811
test_07214,0.99944
test_07215,0.53524
test_07216,0.00414
test_07217,0.00032
test_07218,0.06773
test_07219,0.99955
test_07220,0.01507
test_07221,0.98039
test_07222,0.01372
test_07223,0.07218
test_07224,0.99982
test_07225,0.75274
test_07226,0.14661
test_07227,0.98360
test_07228,0.02203
test_07229,0.00330
test_07230,0.21822
test_07231,0.00055
test_07232,0.15702
test_07233,0.71923
test_07234,0.98325
test_07235,0.99137
test_07236,0.01731
test_07237,0.99936
test_07238,0.00029
test_07239,0.96923
test_07240,0.56695
test_07241,0.00100
test_07242,0.92356
test_07243,0.00076
test_07244,0.99994
test_07245,0.11332
test_07246,0.74659
test_07247,0.99934
test_07248,0.99987
test_07249,0.00840
test_07250,0.00282
test_07251,0.00004
test_07252,0.99268
test_07253,0.00332
test_07254,0.01457
test_07255,0.79018
test_07256,0.00514
test_07257,0.97439
test_07258,0.11779
test_07259,0.58458
test_07260,0.99848
test_07261,0.00122
test_07262,0.00123
test_07263,0.99990
test_07264,0.00036
test_07265,0.98758
test_07266,0.00024
test_07267,0.96015
test_07268,0.95898
test_07269,0.98683
test_07270,0.83456
test_07271,0.99376
test_07272,0.12701
test_07273,0.98757
test_07274,0.98710
test_07275,0.13053
test_07276,0.00991
test_07277,0.99991
test_07278,0.82374
test_07279,0.00532
test_07280,0.00001
test_07281,0.01554
test_07282,0.32928
test_07283,0.00117
test_07284,0.63879
test_07285,0.99818
test_07286,0.77784
test_07287,0.52049
test_07288,0.00473
test_07289,0.11878
test_07290,0.00326
test_07291,0.99257
test_07292,0.08076
test_07293,0.00530
test_07294,0.99832
test_07295,0.20914
test_07296,0.83848
test_07297,0.99978
test_07298,0.01746
test_07299,0.07789
test_07300,0.00913
test_07301,0.99972
test_07302,0.00010
test_07303,0.98659
test_07304,0.00384
test_07305,0.07371
test_07306,0.01241
test_07307,0.00308
test_07308,0.00064
test_07309,0.00017
test_07310,0.03777
test_07311,0.01581
test_07312,0.99573
test_07313,0.07422
test_07314,0.99901
test_07315,0.62869
test_07316,0.87284
test_07317,0.92750
test_07318,0.03527
test_07319,0.78692
test_07320,0.99565
test_07321,0.33509
test_07322,0.93571
test_07323,0.04902
test_07324,0.52975
test_07325,0.55593
test_07326,0.94976
test_07327,0.99882
test_07328,0.99810
test_07329,0.00666
test_07330,0.33695
test_07331,0.00272
test_07332,0.00600
test_07333,0.22304
test_07334,0.89345
test_07335,0.76606
test_07336,0.13485
test_07337,0.53245
test_07338,0.95659
test_07339,0.04808
test_07340,0.99971
test_07341,0.15597
test_07342,0.01318
test_07343,0.98845
test_07344,0.66941
test_07345,0.01990
test_07346,0.01145
test_07347,0.00360
test_07348,0.97977
test_07349,0.01139
test_07350,0.99913
test_07351,0.00008
test_07352,0.31073
test_07353,0.67983
test_07354,0.81103
test_07355,0.99919
test_07356,0.99336
test_07357,0.93986
test_07358,0.96281
test_07359,0.02286
test_07360,0.94686
test_07361,0.88677
test_07362,0.01764
test_07363,0.94543
test_07364,0.05260
test_07365,0.90736
test_07366,0.95409
test_07367,0.83198
test_07368,0.35378
test_07369,0.06048
test_07370,0.99689
test_07371,0.00456
test_07372,0.02457
test_07373,0.99947
test_07374,0.02886
test_07375,0.36305
test_07376,0.21455
test_07377,0.00719
test_07378,0.98020
test_07379,0.02128
test_07380,0.96837
test_07381,0.03839
test_07382,0.99522
test_07383,0.94135
test_07384,0.95247
test_07385,0.17050
test_07386,0.01660
test_07387,0.00009
test_07388,0.89829
test_07389,0.00254
test_07390,0.00435
test_07391,0.99993
test_07392,0.94341
test_07393,0.98947
test_07394,0.56627
test_07395,0.99911
test_07396,0.00024
test_07397,0.99684
test_07398,0.99223
test_07399,0.95664
test_07400,0.98808
test_07401,0.06558
test_07402,0.99999
test_07403,0.00003
test_07404,0.01399
test_07405,0.98777
test_07406,0.00009
test_07407,0.00662
test_07408,0.30714
test_07409,0.84574
test_07410,0.99960
test_07411,0.86428
test_07412,0.00180
test_07413,0.99987
test_07414,0.00022
test_07415,0.42995
test_07416,0.00064
test_07417,0.02052
test_07418,0.99871
test_07419,0.01702
test_07420,0.00007
test_07421,0.17410
test_07422,0.99968
test_07423,0.99977
test_07424,0.01721
test_07425,0.00219
test_07426,0.39656
test_07427,0.06170
test_07428,0.00470
test_07429,0.67269
test_07430,0.00112
test_07431,0.92527
test_07432,0.00006
test_07433,0.19240
test_07434,0.00039
test_07435,0.00000
test_07436,0.00484
test_07437,0.97420
test_07438,0.93531
test_07439,0.17003
test_07440,0.00407
test_07441,0.00361
test_07442,0.00604
test_07443,0.97609
test_07444,0.03161
test_07445,0.27975
test_07446,0.00001
test_07447,0.00000
test_07448,0.37191
test_07449,0.99971
test_07450,0.99749
test_07451,0.99209
test_07452,0.02698
test_07453,0.00031
test_07454,0.96224
test_07455,0.04654
test_07456,0.99877
test_07457,0.99682
test_07458,0.99997
test_07459,0.99862
test_07460,0.01144
test_07461,0.99859
test_07462,0.50173
test_07463,0.00122
test_07464,0.13105
test_07465,0.93263
test_07466,0.15468
test_07467,0.99843
test_07468,0.99333
test_07469,0.02702
test_07470,0.97470
test_07471,0.87643
test_07472,0.48217
test_07473,0.00473
test_07474,0.04152
test_07475,0.83564
test_07476,0.00597
test_07477,0.00096
test_07478,0.99973
test_07479,0.98228
test_07480,0.06046
test_07481,0.21339
test_07482,0.99939
test_07483,0.18673
test_07484,0.12134
test_07485,0.99502
test_07486,0.99961
test_07487,0.09294
test_07488,0.00456
test_07489,0.99942
test_07490,0.71104
test_07491,0.01549
test_07492,0.12095
test_07493,0.50866
test_07494,0.99623
test_07495,0.99985
test_07496,0.00079
test_07497,0.00366
test_07498,0.14590
test_07499,0.00005
test_07500,0.00240
test_07501,0.00168
test_07502,0.99821
test_07503,0.00218
test_07504,0.01640
test_07505,0.99616
test_07506,0.96447
test_07507,0.12335
test_07508,0.00056
test_07509,0.99927
test_07510,0.43209
test_07511,0.99358
test_07512,0.00451
test_07513,0.92677
test_07514,0.98932
test_07515,0.92533
test_07516,0.99998
test_07517,0.99999
test_07518,0.00049
test_07519,0.15176
test_07520,0.04004
test_07521,0.02388
test_07522,0.99206
test_07523,0.00124
test_07524,0.09524
test_07525,0.78275
test_07526,0.00992
test_07527,0.27238
test_07528,0.99833
test_07529,0.00288
test_07530,0.99996
test_07531,0.97759
test_07532,0.99695
test_07533,0.00678
test_07534,0.12636
test_07535,0.42764
test_07536,0.36242
test_07537,0.00023
test_07538,0.24629
test_07539,0.97768
test_07540,0.00261
test_07541,0.08137
test_07542,0.99343
test_07543,0.00316
test_07544,0.99404
test_07545,0.04825
test_07546,0.97950
test_07547,0.99805
test_07548,0.03783
test_07549,0.98833
test_07550,0.97293
test_07551,0.96682
test_07552,0.01333
test_07553,0.96508
test_07554,0.99730
test_07555,0.00001
test_07556,0.00069
test_07557,0.99846
test_07558,0.59537
test_07559,0.96660
test_07560,0.85200
test_07561,0.00031
test_07562,0.59631
test_07563,0.99998
test_07564,0.99873
test_07565,0.08256
test_07566,0.17245
test_07567,0.02385
test_07568,0.00114
test_07569,0.43622
test_07570,0.82566
test_07571,0.01076
test_07572,1.00000
test_07573,1.00000
test_07574,0.99850
test_07575,0.02931
test_07576,0.01720
test_07577,0.25443
test_07578,0.02331
test_07579,0.00156
test_07580,0.99906
test_07581,0.00062
test_07582,0.00243
test_07583,0.99576
test_07584,0.89155
test_07585,0.49479
test_07586,0.99959
test_07587,0.14147
test_07588,0.99235
test_07589,0.94381
test_07590,0.00923
test_07591,0.99749
test_07592,0.00293
test_07593,0.99906
test_07594,0.19284
test_07595,0.00117
test_07596,0.00509
test_07597,0.97778
test_07598,0.38918
test_07599,0.98706
test_07600,0.00006
test_07601,0.00097
test_07602,0.05929
test_07603,0.99977
test_07604,0.00026
test_07605,0.00346
test_07606,0.00167
test_07607,0.01214
test_07608,0.82094
test_07609,0.99846
test_07610,0.00272
test_07611,0.00677
test_07612,0.00118
test_07613,0.47810
test_07614,0.98455
test_07615,0.99862
test_07616,0.45682
test_07617,0.09328
test_07618,0.99588
test_07619,0.00004
test_07620,0.17945
test_07621,0.00005
test_07622,0.00230
test_07623,0.99953
test_07624,0.00013
test_07625,0.00164
test_07626,0.99997
test_07627,0.99974
test_07628,0.99317
test_07629,0.00028
test_07630,0.99999
test_07631,0.05829
test_07632,0.04193
test_07633,0.07671
test_07634,0.99588
test_07635,0.99317
test_07636,0.06679
test_07637,0.94410
test_07638,1.00000
test_07639,0.00977
test_07640,0.00912
test_07641,0.89564
test_07642,0.03760
test_07643,0.99865
test_07644,0.99092
test_07645,0.00237
test_07646,0.62316
test_07647,1.00000
test_07648,0.06830
test_07649,0.14135
test_07650,0.99997
test_07651,0.67966
test_07652,0.99333
test_07653,0.99885
test_07654,0.97526
test_07655,0.33369
test_07656,0.11430
test_07657,0.93425
test_07658,0.00003
test_07659,0.99964
test_07660,0.65141
test_07661,0.99552
test_07662,0.00199
test_07663,0.28192
test_07664,0.00279
test_07665,0.00018
test_07666,0.99991
test_07667,0.01016
test_07668,0.01871
test_07669,0.99986
test_07670,0.00612
test_07671,0.00001
test_07672,0.00735
test_07673,0.00074
test_07674,0.47843
test_07675,0.00206
test_07676,0.14070
test_07677,0.67354
test_07678,0.18058
test_07679,0.00247
test_07680,0.96503
test_07681,0.00010
test_07682,0.00204
test_07683,0.99606
test_07684,0.39265
test_07685,0.04220
test_07686,0.00281
test_07687,0.28252
test_07688,0.44241
test_07689,0.98727
test_07690,0.99995
test_07691,0.00003
test_07692,1.00000
test_07693,0.98261
test_07694,0.01675
test_07695,0.39448
test_07696,0.43868
test_07697,0.99685
test_07698,0.99975
test_07699,0.00241
test_07700,0.81114
test_07701,0.00771
test_07702,0.02964
test_07703,0.87398
test_07704,0.99814
test_07705,0.06146
test_07706,0.95079
test_07707,0.03547
test_07708,0.99997
test_07709,0.13404
test_07710,0.99999
test_07711,0.99965
test_07712,0.00209
test_07713,0.00001
test_07714,0.00001
test_07715,0.99629
test_07716,0.94227
test_07717,0.00390
test_07718,0.00122
test_07719,0.00522
test_07720,0.00726
test_07721,0.03564
test_07722,0.19159
test_07723,0.06106
test_07724,0.99999
test_07725,0.99887
test_07726,0.50179
test_07727,0.04860
test_07728,0.03014
test_07729,0.99804
test_07730,0.02728
test_07731,0.02392
test_07732,0.33554
test_07733,0.99717
test_07734,0.01218
test_07735,0.01679
test_07736,0.00251
test_07737,0.99993
test_07738,0.13208
test_07739,0.88906
test_07740,0.01180
test_07741,0.00382
test_07742,0.36191
test_07743,0.99433
test_07744,0.01062
test_07745,0.67817
test_07746,0.97810
test_07747,0.17520
test_07748,0.00047
test_07749,0.99362
test_07750,0.99937
test_07751,0.07927
test_07752,0.00226
test_07753,0.74749
test_07754,0.44600
test_07755,0.91368
test_07756,0.99885
test_07757,0.00250
test_07758,0.02947
test_07759,0.63290
test_07760,0.64993
test_07761,0.83013
test_07762,0.86653
test_07763,0.99986
test_07764,0.99680
test_07765,0.11168
test_07766,0.99999
test_07767,0.00032
test_07768,0.55286
test_07769,0.00004
test_07770,0.08198
test_07771,0.96649
test_07772,0.99931
test_07773,0.99616
test_07774,0.00279
test_07775,0.00447
test_07776,0.12504
test_07777,0.99969
test_07778,0.95897
test_07779,0.84121
test_07780,0.93004
test_07781,0.00017
test_07782,0.53478
test_07783,0.01312
test_07784,0.77912
test_07785,0.07359
test_07786,0.42397
test_07787,0.99816
test_07788,0.99568
test_07789,0.92953
test_07790,0.00057
test_07791,0.04668
test_07792,0.00645
test_07793,0.00013
test_07794,0.01817
test_07795,0.95803
test_07796,0.00628
test_07797,0.00597
test_07798,0.99055
test_07799,0.99586
test_07800,0.98600
test_07801,0.10916
test_07802,0.76686
test_07803,0.71090
test_07804,0.99762
test_07805,0.03163
test_07806,0.10151
test_07807,0.15546
test_07808,0.00968
test_07809,0.00063
test_07810,0.00756
test_07811,0.99916
test_07812,0.69967
test_07813,0.99992
test_07814,0.04570
test_07815,0.00033
test_07816,0.27244
test_07817,0.99951
test_07818,0.00682
test_07819,0.95779
test_07820,0.00298
test_07821,0.99799
test_07822,0.00443
test_07823,0.00025
test_07824,0.99457
test_07825,0.99988
test_07826,0.07847
test_07827,0.48403
test_07828,0.00717
test_07829,0.83598
test_07830,0.01155
test_07831,0.99998
test_07832,0.99485
test_07833,0.58245
test_07834,0.91538
test_07835,0.85069
test_07836,0.09582
test_07837,0.00060
test_07838,0.99764
test_07839,0.99993
test_07840,0.87546
test_07841,0.00322
test_07842,0.02997
test_07843,0.00127
test_07844,0.98671
test_07845,0.99951
test_07846,0.01130
test_07847,0.89277
test_07848,0.00194
test_07849,0.99841
test_07850,0.99997
test_07851,0.19953
test_07852,0.79114
test_07853,0.00812
test_07854,0.99294
test_07855,0.01999
test_07856,0.00439
test_07857,0.00740
test_07858,0.00363
test_07859,0.99621
test_07860,0.00046
test_07861,0.06392
test_07862,0.00120
test_07863,0.24733
test_07864,0.31654
test_07865,0.99840
test_07866,0.05616
test_07867,0.02724
test_07868,0.99999
test_07869,0.99095
test_07870,0.05315
test_07871,0.99523
test_07872,0.43032
test_07873,0.00622
test_07874,0.01427
test_07875,0.00009
test_07876,0.04361
test_07877,0.19082
test_07878,0.00581
test_07879,0.00012
test_07880,0.96447
test_07881,0.93309
test_07882,0.69441
test_07883,0.78245
test_07884,0.78995
test_07885,0.98482
test_07886,0.00016
test_07887,0.99930
test_07888,0.38891
test_07889,0.99852
test_07890,0.78460
test_07891,0.99640
test_07892,0.42373
test_07893,0.98245
test_07894,0.00248
test_07895,0.31424
test_07896,0.94542
test_07897,0.00074
test_07898,0.99567
test_07899,0.99994
test_07900,0.99904
test_07901,0.89230
test_07902,0.00045
test_07903,0.59110
test_07904,0.00004
test_07905,0.96878
test_07906,0.00094
test_07907,0.93703
test_07908,0.00021
test_07909,0.93012
test_07910,0.97537
test_07911,0.99678
test_07912,0.00042
test_07913,0.00022
test_07914,0.00004
test_07915,0.00397
test_07916,0.95046
test_07917,0.00285
test_07918,0.00000
test_07919,0.00292
test_07920,0.02135
test_07921,0.99642
test_07922,0.57662
test_07923,0.99865
test_07924,0.08737
test_07925,0.00162
test_07926,0.21290
test_07927,0.99842
test_07928,0.02242
test_07929,0.00596
test_07930,0.09099
test_07931,0.02203
test_07932,0.99161
test_07933,0.99795
test_07934,0.05037
test_07935,0.11234
test_07936,0.00007
test_07937,0.86077
test_07938,0.95993
test_07939,0.01156
test_07940,0.00157
test_07941,0.23496
test_07942,0.00142
test_07943,0.98696
test_07944,0.10150
test_07945,0.00021
test_07946,0.01044
test_07947,0.99917
test_07948,0.44675
test_07949,0.99157
test_07950,0.99984
test_07951,0.00097
test_07952,0.00130
test_07953,0.02912
test_07954,0.21491
test_07955,0.00113
test_07956,0.09058
test_07957,0.34152
test_07958,0.02196
test_07959,0.99949
test_07960,0.00211
test_07961,0.99989
test_07962,0.00290
test_07963,0.81964
test_07964,0.01021
test_07965,0.00847
test_07966,0.91207
test_07967,0.99110
test_07968,0.03776
test_07969,0.17240
test_07970,0.00073
test_07971,0.15385
test_07972,0.99365
test_07973,0.00041
test_07974,0.96468
test_07975,0.00101
test_07976,0.45378
test_07977,0.01724
test_07978,0.99264
test_07979,0.00173
test_07980,0.96865
test_07981,0.18051
test_07982,0.00060
test_07983,0.00471
test_07984,0.93664
test_07985,0.99997
test_07986,0.00214
test_07987,0.00044
test_07988,0.00047
test_07989,0.00366
test_07990,0.54561
test_07991,0.99610
test_07992,0.00000
test_07993,0.99999
test_07994,0.53480
test_07995,0.59567
test_07996,0.99455
test_07997,0.99479
test_07998,0.99641
test_07999,0.99952
test_08000,0.04440
test_08001,0.00398
test_08002,0.01593
test_08003,0.71063
test_08004,0.00367
test_08005,0.99708
test_08006,0.47347
test_08007,0.00166
test_08008,0.70846
test_08009,0.01963
test_08010,0.98894
test_08011,0.83361
test_08012,0.93332
test_08013,0.00067
test_08014,0.01829
test_08015,0.00013
test_08016,0.99005
test_08017,0.68076
test_08018,0.99998
test_08019,0.99528
test_08020,0.99925
test_08021,0.18177
test_08022,0.15232
test_08023,0.00001
test_08024,0.00062
test_08025,0.66707
test_08026,0.99999
test_08027,0.58843
test_08028,0.31188
test_08029,0.99340
test_08030,0.11980
test_08031,0.00003
test_08032,0.99608
test_08033,0.11916
test_08034,0.99949
test_08035,0.06958
test_08036,0.95598
test_08037,0.68034
test_08038,0.48795
test_08039,0.99860
test_08040,0.79525
test_08041,0.96041
test_08042,0.99866
test_08043,0.04901
test_08044,0.14163
test_08045,0.02480
test_08046,0.08208
test_08047,0.00787
test_08048,0.47938
test_08049,0.99325
test_08050,0.65695
test_08051,0.00225
test_08052,0.95830
test_08053,0.91332
test_08054,0.01859
test_08055,0.99929
test_08056,0.99996
test_08057,0.00560
test_08058,0.13730
test_08059,0.24918
test_08060,0.99964
test_08061,0.07495
test_08062,0.99956
test_08063,0.86172
test_08064,0.46153
test_08065,0.99923
test_08066,0.00541
test_08067,0.99799
test_08068,0.21616
test_08069,0.94440
test_08070,0.01014
test_08071,0.99453
test_08072,0.04042
test_08073,0.97254
test_08074,0.18554
test_08075,0.98683
test_08076,0.00001
test_08077,0.00266
test_08078,0.62333
test_08079,0.00514
test_08080,0.98943
test_08081,0.00009
test_08082,0.00373
test_08083,0.99964
test_08084,0.00010
test_08085,0.00023
test_08086,0.00982
test_08087,0.94404
test_08088,0.98835
test_08089,0.11962
test_08090,0.03892
test_08091,0.99958
test_08092,0.88599
test_08093,0.57646
test_08094,0.00390
test_08095,0.84762
test_08096,0.00041
test_08097,0.99222
test_08098,0.00211
test_08099,0.27088
test_08100,0.99995
test_08101,0.00153
test_08102,0.00104
test_08103,0.99554
test_08104,0.00010
test_08105,0.99708
test_08106,0.99780
test_08107,0.25819
test_08108,0.01017
test_08109,0.91285
test_08110,0.93022
test_08111,0.00072
test_08112,0.97743
test_08113,0.00387
test_08114,0.00117
test_08115,0.00436
test_08116,0.99137
test_08117,0.00005
test_08118,0.00063
test_08119,0.26626
test_08120,0.00426
test_08121,0.08235
test_08122,0.99978
test_08123,0.01189
test_08124,0.95104
test_08125,1.00000
test_08126,0.61235
test_08127,0.00040
test_08128,0.56756
test_08129,0.05672
test_08130,0.01316
test_08131,0.99444
test_08132,0.00046
test_08133,0.03968
test_08134,0.00798
test_08135,0.06739
test_08136,0.99561
test_08137,0.00063
test_08138,0.00021
test_08139,0.93473
test_08140,0.96329
test_08141,0.99884
test_08142,0.99797
test_08143,0.31616
test_08144,0.99967
test_08145,0.00899
test_08146,0.63533
test_08147,0.49196
test_08148,0.02033
test_08149,0.01195
test_08150,0.97801
test_08151,0.75149
test_08152,0.78131
test_08153,0.84293
test_08154,0.08594
test_08155,0.02898
test_08156,0.00013
test_08157,0.00292
test_08158,0.00030
test_08159,0.99868
test_08160,0.99916
test_08161,0.60295
test_08162,0.65785
test_08163,0.97571
test_08164,0.01534
test_08165,0.28099
test_08166,0.01753
test_08167,0.01183
test_08168,0.99455
test_08169,0.99440
test_08170,0.00001
test_08171,0.98206
test_08172,0.74878
test_08173,0.07068
test_08174,0.01423
test_08175,0.99968
test_08176,0.99914
test_08177,0.99924
test_08178,0.99876
test_08179,0.92841
test_08180,0.00003
test_08181,0.01845
test_08182,0.04526
test_08183,0.98748
test_08184,0.99997
test_08185,0.46906
test_08186,0.54096
test_08187,0.86663
test_08188,0.00139
test_08189,0.02894
test_08190,0.00064
test_08191,0.99809
test_08192,0.98228
test_08193,0.99997
test_08194,0.13631
test_08195,0.00015
test_08196,0.00723
test_08197,1.00000
test_08198,0.99697
test_08199,0.00021
test_08200,0.97945
test_08201,0.00024
test_08202,0.92831
test_08203,0.91774
test_08204,0.95752
test_08205,0.76477
test_08206,0.29830
test_08207,0.99962
test_08208,0.67156
test_08209,0.01605
test_08210,0.10254
test_08211,0.01116
test_08212,0.99084
test_08213,0.88055
test_08214,0.46055
test_08215,0.00912
test_08216,0.00055
test_08217,0.99988
test_08218,0.95803
test_08219,0.48236
test_08220,0.00001
test_08221,0.00164
test_08222,0.94343
test_08223,0.00077
test_08224,0.01353
test_08225,0.00623
test_08226,0.97677
test_08227,0.99377
test_08228,0.97086
test_08229,0.02257
test_08230,0.27012
test_08231,0.01449
test_08232,0.00632
test_08233,0.00006
test_08234,0.00944
test_08235,0.00082
test_08236,0.02697
test_08237,0.96821
test_08238,0.99918
test_08239,0.98940
test_08240,0.34868
test_08241,0.98337
test_08242,0.94173
test_08243,0.00023
test_08244,0.97289
test_08245,0.02200
test_08246,0.81954
test_08247,0.84406
test_08248,0.09646
test_08249,0.89665
test_08250,0.17316
test_08251,0.70476
test_08252,0.99487
test_08253,0.15714
test_08254,0.73546
test_08255,0.00002
test_08256,0.02816
test_08257,0.00082
test_08258,0.93251
test_08259,0.99962
test_08260,0.63277
test_08261,0.99989
test_08262,0.95055
test_08263,0.99921
test_08264,0.98462
test_08265,0.97789
test_08266,0.99345
test_08267,0.00984
test_08268,0.02655
test_08269,0.89597
test_08270,0.00783
test_08271,0.96581
test_08272,0.26203
test_08273,0.78590
test_08274,0.95474
test_08275,0.22996
test_08276,0.98766
test_08277,0.14791
test_08278,0.02488
test_08279,0.54070
test_08280,0.01136
test_08281,0.85193
test_08282,0.99845
test_08283,0.91285
test_08284,0.98838
test_08285,0.99781
test_08286,0.01818
test_08287,0.21525
test_08288,0.00060
test_08289,0.00133
test_08290,0.09993
test_08291,0.09809
test_08292,0.00201
test_08293,0.97034
test_08294,0.08119
test_08295,0.97901
test_08296,0.98989
test_08297,0.99839
test_08298,0.00111
test_08299,0.00013
test_08300,0.97288
test_08301,0.26371
test_08302,0.98938
test_08303,0.99971
test_08304,0.96424
test_08305,0.35385
test_08306,0.00017
test_08307,0.62887
test_08308,0.78791
test_08309,0.00025
test_08310,0.91787
test_08311,0.05106
test_08312,0.99015
test_08313,0.98280
test_08314,0.00383
test_08315,0.96720
test_08316,0.99749
test_08317,0.97990
test_08318,0.00476
test_08319,0.99502
test_08320,0.79143
test_08321,0.70715
test_08322,0.98204
test_08323,0.98369
test_08324,0.27102
test_08325,0.99930
test_08326,0.00478
test_08327,0.00947
test_08328,0.00060
test_08329,0.97052
test_08330,0.95610
test_08331,0.92974
test_08332,0.00488
test_08333,0.02253
test_08334,0.98377
test_08335,0.05798
test_08336,0.52321
test_08337,0.89751
test_08338,0.99955
test_08339,0.00282
test_08340,0.00179
test_08341,0.95598
test_08342,0.00067
test_08343,0.91413
test_08344,0.87117
test_08345,0.99986
test_08346,0.28104
test_08347,0.00012
test_08348,0.99985
test_08349,0.00183
test_08350,0.98922
test_08351,0.99911
test_08352,0.04685
test_08353,0.99447
test_08354,0.00010
test_08355,0.87379
test_08356,0.73782
test_08357,0.00392
test_08358,0.98244
test_08359,0.92379
test_08360,0.97904
test_08361,0.89039
test_08362,0.00051
test_08363,0.99855
test_08364,0.51961
test_08365,0.01624
test_08366,0.17571
test_08367,0.98492
test_08368,0.99391
test_08369,0.00019
test_08370,0.99998
test_08371,0.00011
test_08372,0.01599
test_08373,0.97311
test_08374,0.99988
test_08375,0.00175
test_08376,0.99609
test_08377,0.34711
test_08378,0.75486
test_08379,0.98437
test_08380,0.99947
test_08381,0.98884
test_08382,0.77746
test_08383,0.01636
test_08384,0.00480
test_08385,0.00442
test_08386,0.00016
test_08387,0.17313
test_08388,0.00019
test_08389,0.94242
test_08390,0.12204
test_08391,0.36981
test_08392,0.88528
test_08393,0.99776
test_08394,0.00084
test_08395,0.39389
test_08396,0.00764
test_08397,0.00478
test_08398,0.96138
test_08399,0.02513
test_08400,0.00094
test_08401,0.01159
test_08402,0.00052
test_08403,0.01307
test_08404,0.99880
test_08405,0.32100
test_08406,0.00118
test_08407,0.99681
test_08408,0.20724
test_08409,0.00380
test_08410,0.87789
test_08411,0.99782
test_08412,0.98372
test_08413,0.00017
test_08414,0.07019
test_08415,0.00242
test_08416,0.99984
test_08417,0.99710
test_08418,0.98154
test_08419,0.00279
test_08420,0.20348
test_08421,0.21258
test_08422,0.97206
test_08423,0.99670
test_08424,0.01581
test_08425,0.04088
test_08426,0.00309
test_08427,0.99989
test_08428,0.99964
test_08429,0.05588
test_08430,0.88169
test_08431,0.29361
test_08432,0.61256
test_08433,0.29696
test_08434,0.98221
test_08435,0.00341
test_08436,0.98630
test_08437,0.00391
test_08438,0.99009
test_08439,0.76310
test_08440,0.91622
test_08441,0.22111
test_08442,0.95345
test_08443,0.00340
test_08444,0.00021
test_08445,0.91061
test_08446,0.00549
test_08447,0.00452
test_08448,0.64713
test_08449,0.72411
test_08450,0.29595
test_08451,0.01339
test_08452,0.05584
test_08453,0.00343
test_08454,0.02022
test_08455,0.01863
test_08456,0.99938
test_08457,0.99130
test_08458,0.00095
test_08459,1.00000
test_08460,0.99995
test_08461,0.00240
test_08462,0.00201
test_08463,0.99976
test_08464,0.08227
test_08465,0.99923
test_08466,0.04999
test_08467,0.00005
test_08468,0.95271
test_08469,0.00272
test_08470,0.00012
test_08471,0.02566
test_08472,0.99924
test_08473,0.00007
test_08474,0.99938
test_08475,0.00129
test_08476,0.27554
test_08477,0.99794
test_08478,0.93668
test_08479,0.07030
test_08480,0.02749
test_08481,0.27713
test_08482,0.99856
test_08483,0.00167
test_08484,0.99661
test_08485,0.80954
test_08486,0.26861
test_08487,0.75813
test_08488,0.23708
test_08489,0.32873
test_08490,0.68540
test_08491,0.99917
test_08492,0.99432
test_08493,0.96610
test_08494,0.05393
test_08495,0.16378
test_08496,0.47071
test_08497,0.98284
test_08498,0.06564
test_08499,0.69352
test_08500,0.99918
test_08501,0.00008
test_08502,0.99774
test_08503,0.11932
test_08504,0.79369
test_08505,0.00107
test_08506,0.41389
test_08507,0.00000
test_08508,0.97827
test_08509,0.94127
test_08510,0.99494
test_08511,0.54372
test_08512,0.97268
test_08513,0.99933
test_08514,0.00058
test_08515,0.98630
test_08516,0.99979
test_08517,1.00000
test_08518,0.99465
test_08519,0.99821
test_08520,0.12312
test_08521,0.00136
test_08522,0.00054
test_08523,0.00047
test_08524,0.00061
test_08525,0.70279
test_08526,0.00063
test_08527,0.00096
test_08528,0.00053
test_08529,0.99857
test_08530,0.00001
test_08531,0.51884
test_08532,0.99977
test_08533,0.96562
test_08534,0.00488
test_08535,0.99991
test_08536,0.00046
test_08537,0.99583
test_08538,0.29106
test_08539,0.12540
test_08540,0.99952
test_08541,0.00001
test_08542,0.90281
test_08543,0.18012
test_08544,0.91706
test_08545,0.97271
test_08546,0.37724
test_08547,0.99157
test_08548,0.04756
test_08549,0.00069
test_08550,0.98274
test_08551,0.80945
test_08552,0.20040
test_08553,0.99992
test_08554,0.00031
test_08555,0.99469
test_08556,0.00018
test_08557,0.00649
test_08558,0.02316
test_08559,0.99550
test_08560,0.30022
test_08561,0.96856
test_08562,0.64369
test_08563,0.00011
test_08564,0.00006
test_08565,0.99952
test_08566,0.99922
test_08567,0.41733
test_08568,0.94587
test_08569,0.25411
test_08570,0.04320
test_08571,0.09089
test_08572,0.53728
test_08573,0.98258
test_08574,0.04015
test_08575,0.90835
test_08576,0.29596
test_08577,0.99995
test_08578,0.00023
test_08579,0.71441
test_08580,0.98870
test_08581,0.99862
test_08582,0.08744
test_08583,0.01053
test_08584,0.00091
test_08585,0.00556
test_08586,0.18830
test_08587,0.07931
test_08588,0.96734
test_08589,0.48589
test_08590,0.99251
test_08591,0.00007
test_08592,0.54397
test_08593,0.06289
test_08594,0.00497
test_08595,0.97123
test_08596,0.83254
test_08597,0.05971
test_08598,0.86466
test_08599,0.40918
test_08600,0.99306
test_08601,0.99994
test_08602,0.95466
test_08603,0.95909
test_08604,0.98001
test_08605,0.13178
test_08606,0.99993
test_08607,0.99870
test_08608,0.67752
test_08609,0.04908
test_08610,0.52011
test_08611,0.00073
test_08612,0.99684
test_08613,0.20586
test_08614,0.99927
test_08615,0.08393
test_08616,0.99917
test_08617,0.04806
test_08618,0.00096
test_08619,0.99610
test_08620,0.99989
test_08621,0.99994
test_08622,0.99767
test_08623,0.06347
test_08624,0.81399
test_08625,0.99927
test_08626,0.02131
test_08627,0.01516
test_08628,0.95126
test_08629,0.00930
test_08630,0.95720
test_08631,0.41872
test_08632,0.00000
test_08633,0.99993
test_08634,0.99323
test_08635,0.99946
test_08636,0.08123
test_08637,0.99888
test_08638,0.99796
test_08639,0.00356
test_08640,0.00040
test_08641,0.99123
test_08642,0.99977
test_08643,0.00627
test_08644,0.99619
test_08645,0.00231
test_08646,0.07142
test_08647,0.00000
test_08648,0.00006
test_08649,0.99778
test_08650,0.99943
test_08651,0.95480
test_08652,0.84087
test_08653,0.98888
test_08654,0.00029
test_08655,0.21576
test_08656,0.08600
test_08657,0.52184
test_08658,0.87751
test_08659,0.00175
test_08660,0.64463
test_08661,0.67381
test_08662,0.00077
test_08663,0.00006
test_08664,0.00068
test_08665,0.00024
test_08666,0.98999
test_08667,0.99216
test_08668,0.99757
test_08669,0.99529
test_08670,0.75863
test_08671,0.05446
test_08672,0.99769
test_08673,0.99828
test_08674,0.99657
test_08675,0.00015
test_08676,0.83174
test_08677,0.87147
test_08678,0.98974
test_08679,0.70771
test_08680,0.99996
test_08681,0.01087
test_08682,0.13688
test_08683,0.88847
test_08684,0.07339
test_08685,0.29510
test_08686,0.99684
test_08687,0.00233
test_08688,0.99264
test_08689,0.99558
test_08690,0.04666
test_08691,0.91632
test_08692,0.99871
test_08693,0.00425
test_08694,0.04228
test_08695,0.98410
test_08696,0.00390
test_08697,0.00285
test_08698,0.42148
test_08699,0.25239
test_08700,0.99608
test_08701,0.99999
test_08702,0.00027
test_08703,0.13273
test_08704,0.00000
test_08705,0.04669
test_08706,0.05562
test_08707,0.99702
test_08708,0.92274
test_08709,0.99781
test_08710,0.00100
test_08711,0.72075
test_08712,0.00026
test_08713,0.99835
test_08714,0.87589
test_08715,0.08257
test_08716,0.99997
test_08717,0.57129
test_08718,0.33491
test_08719,0.96767
test_08720,0.98967
test_08721,0.99697
test_08722,0.99820
test_08723,0.89155
test_08724,0.08310
test_08725,0.99808
test_08726,0.99408
test_08727,0.15156
test_08728,0.00198
test_08729,0.71573
test_08730,0.32541
test_08731,0.71284
test_08732,0.35047
test_08733,0.00167
test_08734,0.94639
test_08735,0.01048
test_08736,0.99998
test_08737,0.00067
test_08738,0.76077
test_08739,0.00481
test_08740,0.09202
test_08741,0.00730
test_08742,0.03212
test_08743,0.00079
test_08744,0.70271
test_08745,0.99910
test_08746,0.00104
test_08747,0.99896
test_08748,0.07669
test_08749,0.03299
test_08750,0.21646
test_08751,0.00127
test_08752,0.04882
test_08753,0.98759
test_08754,0.00170
test_08755,0.96512
test_08756,0.93649
test_08757,0.99714
test_08758,0.02892
test_08759,0.01225
test_08760,0.00152
test_08761,0.40485
test_08762,0.92739
test_08763,0.01085
test_08764,0.90931
test_08765,0.00768
test_08766,0.99436
test_08767,0.00042
test_08768,0.99997
test_08769,0.12147
test_08770,0.99996
test_08771,0.11576
test_08772,0.00041
test_08773,0.00127
test_08774,0.00264
test_08775,0.76731
test_08776,0.99909
test_08777,0.00000
test_08778,0.93417
test_08779,0.66604
test_08780,0.76119
test_08781,0.99797
test_08782,0.19463
test_08783,0.99999
test_08784,0.98190
test_08785,0.14733
test_08786,0.89058
test_08787,0.12080
test_08788,0.05253
test_08789,0.57132
test_08790,0.00115
test_08791,0.13841
test_08792,0.00340
test_08793,0.00490
test_08794,0.18066
test_08795,0.99998
test_08796,0.99736
test_08797,0.31384
test_08798,0.39239
test_08799,0.99725
test_08800,0.66515
test_08801,0.99877
test_08802,0.91366
test_08803,0.99999
test_08804,0.45833
test_08805,0.99955
test_08806,0.73947
test_08807,0.01124
test_08808,0.97446
test_08809,0.91010
test_08810,0.01203
test_08811,0.99857
test_08812,0.03743
test_08813,0.99643
test_08814,0.00006
test_08815,0.00226
test_08816,0.00245
test_08817,0.99889
test_08818,0.02290
test_08819,0.99998
test_08820,0.95668
test_08821,0.01821
test_08822,0.95264
test_08823,0.20861
test_08824,0.05318
test_08825,0.27602
test_08826,0.00632
test_08827,0.99924
test_08828,0.98027
test_08829,0.14073
test_08830,0.99991
test_08831,0.78730
test_08832,0.00040
test_08833,0.99836
test_08834,0.70950
test_08835,0.97303
test_08836,0.56031
test_08837,0.03744
test_08838,0.96489
test_08839,0.99978
test_08840,0.76629
test_08841,0.77476
test_08842,0.00359
test_08843,0.61717
test_08844,0.10125
test_08845,0.00053
test_08846,0.97421
test_08847,0.92093
test_08848,0.02369
test_08849,0.00336
test_08850,0.98597
test_08851,0.01670
test_08852,0.02996
test_08853,0.97091
test_08854,0.95597
test_08855,0.64407
test_08856,0.96607
test_08857,0.98671
test_08858,0.99777
test_08859,0.00016
test_08860,0.99972
test_08861,0.96560
test_08862,0.01080
test_08863,0.10725
test_08864,0.02674
test_08865,0.00949
test_08866,0.78793
test_08867,0.88877
test_08868,0.00013
test_08869,0.31846
test_08870,0.99013
test_08871,0.99762
test_08872,0.35874
test_08873,0.99946
test_08874,0.00002
test_08875,0.99899
test_08876,0.98399
test_08877,0.54031
test_08878,0.29587
test_08879,0.93090
test_08880,0.24037
test_08881,0.99990
test_08882,0.05342
test_08883,0.00292
test_08884,0.99968
test_08885,0.01886
test_08886,0.00255
test_08887,0.00333
test_08888,0.13033
test_08889,0.99965
test_08890,0.54271
test_08891,0.06663
test_08892,0.27298
test_08893,0.03121
test_08894,0.98210
test_08895,0.03925
test_08896,0.99999
test_08897,0.00000
test_08898,0.63104
test_08899,0.00220
test_08900,0.99884
test_08901,0.99829
test_08902,0.57850
test_08903,0.98941
test_08904,0.99945
test_08905,0.93862
test_08906,0.98564
test_08907,0.99927
test_08908,0.99390
test_08909,0.18636
test_08910,0.00020
test_08911,0.99288
test_08912,0.11510
test_08913,0.00337
test_08914,0.00003
test_08915,0.17336
test_08916,0.99325
test_08917,0.99101
test_08918,0.99757
test_08919,0.73473
test_08920,0.00002
test_08921,0.78978
test_08922,0.13714
test_08923,0.97641
test_08924,0.99986
test_08925,0.99892
test_08926,0.01355
test_08927,0.18072
test_08928,0.02455
test_08929,0.99987
test_08930,0.99995
test_08931,0.08874
test_08932,0.24785
test_08933,0.46956
test_08934,0.07941
test_08935,0.99994
test_08936,0.99894
test_08937,0.95316
test_08938,0.98779
test_08939,0.00000
test_08940,0.00138
test_08941,0.01414
test_08942,0.58988
test_08943,0.99463
test_08944,0.99994
test_08945,0.99421
test_08946,0.94981
test_08947,0.78655
test_08948,0.96632
test_08949,0.00120
test_08950,0.00344
test_08951,0.99250
test_08952,0.80580
test_08953,0.84787
test_08954,0.68788
test_08955,0.99968
test_08956,0.99728
test_08957,0.08358
test_08958,0.00025
test_08959,0.01527
test_08960,0.86316
test_08961,0.01170
test_08962,0.00571
test_08963,0.00094
test_08964,0.00238
test_08965,0.00016
test_08966,0.99354
test_08967,0.00207
test_08968,0.98727
test_08969,0.00036
test_08970,0.99789
test_08971,0.00091
test_08972,0.00005
test_08973,0.99920
test_08974,0.63363
test_08975,0.31229
test_08976,0.00150
test_08977,0.92895
test_08978,0.76263
test_08979,0.68243
test_08980,0.98486
test_08981,0.99988
test_08982,0.99808
test_08983,0.28389
test_08984,0.04272
test_08985,0.00313
test_08986,0.98967
test_08987,0.00057
test_08988,0.01163
test_08989,0.99511
test_08990,0.00079
test_08991,0.00318
test_08992,0.01673
test_08993,0.21939
test_08994,0.99970
test_08995,0.00000
test_08996,0.99877
test_08997,0.99440
test_08998,0.91416
test_08999,0.89417
test_09000,0.99949
test_09001,0.79589
test_09002,0.00487
test_09003,0.97878
test_09004,0.00507
test_09005,0.99997
test_09006,0.99981
test_09007,0.81980
test_09008,0.15940
test_09009,0.93292
test_09010,0.98367
test_09011,0.00013
test_09012,0.98548
test_09013,0.91669
test_09014,0.02456
test_09015,0.88712
test_09016,0.86032
test_09017,0.93130
test_09018,0.99995
test_09019,0.97441
test_09020,0.02346
test_09021,0.13864
test_09022,0.99960
test_09023,0.00183
test_09024,0.50000
test_09025,0.99373
test_09026,0.99996
test_09027,0.80615
test_09028,0.38729
test_09029,0.00030
test_09030,0.99964
test_09031,0.03582
test_09032,0.99834
test_09033,0.88429
test_09034,0.00054
test_09035,0.03405
test_09036,0.00018
test_09037,0.00063
test_09038,0.00042
test_09039,0.00093
test_09040,0.97890
test_09041,0.76685
test_09042,0.99857
test_09043,0.04264
test_09044,0.85355
test_09045,0.03599
test_09046,0.97070
test_09047,0.00412
test_09048,0.00866
test_09049,0.99991
test_09050,0.01958
test_09051,0.85957
test_09052,0.99069
test_09053,0.97466
test_09054,0.86708
test_09055,0.01200
test_09056,0.00298
test_09057,0.00009
test_09058,0.74082
test_09059,0.00284
test_09060,0.98759
test_09061,0.00770
test_09062,0.05577
test_09063,0.99544
test_09064,0.01519
test_09065,0.99032
test_09066,0.41879
test_09067,0.98328
test_09068,0.00008
test_09069,0.00067
test_09070,0.00948
test_09071,0.45837
test_09072,0.99826
test_09073,0.99999
test_09074,0.99750
test_09075,0.79310
test_09076,0.55807
test_09077,0.99872
test_09078,0.99995
test_09079,0.99846
test_09080,0.98635
test_09081,0.95285
test_09082,0.00308
test_09083,0.96304
test_09084,0.00039
test_09085,0.99934
test_09086,0.99689
test_09087,0.00051
test_09088,0.01735
test_09089,0.40287
test_09090,0.20039
test_09091,0.03267
test_09092,0.00012
test_09093,0.08832
test_09094,0.99524
test_09095,0.96919
test_09096,0.00000
test_09097,0.09586
test_09098,0.98423
test_09099,0.23272
test_09100,0.31893
test_09101,0.04177
test_09102,0.03261
test_09103,0.07869
test_09104,0.99978
test_09105,0.05105
test_09106,0.73628
test_09107,0.00157
test_09108,0.98508
test_09109,0.00016
test_09110,0.99194
test_09111,0.99982
test_09112,0.97369
test_09113,0.97884
test_09114,0.01688
test_09115,0.03610
test_09116,0.99992
test_09117,0.00076
test_09118,0.99827
test_09119,0.01203
test_09120,0.99992
test_09121,0.94395
test_09122,0.99970
test_09123,0.00252
test_09124,0.95136
test_09125,0.99299
test_09126,0.00073
test_09127,0.99955
test_09128,0.00044
test_09129,0.22557
test_09130,0.00001
test_09131,0.02926
test_09132,0.67536
test_09133,0.01330
test_09134,0.04901
test_09135,0.99995
test_09136,0.99824
test_09137,0.99578
test_09138,0.90200
test_09139,0.15624
test_09140,0.99882
test_09141,0.00868
test_09142,0.00014
test_09143,0.18968
test_09144,0.95918
test_09145,0.99440
test_09146,0.00003
test_09147,0.97597
test_09148,0.00002
test_09149,0.69699
test_09150,0.01578
test_09151,0.01094
test_09152,0.00335
test_09153,0.19835
test_09154,0.80170
test_09155,0.97423
test_09156,0.17961
test_09157,0.00046
test_09158,0.96256
test_09159,0.07006
test_09160,0.95947
test_09161,0.99979
test_09162,0.00431
test_09163,0.99202
test_09164,0.55751
test_09165,0.00013
test_09166,0.94525
test_09167,0.09473
test_09168,0.99980
test_09169,0.99810
test_09170,0.22176
test_09171,0.88105
test_09172,0.98118
test_09173,0.99908
test_09174,0.18020
test_09175,0.00050
test_09176,0.18324
test_09177,0.76199
test_09178,0.99471
test_09179,0.18575
test_09180,0.02898
test_09181,0.06313
test_09182,0.99977
test_09183,0.00594
test_09184,0.00010
test_09185,0.09439
test_09186,0.24886
test_09187,0.99891
test_09188,0.01559
test_09189,0.01613
test_09190,0.99917
test_09191,0.98406
test_09192,0.00061
test_09193,0.99924
test_09194,0.06649
test_09195,0.99999
test_09196,0.99948
test_09197,0.90615
test_09198,0.04762
test_09199,0.96495
test_09200,0.00376
test_09201,0.56026
test_09202,0.01366
test_09203,0.99979
test_09204,0.99850
test_09205,0.30601
test_09206,0.52541
test_09207,0.00894
test_09208,0.19143
test_09209,0.00001
test_09210,0.63305
test_09211,0.82889
test_09212,0.00019
test_09213,0.99957
test_09214,0.33624
test_09215,0.89263
test_09216,0.04450
test_09217,0.58947
test_09218,0.99691
test_09219,0.96592
test_09220,0.93211
test_09221,0.92902
test_09222,0.02338
test_09223,0.60689
test_09224,0.99516
test_09225,0.99974
test_09226,0.99882
test_09227,0.00031
test_09228,0.00157
test_09229,0.01268
test_09230,0.83158
test_09231,0.89160
test_09232,0.00121
test_09233,0.03720
test_09234,0.97922
test_09235,0.00788
test_09236,0.00313
test_09237,0.98927
test_09238,0.99979
test_09239,0.80011
test_09240,0.02881
test_09241,0.11229
test_09242,0.99582
test_09243,0.00108
test_09244,0.35695
test_09245,0.99996
test_09246,0.90050
test_09247,0.16263
test_09248,0.52043
test_09249,0.99878
test_09250,0.00500
test_09251,0.00299
test_09252,0.00202
test_09253,0.99931
test_09254,0.66495
test_09255,0.22604
test_09256,0.97028
test_09257,0.08845
test_09258,0.04091
test_09259,0.98263
test_09260,0.00018
test_09261,0.04149
test_09262,0.99423
test_09263,0.57059
test_09264,0.67792
test_09265,0.99148
test_09266,0.99791
test_09267,0.89193
test_09268,0.99695
test_09269,0.75677
test_09270,0.00224
test_09271,0.97728
test_09272,0.99964
test_09273,0.99994
test_09274,0.18318
test_09275,0.00116
test_09276,0.92810
test_09277,0.99708
test_09278,0.53662
test_09279,0.00010
test_09280,0.02492
test_09281,0.07647
test_09282,0.00332
test_09283,0.00034
test_09284,0.99680
test_09285,0.09012
test_09286,0.00008
test_09287,0.99839
test_09288,0.16865
test_09289,0.97719
test_09290,0.00014
test_09291,0.99973
test_09292,0.94993
test_09293,0.00008
test_09294,0.00001
test_09295,0.00391
test_09296,0.05140
test_09297,0.88169
test_09298,0.97040
test_09299,0.00113
test_09300,0.00217
test_09301,0.00045
test_09302,0.99455
test_09303,0.99965
test_09304,0.29511
test_09305,0.70901
test_09306,0.02605
test_09307,0.01965
test_09308,0.00092
test_09309,0.95066
test_09310,0.99689
test_09311,0.20422
test_09312,0.97493
test_09313,0.85864
test_09314,0.00001
test_09315,0.03122
test_09316,0.42677
test_09317,0.99893
test_09318,0.97569
test_09319,0.10394
test_09320,0.98120
test_09321,0.92967
test_09322,0.99940
test_09323,1.00000
test_09324,0.66490
test_09325,0.99988
test_09326,0.92567
test_09327,0.00020
test_09328,0.50504
test_09329,0.10757
test_09330,0.03650
test_09331,1.00000
test_09332,0.01529
test_09333,0.28425
test_09334,0.99963
test_09335,0.01119
test_09336,0.06083
test_09337,0.23080
test_09338,0.30742
test_09339,0.02178
test_09340,0.76200
test_09341,0.00137
test_09342,0.52918
test_09343,0.00074
test_09344,0.92830
test_09345,0.72995
test_09346,0.42107
test_09347,0.00003
test_09348,0.59188
test_09349,0.03194
test_09350,0.98749
test_09351,0.97098
test_09352,0.00078
test_09353,0.02141
test_09354,0.97773
test_09355,0.99994
test_09356,0.98426
test_09357,0.99454
test_09358,0.00981
test_09359,0.00016
test_09360,0.51217
test_09361,0.26839
test_09362,0.00104
test_09363,0.91482
test_09364,0.00001
test_09365,0.00134
test_09366,0.76160
test_09367,0.27641
test_09368,0.34073
test_09369,0.41166
test_09370,0.01027
test_09371,0.02652
test_09372,0.98460
test_09373,0.00024
test_09374,0.99976
test_09375,0.11892
test_09376,0.00284
test_09377,0.63513
test_09378,0.97996
test_09379,0.99995
test_09380,0.00695
test_09381,0.22132
test_09382,0.99998
test_09383,0.97906
test_09384,0.00226
test_09385,0.99997
test_09386,0.99640
test_09387,0.99401
test_09388,0.91537
test_09389,0.97071
test_09390,0.99769
test_09391,0.00936
test_09392,0.00392
test_09393,0.15579
test_09394,0.99962
test_09395,0.44472
test_09396,0.58445
test_09397,0.03666
test_09398,0.93035
test_09399,0.00773
test_09400,0.62058
test_09401,0.88458
test_09402,0.94731
test_09403,0.01231
test_09404,0.95352
test_09405,0.01804
test_09406,0.54307
test_09407,0.99656
test_09408,0.21353
test_09409,0.29432
test_09410,0.99999
test_09411,0.99995
test_09412,0.91618
test_09413,0.99964
test_09414,0.00011
test_09415,0.99514
test_09416,0.99759
test_09417,0.00079
test_09418,0.99820
test_09419,0.74736
test_09420,0.99754
test_09421,0.00024
test_09422,0.03818
test_09423,0.85256
test_09424,0.99896
test_09425,0.02036
test_09426,0.92621
test_09427,0.00881
test_09428,0.00092
test_09429,0.99717
test_09430,0.99953
test_09431,0.99820
test_09432,0.12186
test_09433,0.79701
test_09434,0.99892
test_09435,0.94271
test_09436,0.01365
test_09437,0.00311
test_09438,0.90933
test_09439,0.09895
test_09440,0.99989
test_09441,0.09764
test_09442,0.00156
test_09443,0.86570
test_09444,0.87875
test_09445,0.24867
test_09446,0.61366
test_09447,0.39866
test_09448,0.86611
test_09449,0.99525
test_09450,0.99864
test_09451,0.00115
test_09452,0.99976
test_09453,0.99797
test_09454,0.13921
test_09455,0.99997
test_09456,0.97233
test_09457,0.00047
test_09458,0.02165
test_09459,0.99828
test_09460,0.99743
test_09461,0.99818
test_09462,0.26147
test_09463,0.00359
test_09464,0.38485
test_09465,0.99990
test_09466,0.00432
test_09467,0.99655
test_09468,0.52754
test_09469,0.00320
test_09470,0.99990
test_09471,0.65242
test_09472,0.99494
test_09473,0.08800
test_09474,0.78965
test_09475,0.99916
test_09476,0.42026
test_09477,0.24979
test_09478,0.00011
test_09479,0.76636
test_09480,0.00187
test_09481,0.00635
test_09482,0.01142
test_09483,0.33525
test_09484,0.00797
test_09485,0.01079
test_09486,0.54035
test_09487,0.99939
test_09488,0.01998
test_09489,0.74542
test_09490,0.00115
test_09491,0.24582
test_09492,0.99997
test_09493,0.12852
test_09494,0.55117
test_09495,0.12219
test_09496,0.02067
test_09497,0.00044
test_09498,0.99859
test_09499,0.88452
test_09500,0.99988
test_09501,0.99822
test_09502,0.00025
test_09503,0.50187
test_09504,0.29302
test_09505,0.99958
test_09506,0.91028
test_09507,0.99885
test_09508,0.99996
test_09509,0.36632
test_09510,0.30376
test_09511,0.00711
test_09512,0.00484
test_09513,0.56756
test_09514,0.99989
test_09515,0.00397
test_09516,0.35356
test_09517,0.40505
test_09518,0.00021
test_09519,0.99899
test_09520,0.53363
test_09521,0.99860
test_09522,0.00148
test_09523,0.00005
test_09524,0.96822
test_09525,0.99588
test_09526,0.99848
test_09527,0.38038
test_09528,0.03881
test_09529,0.98521
test_09530,0.00179
test_09531,0.02264
test_09532,0.00042
test_09533,0.99891
test_09534,0.95516
test_09535,0.07724
test_09536,0.00418
test_09537,1.00000
test_09538,0.01247
test_09539,0.93617
test_09540,0.00008
test_09541,0.47768
test_09542,0.00202
test_09543,0.99931
test_09544,0.99961
test_09545,0.83470
test_09546,0.00505
test_09547,0.00027
test_09548,0.00024
test_09549,0.98391
test_09550,0.00001
test_09551,0.01393
test_09552,0.98759
test_09553,0.00544
test_09554,0.00044
test_09555,0.00055
test_09556,0.50901
test_09557,0.68361
test_09558,0.00360
test_09559,0.98598
test_09560,0.10749
test_09561,0.00444
test_09562,0.99968
test_09563,0.00525
test_09564,0.95756
test_09565,0.99991
test_09566,0.04680
test_09567,0.99707
test_09568,0.99863
test_09569,0.04672
test_09570,0.00934
test_09571,0.24764
test_09572,0.18609
test_09573,0.98907
test_09574,0.99996
test_09575,0.64966
test_09576,0.02487
test_09577,0.00124
test_09578,0.10720
test_09579,0.99892
test_09580,0.00608
test_09581,0.92640
test_09582,0.59111
test_09583,0.00093
test_09584,0.99851
test_09585,0.63630
test_09586,0.64741
test_09587,0.00010
test_09588,0.99933
test_09589,0.99671
test_09590,0.92633
test_09591,0.99812
test_09592,0.99695
test_09593,0.00123
test_09594,0.99797
test_09595,0.98248
test_09596,0.99992
test_09597,0.99486
test_09598,0.53475
test_09599,0.00036
test_09600,0.15141
test_09601,0.89385
test_09602,0.41907
test_09603,0.00992
test_09604,0.00005
test_09605,0.84930
test_09606,0.20999
test_09607,0.55741
test_09608,0.03587
test_09609,0.99260
test_09610,0.98819
test_09611,0.18075
test_09612,0.99990
test_09613,0.02297
test_09614,0.72154
test_09615,0.00279
test_09616,0.00484
test_09617,0.99984
test_09618,0.11951
test_09619,0.58716
test_09620,0.99991
test_09621,0.99710
test_09622,0.00387
test_09623,0.99966
test_09624,0.00719
test_09625,1.00000
test_09626,0.99548
test_09627,0.06048
test_09628,0.00905
test_09629,0.96019
test_09630,0.95896
test_09631,0.00005
test_09632,0.00019
test_09633,0.98708
test_09634,0.09586
test_09635,0.65254
test_09636,0.00158
test_09637,0.51475
test_09638,0.24700
test_09639,0.99071
test_09640,0.02379
test_09641,0.00676
test_09642,0.03243
test_09643,0.86249
test_09644,0.02269
test_09645,0.75635
test_09646,0.00006
test_09647,0.06671
test_09648,0.54186
test_09649,0.00088
test_09650,0.03204
test_09651,0.04226
test_09652,0.26576
test_09653,0.73456
test_09654,0.00019
test_09655,0.38288
test_09656,0.99990
test_09657,0.00054
test_09658,0.00175
test_09659,0.84013
test_09660,0.99170
test_09661,0.99175
test_09662,0.02014
test_09663,0.99983
test_09664,0.77305
test_09665,0.17508
test_09666,0.94477
test_09667,0.00338
test_09668,0.00001
test_09669,0.99745
test_09670,0.00668
test_09671,0.00208
test_09672,0.78351
test_09673,0.00036
test_09674,0.06806
test_09675,0.06940
test_09676,0.93785
test_09677,0.19295
test_09678,0.81723
test_09679,0.19833
test_09680,0.99945
test_09681,0.84420
test_09682,0.03332
test_09683,0.05823
test_09684,0.83255
test_09685,0.71752
test_09686,0.00953
test_09687,0.00026
test_09688,0.84867
test_09689,0.00006
test_09690,0.83998
test_09691,0.98927
test_09692,0.63196
test_09693,0.59637
test_09694,0.99830
test_09695,0.00532
test_09696,0.06782
test_09697,0.99326
test_09698,0.99374
test_09699,0.02687
test_09700,0.26871
test_09701,0.42163
test_09702,0.99366
test_09703,0.76665
test_09704,0.91966
test_09705,0.99976
test_09706,0.58127
test_09707,0.99988
test_09708,0.81745
test_09709,0.00180
test_09710,0.04682
test_09711,0.00071
test_09712,0.00569
test_09713,0.98911
test_09714,0.97735
test_09715,0.00352
test_09716,0.01324
test_09717,0.92513
test_09718,0.46002
test_09719,0.01209
test_09720,0.14681
test_09721,0.04846
test_09722,0.00212
test_09723,0.95498
test_09724,0.14634
test_09725,0.99820
test_09726,0.08174
test_09727,0.99796
test_09728,0.00101
test_09729,0.04221
test_09730,0.99943
test_09731,0.07817
test_09732,0.34540
test_09733,0.74123
test_09734,0.00615
test_09735,0.00195
test_09736,0.00017
test_09737,0.99104
test_09738,0.00112
test_09739,0.03601
test_09740,0.00644
test_09741,0.02466
test_09742,0.00018
test_09743,0.98269
test_09744,0.99947
test_09745,0.90016
test_09746,0.94551
test_09747,0.98083
test_09748,0.71869
test_09749,0.99989
test_09750,0.99892
test_09751,0.81836
test_09752,0.73488
test_09753,0.97283
test_09754,0.00037
test_09755,0.95226
test_09756,0.99587
test_09757,0.98772
test_09758,0.99069
test_09759,0.99306
test_09760,0.00304
test_09761,0.01962
test_09762,0.00737
test_09763,0.99639
test_09764,0.00766
test_09765,0.00019
test_09766,0.00424
test_09767,0.02049
test_09768,0.99860
test_09769,0.00082
test_09770,0.00913
test_09771,0.53021
test_09772,0.99871
test_09773,0.99815
test_09774,0.01417
test_09775,0.00762
test_09776,0.81563
test_09777,0.96559
test_09778,0.00049
test_09779,0.98419
test_09780,0.00182
test_09781,0.04118
test_09782,0.99164
test_09783,0.99361
test_09784,0.00124
test_09785,0.99971
test_09786,0.00426
test_09787,0.83946
test_09788,0.99974
test_09789,0.76539
test_09790,0.00423
test_09791,0.75687
test_09792,0.66559
test_09793,0.93876
test_09794,0.01799
test_09795,0.60133
test_09796,0.01243
test_09797,0.31425
test_09798,0.99991
test_09799,0.98766
test_09800,0.69651
test_09801,0.00904
test_09802,0.99988
test_09803,0.99135
test_09804,0.88853
test_09805,0.52413
test_09806,0.99980
test_09807,0.99976
test_09808,0.97567
test_09809,0.07007
test_09810,0.99952
test_09811,0.01739
test_09812,0.24021
test_09813,0.00025
test_09814,0.83331
test_09815,0.37551
test_09816,0.48560
test_09817,0.13193
test_09818,0.99933
test_09819,0.68524
test_09820,0.99427
test_09821,0.00001
test_09822,0.99993
test_09823,1.00000
test_09824,0.99548
test_09825,0.99936
test_09826,0.99993
test_09827,0.91549
test_09828,0.95602
test_09829,0.43330
test_09830,0.99784
test_09831,0.99992
test_09832,0.97841
test_09833,0.99921
test_09834,0.99769
test_09835,0.00004
test_09836,0.99684
test_09837,0.99948
test_09838,0.99970
test_09839,0.99321
test_09840,0.67326
test_09841,0.99674
test_09842,0.00809
test_09843,0.00106
test_09844,0.00158
test_09845,0.13944
test_09846,0.99787
test_09847,0.00331
test_09848,0.52841
test_09849,0.99926
test_09850,0.99217
test_09851,0.98354
test_09852,0.98149
test_09853,0.99991
test_09854,0.96804
test_09855,0.00039
test_09856,0.00514
test_09857,0.99498
test_09858,0.79605
test_09859,0.00378
test_09860,0.07369
test_09861,0.99932
test_09862,0.15134
test_09863,0.99875
test_09864,0.99942
test_09865,0.03939
test_09866,0.91621
test_09867,0.00004
test_09868,0.99932
test_09869,0.99795
test_09870,0.08471
test_09871,0.00028
test_09872,0.42764
test_09873,0.96286
test_09874,0.13761
test_09875,0.99999
test_09876,0.99239
test_09877,0.03780
test_09878,0.00364
test_09879,0.01034
test_09880,0.00128
test_09881,0.99996
test_09882,0.03663
test_09883,0.01138
test_09884,0.99030
test_09885,0.99682
test_09886,0.99842
test_09887,0.02203
test_09888,0.20826
test_09889,0.98890
test_09890,0.00259
test_09891,0.29499
test_09892,0.99968
test_09893,0.00016
test_09894,0.99884
test_09895,0.02127
test_09896,0.19566
test_09897,0.99164
test_09898,0.96043
test_09899,0.99526
test_09900,0.00013
test_09901,0.00704
test_09902,0.99224
test_09903,0.01065
test_09904,0.00086
test_09905,0.99981
test_09906,0.12157
test_09907,0.99071
test_09908,0.00078
test_09909,0.55948
test_09910,0.04251
test_09911,0.88048
test_09912,0.06836
test_09913,0.22449
test_09914,0.13609
test_09915,0.03116
test_09916,0.98968
test_09917,0.01272
test_09918,0.73024
test_09919,0.83420
test_09920,0.00152
test_09921,0.99350
test_09922,0.55983
test_09923,0.79053
test_09924,0.99413
test_09925,0.99973
test_09926,0.99939
test_09927,0.00496
test_09928,0.04966
test_09929,0.99419
test_09930,0.99925
test_09931,0.97851
test_09932,1.00000
test_09933,0.01906
test_09934,0.00545
test_09935,0.03957
test_09936,0.99995
test_09937,0.99991
test_09938,0.99934
test_09939,0.33708
test_09940,0.71653
test_09941,0.99457
test_09942,0.73644
test_09943,1.00000
test_09944,0.99135
test_09945,0.99928
test_09946,0.00645
test_09947,0.99992
test_09948,0.94411
test_09949,0.00784
test_09950,0.19425
test_09951,0.99968
test_09952,0.06891
test_09953,0.03046
test_09954,0.00458
test_09955,0.39142
test_09956,0.99431
test_09957,0.00545
test_09958,0.69545
test_09959,0.90372
test_09960,0.99982
test_09961,0.22520
test_09962,0.99896
test_09963,0.81100
test_09964,0.00947
test_09965,0.00446
test_09966,0.99986
test_09967,0.00457
test_09968,0.00396
test_09969,0.43090
test_09970,0.01079
test_09971,0.00416
test_09972,0.05632
test_09973,0.43470
test_09974,0.99870
test_09975,0.00039
test_09976,0.98408
test_09977,0.00022
test_09978,0.51048
test_09979,0.85997
test_09980,0.01587
test_09981,0.97842
test_09982,0.99965
test_09983,0.48550
test_09984,0.00032
test_09985,0.01399
test_09986,0.73964
test_09987,0.00772
test_09988,0.99954
test_09989,0.99606
test_09990,0.02319
test_09991,0.99475
test_09992,0.00173
test_09993,0.00015
test_09994,0.99998
test_09995,0.99998
test_09996,0.99996
test_09997,0.23776
test_09998,0.01137
test_09999,0.99995
test_10000,0.74260
test_10001,0.99927
test_10002,0.99971
test_10003,0.99707
test_10004,0.99972
test_10005,0.00516
test_10006,0.98791
test_10007,0.14658
test_10008,0.87036
test_10009,0.00707
test_10010,0.99996
test_10011,0.40572
test_10012,0.00044
test_10013,0.08821
test_10014,0.00004
test_10015,0.00015
test_10016,0.18210
test_10017,0.33776
test_10018,0.99039
test_10019,0.00145
test_10020,0.00043
test_10021,0.39105
test_10022,0.07200
test_10023,0.00276
test_10024,0.99037
test_10025,0.00434
test_10026,0.99154
test_10027,0.01713
test_10028,0.00036
test_10029,0.99781
test_10030,0.92814
test_10031,0.29161
test_10032,0.00185
test_10033,0.00145
test_10034,0.10932
test_10035,0.46858
test_10036,0.01828
test_10037,0.99999
test_10038,0.99953
test_10039,0.21004
test_10040,0.92200
test_10041,0.86298
test_10042,0.13047
test_10043,0.90963
test_10044,0.96202
test_10045,0.28082
test_10046,0.99779
test_10047,0.59746
test_10048,0.55024
test_10049,0.88619
test_10050,0.87238
test_10051,0.55485
test_10052,0.98707
test_10053,0.04549
test_10054,0.96121
test_10055,0.00047
test_10056,0.61259
test_10057,0.97627
test_10058,0.73547
test_10059,0.99421
test_10060,0.63746
test_10061,0.01510
test_10062,0.00068
test_10063,0.99997
test_10064,0.00004
test_10065,0.00011
test_10066,0.99986
test_10067,0.87879
test_10068,0.71570
test_10069,0.02291
test_10070,0.74787
test_10071,0.99839
test_10072,0.02305
test_10073,0.15625
test_10074,0.00041
test_10075,0.98748
test_10076,0.00249
test_10077,0.82651
test_10078,0.00116
test_10079,0.96896
test_10080,0.00003
test_10081,0.02866
test_10082,0.99955
test_10083,0.96335
test_10084,0.96916
test_10085,0.26702
test_10086,0.99177
test_10087,0.99692
test_10088,0.75946
test_10089,0.14912
test_10090,0.94443
test_10091,0.99922
test_10092,0.99848
test_10093,0.69071
test_10094,0.00393
test_10095,0.95620
test_10096,0.00400
test_10097,0.99995
test_10098,0.00910
test_10099,0.00217
test_10100,1.00000
test_10101,0.99897
test_10102,0.00002
test_10103,0.00338
test_10104,0.99955
test_10105,0.99998
test_10106,0.00012
test_10107,0.01384
test_10108,0.99953
test_10109,0.00292
test_10110,0.00374
test_10111,0.04673
test_10112,0.00455
test_10113,0.98225
test_10114,0.47392
test_10115,0.00000
test_10116,0.00016
test_10117,0.00743
test_10118,0.95014
test_10119,0.99990
test_10120,0.11651
test_10121,0.99989
test_10122,0.00179
test_10123,0.49526
test_10124,0.65160
test_10125,0.00256
test_10126,0.01243
test_10127,0.00050
test_10128,0.09991
test_10129,0.98192
test_10130,0.16357
test_10131,0.00129
test_10132,0.01134
test_10133,0.00000
test_10134,0.06763
test_10135,0.00012
test_10136,0.02682
test_10137,0.00003
test_10138,0.70222
test_10139,0.06015
test_10140,0.00131
test_10141,0.01004
test_10142,0.00024
test_10143,0.00205
test_10144,0.32538
test_10145,0.05507
test_10146,0.00451
test_10147,0.99970
test_10148,0.99750
test_10149,0.00506
test_10150,0.97616
test_10151,0.00726
test_10152,0.00598
test_10153,0.99754
test_10154,0.95744
test_10155,0.03454
test_10156,0.99603
test_10157,0.22999
test_10158,0.00043
test_10159,0.42308
test_10160,0.03423
test_10161,0.42791
test_10162,0.99994
test_10163,0.98471
test_10164,0.00081
test_10165,0.00169
test_10166,0.99978
test_10167,0.99343
test_10168,0.80571
test_10169,0.99909
test_10170,0.00014
test_10171,0.00758
test_10172,0.88708
test_10173,0.99181
test_10174,0.99448
test_10175,0.85560
test_10176,0.00166
test_10177,0.00002
test_10178,0.71651
test_10179,0.03774
test_10180,0.53360
test_10181,0.00093
test_10182,0.99594
test_10183,0.00477
test_10184,0.01693
test_10185,0.47719
test_10186,0.00560
test_10187,0.98857
test_10188,0.99974
test_10189,0.97741
test_10190,0.99082
test_10191,0.03991
test_10192,0.02313
test_10193,0.25452
test_10194,0.85764
test_10195,0.92334
test_10196,0.00033
test_10197,0.99309
test_10198,0.07179
test_10199,0.00467
test_10200,0.23943
test_10201,0.00081
test_10202,0.98744
test_10203,0.98452
test_10204,0.03014
test_10205,0.53251
test_10206,0.26784
test_10207,0.00110
test_10208,0.96522
test_10209,1.00000
test_10210,0.97902
test_10211,0.03342
test_10212,0.99929
test_10213,0.32804
test_10214,0.89331
test_10215,0.00013
test_10216,0.99942
test_10217,0.99821
test_10218,0.96971
test_10219,0.96547
test_10220,0.97835
test_10221,0.87549
test_10222,0.99797
test_10223,0.98663
test_10224,0.65674
test_10225,0.00108
test_10226,0.00391
test_10227,0.00971
test_10228,0.26602
test_10229,0.16017
test_10230,0.00005
test_10231,0.99021
test_10232,0.99974
test_10233,0.99786
test_10234,0.00036
test_10235,0.13283
test_10236,0.34382
test_10237,0.93660
test_10238,0.00304
test_10239,0.84100
test_10240,0.99897
test_10241,0.18372
test_10242,0.99394
test_10243,0.95582
test_10244,0.10194
test_10245,0.44908
test_10246,0.99953
test_10247,0.28919
test_10248,0.61148
test_10249,0.00328
test_10250,0.67029
test_10251,0.99970
test_10252,0.00003
test_10253,0.98148
test_10254,0.00419
test_10255,0.00070
test_10256,0.47840
test_10257,0.08916
test_10258,0.05102
test_10259,0.01396
test_10260,0.93438
test_10261,0.99727
test_10262,0.55623
test_10263,0.99325
test_10264,0.80215
test_10265,0.00048
test_10266,0.00614
test_10267,0.82068
test_10268,0.99327
test_10269,0.18359
test_10270,0.03452
test_10271,0.00855
test_10272,0.01067
test_10273,0.86942
test_10274,0.78528
test_10275,0.99838
test_10276,0.99995
test_10277,0.99850
test_10278,0.98635
test_10279,0.32562
test_10280,0.94567
test_10281,0.00025
test_10282,0.62733
test_10283,0.00127
test_10284,0.99046
test_10285,0.94936
test_10286,0.04254
test_10287,0.28046
test_10288,0.90472
test_10289,0.72664
test_10290,0.99836
test_10291,0.88235
test_10292,0.39468
test_10293,0.99764
test_10294,0.19441
test_10295,0.98089
test_10296,0.95041
test_10297,0.23368
test_10298,0.00020
test_10299,0.00369
test_10300,0.29360
test_10301,0.00132
test_10302,0.99999
test_10303,0.99011
test_10304,0.98095
test_10305,0.14248
test_10306,0.00342
test_10307,0.00009
test_10308,0.00014
test_10309,0.94695
test_10310,0.12216
test_10311,0.41574
test_10312,0.00347
test_10313,0.03041
test_10314,0.99453
test_10315,0.00141
test_10316,0.99944
test_10317,0.00554
test_10318,0.96018
test_10319,0.76612
test_10320,0.74543
test_10321,0.99672
test_10322,0.06069
test_10323,0.00091
test_10324,0.00443
test_10325,0.98547
test_10326,1.00000
test_10327,0.99736
test_10328,0.00060
test_10329,0.99937
test_10330,0.00935
test_10331,0.89550
test_10332,1.00000
test_10333,0.99863
test_10334,0.03925
test_10335,0.00011
test_10336,0.74881
test_10337,0.02175
test_10338,0.97315
test_10339,0.99999
test_10340,0.99999
test_10341,0.00029
test_10342,0.88846
test_10343,0.27035
test_10344,0.98535
test_10345,0.12074
test_10346,0.95225
test_10347,0.97724
test_10348,0.93214
test_10349,0.05027
test_10350,0.60239
test_10351,0.00374
test_10352,0.00143
test_10353,0.00824
test_10354,0.99999
test_10355,0.32596
test_10356,0.00076
test_10357,0.00374
test_10358,0.85098
test_10359,0.00715
test_10360,0.00006
test_10361,0.99997
test_10362,0.47896
test_10363,0.87945
test_10364,0.11461
test_10365,0.00335
test_10366,0.28060
test_10367,0.16377
test_10368,0.00297
test_10369,0.71259
test_10370,0.12043
test_10371,0.99795
test_10372,0.00538
test_10373,0.97640
test_10374,0.00086
test_10375,0.04410
test_10376,0.99942
test_10377,0.00071
test_10378,0.00410
test_10379,0.01172
test_10380,0.99833
test_10381,0.42214
test_10382,0.99366
test_10383,0.96596
test_10384,0.00021
test_10385,0.00855
test_10386,0.85212
test_10387,0.98732
test_10388,0.00652
test_10389,0.02040
test_10390,0.00412
test_10391,0.68423
test_10392,0.03081
test_10393,0.00959
test_10394,0.44495
test_10395,0.99680
test_10396,0.01022
test_10397,0.09076
test_10398,0.69919
test_10399,0.00056
test_10400,0.99987
test_10401,0.05481
test_10402,0.00615
test_10403,0.01258
test_10404,0.01716
test_10405,0.04640
test_10406,0.99908
test_10407,0.99980
test_10408,0.99711
test_10409,0.00103
test_10410,0.00108
test_10411,0.97419
test_10412,0.00048
test_10413,0.11109
test_10414,0.02089
test_10415,0.70175
test_10416,0.10602
test_10417,0.97262
test_10418,0.33069
test_10419,0.99459
test_10420,0.96613
test_10421,0.80639
test_10422,0.12424
test_10423,0.99754
test_10424,0.97938
test_10425,0.04815
test_10426,0.94931
test_10427,0.99960
test_10428,0.46841
test_10429,0.56797
test_10430,0.00278
test_10431,0.01542
test_10432,0.00110
test_10433,0.99987
test_10434,0.99991
test_10435,0.00034
test_10436,0.91322
test_10437,0.00703
test_10438,0.99982
test_10439,0.27527
test_10440,0.00010
test_10441,0.74571
test_10442,0.92395
test_10443,0.99999
test_10444,0.78158
test_10445,0.34544
test_10446,0.99861
test_10447,0.99968
test_10448,0.00008
test_10449,0.99813
test_10450,0.99440
test_10451,0.99974
test_10452,0.89514
test_10453,0.95435
test_10454,0.00751
test_10455,0.01029
test_10456,0.01037
test_10457,0.99908
test_10458,0.03523
test_10459,0.19409
test_10460,0.54560
test_10461,0.71170
test_10462,0.20162
test_10463,0.00571
test_10464,0.52887
test_10465,0.00029
test_10466,0.99935
test_10467,0.93390
test_10468,0.97471
test_10469,0.43401
test_10470,0.99817
test_10471,0.35972
test_10472,0.99925
test_10473,0.97666
test_10474,0.99780
test_10475,0.85532
test_10476,0.00038
test_10477,0.14821
test_10478,0.00035
test_10479,0.99923
test_10480,0.99962
test_10481,0.33113
test_10482,0.00210
test_10483,0.98142
test_10484,0.88215
test_10485,0.00017
test_10486,0.00035
test_10487,0.94771
test_10488,0.00004
test_10489,0.24155
test_10490,0.99885
test_10491,0.05229
test_10492,0.02579
test_10493,0.99952
test_10494,0.33158
test_10495,0.98808
test_10496,0.63615
test_10497,0.00046
test_10498,0.00007
test_10499,0.94117
test_10500,0.97026
test_10501,0.54484
test_10502,0.46305
test_10503,0.75864
test_10504,0.00063
test_10505,0.98814
test_10506,0.99993
test_10507,0.00044
test_10508,0.66436
test_10509,0.98308
test_10510,0.83067
test_10511,0.00075
test_10512,0.00735
test_10513,0.99863
test_10514,0.99851
test_10515,0.00308
test_10516,0.96114
test_10517,0.65516
test_10518,0.46195
test_10519,0.00007
test_10520,0.99991
test_10521,0.99715
test_10522,0.59120
test_10523,0.99997
test_10524,0.99712
test_10525,0.92347
test_10526,0.99916
test_10527,0.97707
test_10528,0.99227
test_10529,0.99908
test_10530,0.02201
test_10531,0.99873
test_10532,0.00037
test_10533,0.95228
test_10534,0.00808
test_10535,0.03401
test_10536,0.98687
test_10537,0.97643
test_10538,0.00021
test_10539,0.96262
test_10540,0.07160
test_10541,0.00362
test_10542,0.99196
test_10543,0.93172
test_10544,0.00218
test_10545,0.29167
test_10546,0.28040
test_10547,0.94365
test_10548,0.00017
test_10549,0.11513
test_10550,0.99947
test_10551,0.00006
test_10552,0.99940
test_10553,0.00162
test_10554,0.99993
test_10555,0.97177
test_10556,0.00044
test_10557,0.66691
test_10558,0.00224
test_10559,0.99324
test_10560,0.99996
test_10561,0.37691
test_10562,0.99645
test_10563,0.94981
test_10564,0.99949
test_10565,0.93700
test_10566,0.99859
test_10567,0.00283
test_10568,0.99659
test_10569,0.52070
test_10570,0.62465
test_10571,0.99809
test_10572,0.99991
test_10573,0.98707
test_10574,0.60013
test_10575,0.99911
test_10576,0.88573
test_10577,0.94573
test_10578,0.00904
test_10579,0.03886
test_10580,0.07386
test_10581,0.00801
test_10582,0.99861
test_10583,0.02867
test_10584,0.99465
test_10585,0.00007
test_10586,0.00376
test_10587,0.44101
test_10588,0.00002
test_10589,0.00781
test_10590,0.31758
test_10591,0.00082
test_10592,0.17018
test_10593,0.99865
test_10594,0.99948
test_10595,0.00301
test_10596,0.96790
test_10597,0.00023
test_10598,0.99929
test_10599,0.99898
test_10600,0.00002
test_10601,0.00059
test_10602,0.82051
test_10603,0.52200
test_10604,0.98821
test_10605,0.97484
test_10606,0.99996
test_10607,0.00871
test_10608,0.05633
test_10609,0.98740
test_10610,0.00698
test_10611,0.39331
test_10612,0.00647
test_10613,0.00060
test_10614,0.00184
test_10615,0.99945
test_10616,0.99596
test_10617,0.71264
test_10618,0.99986
test_10619,0.99737
test_10620,0.99850
test_10621,0.99975
test_10622,0.80291
test_10623,0.00621
test_10624,0.00331
test_10625,0.04691
test_10626,0.00075
test_10627,0.27104
test_10628,0.99909
test_10629,0.96622
test_10630,0.89468
test_10631,0.89593
test_10632,0.73559
test_10633,0.99886
test_10634,0.99983
test_10635,0.00045
test_10636,0.94108
test_10637,0.98911
test_10638,0.00787
test_10639,0.99486
test_10640,0.00167
test_10641,0.99969
test_10642,0.98149
test_10643,0.99819
test_10644,0.80915
test_10645,0.03247
test_10646,0.20794
test_10647,0.26472
test_10648,0.48401
test_10649,0.94299
test_10650,0.75133
test_10651,0.84192
test_10652,0.00307
test_10653,0.99889
test_10654,0.09328
test_10655,0.00095
test_10656,0.99999
test_10657,0.00065
test_10658,0.99742
test_10659,0.71459
test_10660,0.93889
test_10661,0.98303
test_10662,0.00515
test_10663,0.02542
test_10664,0.99981
test_10665,0.97329
test_10666,0.49764
test_10667,0.68088
test_10668,0.91151
test_10669,0.39756
test_10670,0.00001
test_10671,0.37089
test_10672,0.00816
test_10673,0.16966
test_10674,0.06791
test_10675,0.04641
test_10676,0.99885
test_10677,0.99866
test_10678,0.93487
test_10679,0.98269
test_10680,0.01448
test_10681,1.00000
test_10682,0.99724
test_10683,0.06041
test_10684,0.01247
test_10685,0.29560
test_10686,0.99799
test_10687,0.02532
test_10688,0.20130
test_10689,0.00088
test_10690,0.99981
test_10691,0.09969
test_10692,0.35894
test_10693,0.00001
test_10694,0.87300
test_10695,0.99994
test_10696,0.19475
test_10697,0.00026
test_10698,0.94059
test_10699,0.99773
test_10700,0.00007
test_10701,0.78922
test_10702,0.00028
test_10703,0.05670
test_10704,0.84081
test_10705,0.95840
test_10706,0.00407
test_10707,0.99928
test_10708,1.00000
test_10709,0.97522
test_10710,0.99768
test_10711,0.99882
test_10712,0.99943
test_10713,0.02582
test_10714,0.62156
test_10715,0.56676
test_10716,0.72003
test_10717,0.99994
test_10718,0.43694
test_10719,0.96654
test_10720,0.99992
test_10721,0.00000
test_10722,0.97527
test_10723,0.00015
test_10724,0.00357
test_10725,0.00053
test_10726,0.95735
test_10727,0.08082
test_10728,0.00344
test_10729,0.00157
test_10730,0.06986
test_10731,0.00027
test_10732,0.89216
test_10733,0.02458
test_10734,0.00711
test_10735,0.99769
test_10736,0.00163
test_10737,0.00011
test_10738,0.99152
test_10739,0.99994
test_10740,0.98215
test_10741,0.99989
test_10742,0.45122
test_10743,0.99538
test_10744,0.02502
test_10745,0.03825
test_10746,0.12005
test_10747,0.99952
test_10748,0.98904
test_10749,0.99997
test_10750,0.99586
test_10751,0.00162
test_10752,0.98635
test_10753,0.99955
test_10754,0.97739
test_10755,0.00019
test_10756,0.97681
test_10757,0.00314
test_10758,0.00260
test_10759,0.01516
test_10760,0.06037
test_10761,0.00032
test_10762,0.99577
test_10763,0.99586
test_10764,0.99851
test_10765,0.10073
test_10766,0.98895
test_10767,0.88562
test_10768,0.58420
test_10769,0.01813
test_10770,0.00634
test_10771,0.99630
test_10772,0.00230
test_10773,0.99993
test_10774,0.97667
test_10775,0.06447
test_10776,0.68017
test_10777,0.00006
test_10778,0.99779
test_10779,0.99860
test_10780,0.99896
test_10781,0.99988
test_10782,0.65428
test_10783,0.10213
test_10784,0.00001
test_10785,0.94004
test_10786,0.93948
test_10787,0.99872
test_10788,0.01907
test_10789,0.00005
test_10790,0.24916
test_10791,0.02840
test_10792,0.99991
test_10793,0.99668
test_10794,0.23766
test_10795,0.12126
test_10796,0.84790
test_10797,0.02811
test_10798,0.98274
test_10799,0.01024
test_10800,0.99423
test_10801,0.00592
test_10802,0.00091
test_10803,0.98718
test_10804,0.98843
test_10805,0.00096
test_10806,0.99958
test_10807,0.99255
test_10808,0.99343
test_10809,0.99910
test_10810,0.98699
test_10811,0.96637
test_10812,0.42425
test_10813,0.00134
test_10814,0.00035
test_10815,0.98513
test_10816,0.03699
test_10817,0.71246
test_10818,0.99960
test_10819,0.98089
test_10820,0.00036
test_10821,0.14933
test_10822,0.61308
test_10823,0.42165
test_10824,0.00001
test_10825,0.97258
test_10826,0.99997
test_10827,0.84728
test_10828,0.97660
test_10829,0.10885
test_10830,0.99986
test_10831,0.66298
test_10832,0.49915
test_10833,0.99442
test_10834,0.98936
test_10835,0.08656
test_10836,0.00001
test_10837,0.16047
test_10838,0.14938
test_10839,0.01116
test_10840,0.99554
test_10841,0.01610
test_10842,0.37976
test_10843,0.00012
test_10844,0.01856
test_10845,0.00003
test_10846,0.99999
test_10847,0.00204
test_10848,0.03329
test_10849,0.00014
test_10850,0.00060
test_10851,0.00105
test_10852,0.01198
test_10853,0.00468
test_10854,0.96299
test_10855,0.00212
test_10856,0.03253
test_10857,0.98698
test_10858,0.00323
test_10859,0.96450
test_10860,0.00214
test_10861,0.52791
test_10862,0.46560
test_10863,0.99947
test_10864,0.29485
test_10865,0.96952
test_10866,0.99279
test_10867,0.95705
test_10868,0.00426
test_10869,0.12100
test_10870,0.10488
test_10871,0.00001
test_10872,0.99974
test_10873,0.99782
test_10874,0.10471
test_10875,0.71613
test_10876,0.02770
test_10877,0.92805
test_10878,0.97831
test_10879,0.00419
test_10880,0.35990
test_10881,0.00013
test_10882,0.05185
test_10883,0.66255
test_10884,0.99991
test_10885,0.75520
test_10886,0.14266
test_10887,0.99911
test_10888,0.99309
test_10889,0.21029
test_10890,0.01338
test_10891,0.00520
test_10892,0.99793
test_10893,0.02606
test_10894,0.29135
test_10895,0.96006
test_10896,0.00425
test_10897,0.00124
test_10898,0.82178
test_10899,0.68019
test_10900,0.14800
test_10901,0.99294
test_10902,0.96923
test_10903,0.92881
test_10904,0.99015
test_10905,0.99978
test_10906,0.99220
test_10907,0.00000
test_10908,0.16669
test_10909,0.99970
test_10910,0.00023
test_10911,0.00108
test_10912,0.99771
test_10913,0.00036
test_10914,0.99866
test_10915,0.76887
test_10916,0.00013
test_10917,0.09170
test_10918,0.02487
test_10919,0.00051
test_10920,0.97789
test_10921,0.33904
test_10922,0.99155
test_10923,0.99996
test_10924,0.99998
test_10925,0.93406
test_10926,0.00167
test_10927,0.68235
test_10928,0.01218
test_10929,0.00097
test_10930,0.66164
test_10931,0.05859
test_10932,0.97790
test_10933,0.99689
test_10934,0.00001
test_10935,0.00111
test_10936,0.62016
test_10937,0.99837
test_10938,0.01693
test_10939,0.90007
test_10940,0.00000
test_10941,0.00186
test_10942,0.06193
test_10943,0.00583
test_10944,0.81146
test_10945,0.00007
test_10946,0.00053
test_10947,0.99766
test_10948,0.04368
test_10949,0.01116
test_10950,0.12256
test_10951,0.98889
test_10952,0.00002
test_10953,0.87873
test_10954,0.99999
test_10955,0.99917
test_10956,0.00331
test_10957,0.00864
test_10958,0.00020
test_10959,0.01127
test_10960,0.97435
test_10961,0.68922
test_10962,0.35560
test_10963,0.10875
test_10964,0.02162
test_10965,0.03692
test_10966,0.00453
test_10967,0.23959
test_10968,0.00133
test_10969,0.99160
test_10970,0.01729
test_10971,0.95158
test_10972,0.88275
test_10973,0.00003
test_10974,0.02079
test_10975,0.98717
test_10976,0.98056
test_10977,0.81835
test_10978,0.99032
test_10979,0.00073
test_10980,0.92699
test_10981,0.95669
test_10982,0.99520
test_10983,0.00545
test_10984,0.99955
test_10985,0.97241
test_10986,0.00092
test_10987,0.99663
test_10988,0.00033
test_10989,0.00489
test_10990,0.01038
test_10991,0.00205
test_10992,0.99996
test_10993,0.99170
test_10994,0.00515
test_10995,0.00854
test_10996,0.97606
test_10997,0.99978
test_10998,0.00017
test_10999,0.00346
test_11000,0.04003
test_11001,0.97713
test_11002,0.00529
test_11003,0.00031
test_11004,0.08943
test_11005,0.99441
test_11006,0.00031
test_11007,0.00054
test_11008,0.62263
test_11009,0.02542
test_11010,0.99891
test_11011,0.97609
test_11012,0.05062
test_11013,0.97910
test_11014,0.95147
test_11015,0.07938
test_11016,0.04077
test_11017,0.03854
test_11018,0.99118
test_11019,0.00915
test_11020,0.12326
test_11021,0.99400
test_11022,0.24622
test_11023,0.01482
test_11024,0.99878
test_11025,0.98702
test_11026,0.99941
test_11027,0.99981
test_11028,0.79855
test_11029,0.95843
test_11030,0.99980
test_11031,0.03361
test_11032,0.00721
test_11033,0.00028
test_11034,0.02292
test_11035,0.99852
test_11036,0.99770
test_11037,0.00773
test_11038,0.99473
test_11039,0.50128
test_11040,0.99956
test_11041,0.80843
test_11042,0.08587
test_11043,0.99852
test_11044,0.99983
test_11045,0.99274
test_11046,0.99856
test_11047,0.97532
test_11048,0.98266
test_11049,0.43146
test_11050,0.00002
test_11051,0.95114
test_11052,0.99948
test_11053,0.99947
test_11054,0.90100
test_11055,0.00148
test_11056,0.98666
test_11057,0.00009
test_11058,0.76323
test_11059,0.02197
test_11060,0.92482
test_11061,0.00054
test_11062,0.96681
test_11063,0.00126
test_11064,0.99894
test_11065,0.99669
test_11066,1.00000
test_11067,0.00093
test_11068,0.00003
test_11069,0.99928
test_11070,0.99981
test_11071,0.99988
test_11072,0.00098
test_11073,0.00073
test_11074,0.00233
test_11075,0.99923
test_11076,0.99266
test_11077,0.60908
test_11078,0.01302
test_11079,0.99640
test_11080,0.00208
test_11081,0.00103
test_11082,0.03523
test_11083,0.03183
test_11084,0.93147
test_11085,0.97467
test_11086,0.03857
test_11087,0.98538
test_11088,0.00001
test_11089,0.36958
test_11090,0.98546
test_11091,0.99994
test_11092,0.00049
test_11093,0.99469
test_11094,0.95624
test_11095,0.89070
test_11096,0.91095
test_11097,0.73192
test_11098,0.40070
test_11099,0.99359
test_11100,0.99941
test_11101,0.00069
test_11102,0.34029
test_11103,0.99639
test_11104,0.22058
test_11105,0.07769
test_11106,0.75020
test_11107,0.99399
test_11108,0.89621
test_11109,0.85546
test_11110,0.93258
test_11111,0.93815
test_11112,0.97864
test_11113,0.07156
test_11114,0.77522
test_11115,0.99710
test_11116,0.99979
test_11117,0.64085
test_11118,0.99991
test_11119,0.98982
test_11120,0.02696
test_11121,0.97379
test_11122,0.95733
test_11123,0.95150
test_11124,0.99838
test_11125,0.99951
test_11126,0.99977
test_11127,0.97884
test_11128,0.03463
test_11129,0.23607
test_11130,0.99995
test_11131,0.00516
test_11132,0.92506
test_11133,0.02959
test_11134,0.05358
test_11135,0.89931
test_11136,0.99992
test_11137,0.10042
test_11138,0.99772
test_11139,0.06930
test_11140,0.42653
test_11141,0.94113
test_11142,0.00411
test_11143,0.99067
test_11144,0.99135
test_11145,0.01232
test_11146,0.00008
test_11147,0.99927
test_11148,0.00613
test_11149,0.01841
test_11150,0.99999
test_11151,0.01704
test_11152,0.99668
test_11153,0.99720
test_11154,0.98925
test_11155,0.00261
test_11156,0.25948
test_11157,0.99931
test_11158,0.00162
test_11159,0.01626
test_11160,0.44081
test_11161,0.39941
test_11162,0.00001
test_11163,0.00283
test_11164,0.01381
test_11165,0.95764
test_11166,0.71708
test_11167,0.00145
test_11168,0.15780
test_11169,0.99981
test_11170,0.97773
test_11171,0.00061
test_11172,0.51389
test_11173,0.95773
test_11174,0.00007
test_11175,0.00108
test_11176,0.03465
test_11177,0.00063
test_11178,0.00099
test_11179,0.02071
test_11180,0.00782
test_11181,0.98444
test_11182,0.07856
test_11183,0.16800
test_11184,0.87929
test_11185,0.92307
test_11186,0.04602
test_11187,0.00010
test_11188,0.99953
test_11189,0.03207
test_11190,0.00160
test_11191,0.99945
test_11192,0.01681
test_11193,0.00321
test_11194,0.00692
test_11195,1.00000
test_11196,0.36800
test_11197,0.87899
test_11198,0.97490
test_11199,0.00063
test_11200,0.00635
test_11201,0.07088
test_11202,0.91161
test_11203,0.97794
test_11204,0.38099
test_11205,0.05048
test_11206,0.93887
test_11207,0.00063
test_11208,0.94419
test_11209,0.00028
test_11210,0.99762
test_11211,0.00337
test_11212,0.79629
test_11213,0.10652
test_11214,0.00027
test_11215,0.00004
test_11216,0.00100
test_11217,0.75482
test_11218,0.99373
test_11219,0.62226
test_11220,0.99915
test_11221,0.02458
test_11222,0.00207
test_11223,0.01478
test_11224,0.99935
test_11225,0.00004
test_11226,0.25541
test_11227,0.96867
test_11228,0.06863
test_11229,0.95413
test_11230,0.01961
test_11231,0.86221
test_11232,0.00016
test_11233,0.90973
test_11234,0.99994
test_11235,0.72494
test_11236,0.01211
test_11237,0.00027
test_11238,0.99256
test_11239,0.99323
test_11240,0.99243
test_11241,0.85676
test_11242,0.99966
test_11243,0.98213
test_11244,0.11241
test_11245,0.11039
test_11246,0.99946
test_11247,0.00370
test_11248,0.99965
test_11249,0.00145
test_11250,0.99975
test_11251,0.99914
test_11252,0.03973
test_11253,0.15738
test_11254,0.89220
test_11255,0.02179
test_11256,0.60124
test_11257,0.99857
test_11258,0.83426
test_11259,0.00002
test_11260,0.00007
test_11261,0.00122
test_11262,0.99937
test_11263,0.85701
test_11264,0.84003
test_11265,0.52519
test_11266,0.01597
test_11267,0.69347
test_11268,0.94891
test_11269,0.01794
test_11270,0.99880
test_11271,0.76729
test_11272,0.00000
test_11273,0.87551
test_11274,0.99897
test_11275,0.52858
test_11276,0.00079
test_11277,0.99967
test_11278,0.00289
test_11279,0.65319
test_11280,0.98973
test_11281,0.92646
test_11282,0.66629
test_11283,0.00232
test_11284,0.04894
test_11285,0.00022
test_11286,0.00150
test_11287,0.99973
test_11288,0.96975
test_11289,0.00009
test_11290,0.95929
test_11291,0.99989
test_11292,0.99890
test_11293,0.00747
test_11294,0.99710
test_11295,0.93681
test_11296,0.00001
test_11297,1.00000
test_11298,0.00163
test_11299,0.98689
test_11300,0.99964
test_11301,0.99971
test_11302,0.00042
test_11303,0.85495
test_11304,0.99343
test_11305,0.00078
test_11306,0.98784
test_11307,0.98820
test_11308,0.99948
test_11309,0.00090
test_11310,0.39605
test_11311,0.00026
test_11312,0.77308
test_11313,0.00002
test_11314,0.01728
test_11315,0.52497
test_11316,0.12410
test_11317,0.44416
test_11318,0.73849
test_11319,0.00084
test_11320,0.17913
test_11321,0.00471
test_11322,0.00022
test_11323,0.00124
test_11324,0.11238
test_11325,0.93942
test_11326,0.00005
test_11327,0.78062
test_11328,0.99986
test_11329,0.03109
test_11330,0.49358
test_11331,0.00426
test_11332,0.99844
test_11333,0.89228
test_11334,0.18043
test_11335,0.32098
test_11336,0.70155
test_11337,0.99804
test_11338,0.80136
test_11339,0.09118
test_11340,0.64017
test_11341,0.97371
test_11342,0.16600
test_11343,0.91925
test_11344,0.03361
test_11345,0.00644
test_11346,0.16931
test_11347,0.37497
test_11348,0.09946
test_11349,0.00001
test_11350,0.73269
test_11351,0.00050
test_11352,0.00033
test_11353,0.99982
test_11354,0.00211
test_11355,0.06213
test_11356,0.01426
test_11357,0.00261
test_11358,0.03617
test_11359,0.18907
test_11360,0.84595
test_11361,0.11561
test_11362,0.00000
test_11363,0.00067
test_11364,0.00004
test_11365,0.05843
test_11366,0.99846
test_11367,0.02676
test_11368,0.01027
test_11369,0.49447
test_11370,0.96709
test_11371,0.00141
test_11372,0.04698
test_11373,0.00002
test_11374,0.35201
test_11375,0.00288
test_11376,0.02522
test_11377,0.98875
test_11378,0.47111
test_11379,0.00024
test_11380,0.00005
test_11381,0.14066
test_11382,0.98611
test_11383,0.24360
test_11384,0.05549
test_11385,0.99096
test_11386,0.99111
test_11387,0.99998
test_11388,0.01353
test_11389,0.08218
test_11390,0.84974
test_11391,0.96357
test_11392,0.99895
test_11393,0.95120
test_11394,0.74136
test_11395,0.25366
test_11396,0.27934
test_11397,0.00034
test_11398,0.99589
test_11399,0.50726
test_11400,0.48712
test_11401,0.99885
test_11402,0.56257
test_11403,0.16903
test_11404,0.99753
test_11405,0.00763
test_11406,0.00048
test_11407,0.00005
test_11408,0.21983
test_11409,0.00016
test_11410,0.00020
test_11411,0.04991
test_11412,0.96621
test_11413,0.00037
test_11414,0.13749
test_11415,0.98959
test_11416,0.00038
test_11417,0.99823
test_11418,0.12826
test_11419,0.99547
test_11420,0.01852
test_11421,0.00426
test_11422,0.35869
test_11423,0.02440
test_11424,0.99781
test_11425,0.01256
test_11426,0.00623
test_11427,0.99648
test_11428,0.00668
test_11429,0.99977
test_11430,0.02597
test_11431,0.99551
test_11432,0.96850
test_11433,0.03209
test_11434,0.99999
test_11435,0.99999
test_11436,0.80500
test_11437,0.91452
test_11438,0.00021
test_11439,0.00267
test_11440,0.00210
test_11441,0.00131
test_11442,0.00255
test_11443,0.78616
test_11444,0.00780
test_11445,0.55712
test_11446,0.00039
test_11447,0.98123
test_11448,0.34764
test_11449,0.99441
test_11450,0.99634
test_11451,0.98908
test_11452,0.94230
test_11453,0.00265
test_11454,0.00169
test_11455,0.01202
test_11456,0.00021
test_11457,0.66460
test_11458,0.13519
test_11459,0.00731
test_11460,0.15498
test_11461,0.98539
test_11462,0.99175
test_11463,0.00702
test_11464,0.99931
test_11465,0.98513
test_11466,0.80217
test_11467,0.00038
test_11468,0.13324
test_11469,0.00747
test_11470,0.01764
test_11471,0.73528
test_11472,0.00551
test_11473,0.96804
test_11474,0.97224
test_11475,0.44635
test_11476,0.00614
test_11477,0.79431
test_11478,0.94384
test_11479,0.01620
test_11480,0.99710
test_11481,0.02816
test_11482,0.56861
test_11483,0.94880
test_11484,0.01491
test_11485,0.99653
test_11486,0.98591
test_11487,0.23130
test_11488,0.00016
test_11489,0.99999
test_11490,0.98863
test_11491,0.01740
test_11492,0.82417
test_11493,0.99872
test_11494,0.25853
test_11495,0.03881
test_11496,0.99642
test_11497,0.98109
test_11498,0.35423
test_11499,0.90865
test_11500,0.04897
test_11501,0.01687
test_11502,0.00006
test_11503,0.23206
test_11504,0.99861
test_11505,0.99977
test_11506,0.00019
test_11507,0.00236
test_11508,0.00004
test_11509,0.00034
test_11510,0.00279
test_11511,0.00350
test_11512,0.00028
test_11513,0.01769
test_11514,0.05519
test_11515,0.02090
test_11516,0.04706
test_11517,0.77492
test_11518,0.03828
test_11519,0.98685
test_11520,0.66800
test_11521,0.00264
test_11522,0.00005
test_11523,0.65786
test_11524,0.00103
test_11525,0.97592
test_11526,0.02332
test_11527,0.03503
test_11528,0.50387
test_11529,0.00144
test_11530,0.96531
test_11531,0.99603
test_11532,0.99490
test_11533,0.19575
test_11534,0.99570
test_11535,0.48220
test_11536,0.99657
test_11537,0.99616
test_11538,0.46382
test_11539,0.99969
test_11540,0.99959
test_11541,0.29238
test_11542,0.01632
test_11543,1.00000
test_11544,0.00875
test_11545,0.47242
test_11546,0.00016
test_11547,0.98560
test_11548,0.04261
test_11549,0.00017
test_11550,0.99634
test_11551,0.01613
test_11552,0.98039
test_11553,0.98114
test_11554,0.16973
test_11555,1.00000
test_11556,0.80316
test_11557,0.99560
test_11558,0.99991
test_11559,0.00839
test_11560,0.10051
test_11561,0.00573
test_11562,0.99920
test_11563,0.99729
test_11564,0.03298
test_11565,0.21780
test_11566,0.00113
test_11567,0.96036
test_11568,0.00987
test_11569,0.00319
test_11570,0.00028
test_11571,0.39443
test_11572,0.01242
test_11573,0.66721
test_11574,0.99755
test_11575,0.97217
test_11576,0.97099
test_11577,0.99970
test_11578,0.08631
test_11579,0.99777
test_11580,0.99981
test_11581,0.72175
test_11582,0.00120
test_11583,0.04504
test_11584,0.99751
test_11585,0.01501
test_11586,1.00000
test_11587,0.99930
test_11588,0.07390
test_11589,0.33973
test_11590,0.99803
test_11591,0.90546
test_11592,0.99995
test_11593,0.01293
test_11594,0.82801
test_11595,0.00421
test_11596,0.99613
test_11597,0.99999
test_11598,0.22795
test_11599,0.00006
test_11600,0.30139
test_11601,0.99987
test_11602,0.03492
test_11603,0.98154
test_11604,0.99391
test_11605,0.99974
test_11606,0.02444
test_11607,0.99844
test_11608,0.04915
test_11609,1.00000
test_11610,0.16748
test_11611,0.99747
test_11612,0.99977
test_11613,0.99676
test_11614,0.01331
test_11615,0.20490
test_11616,0.99963
test_11617,0.99196
test_11618,0.99895
test_11619,0.98162
test_11620,0.05912
test_11621,0.00071
test_11622,0.87844
test_11623,0.00055
test_11624,0.80918
test_11625,0.99000
test_11626,0.99858
test_11627,0.99693
test_11628,0.00015
test_11629,0.61329
test_11630,0.00003
test_11631,0.00002
test_11632,0.14894
test_11633,0.96087
test_11634,0.39102
test_11635,0.99916
test_11636,0.99842
test_11637,0.99151
test_11638,0.35624
test_11639,0.07315
test_11640,0.94386
test_11641,0.99921
test_11642,0.99854
test_11643,0.04586
test_11644,0.99894
test_11645,0.43285
test_11646,0.00012
test_11647,0.56111
test_11648,0.99872
test_11649,0.25828
test_11650,0.92258
test_11651,0.05973
test_11652,0.00056
test_11653,0.03794
test_11654,0.00113
test_11655,0.07306
test_11656,0.97547
test_11657,0.00402
test_11658,0.00923
test_11659,0.00412
test_11660,0.82080
test_11661,0.00355
test_11662,0.99522
test_11663,0.00014
test_11664,0.05697
test_11665,0.62668
test_11666,0.00593
test_11667,0.00007
test_11668,0.99960
test_11669,0.99474
test_11670,0.14677
test_11671,0.56811
test_11672,0.99902
test_11673,0.15703
test_11674,0.09636
test_11675,0.00750
test_11676,0.99460
test_11677,0.39731
test_11678,0.00360
test_11679,0.99892
test_11680,0.02299
test_11681,0.05740
test_11682,0.05051
test_11683,0.67361
test_11684,0.99656
test_11685,0.13742
test_11686,0.99801
test_11687,0.17499
test_11688,0.01326
test_11689,0.02768
test_11690,0.98275
test_11691,0.98153
test_11692,0.22935
test_11693,0.76635
test_11694,0.00443
test_11695,0.99884
test_11696,0.00328
test_11697,0.00003
test_11698,0.01743
test_11699,0.16726
test_11700,0.30098
test_11701,0.83566
test_11702,0.02159
test_11703,0.00850
test_11704,0.99479
test_11705,0.99432
test_11706,0.99461
test_11707,0.18738
test_11708,0.99983
test_11709,0.87026
test_11710,0.90768
test_11711,0.42108
test_11712,0.75041
test_11713,0.98834
test_11714,0.99908
test_11715,0.99993
test_11716,0.09913
test_11717,0.00046
test_11718,0.04226
test_11719,0.00164
test_11720,0.99781
test_11721,0.99392
test_11722,0.98409
test_11723,0.52112
test_11724,0.00000
test_11725,0.41532
test_11726,0.96226
test_11727,0.99429
test_11728,0.99754
test_11729,0.94160
test_11730,0.01341
test_11731,0.00102
test_11732,0.99951
test_11733,0.99997
test_11734,0.00095
test_11735,0.99526
test_11736,0.01717
test_11737,0.00093
test_11738,0.99875
test_11739,0.47556
test_11740,0.13287
test_11741,0.18193
test_11742,0.25083
test_11743,0.97863
test_11744,0.98549
test_11745,0.00038
test_11746,0.98232
test_11747,0.00396
test_11748,0.01531
test_11749,0.98882
test_11750,0.04504
test_11751,0.39798
test_11752,0.99894
test_11753,0.08052
test_11754,0.79192
test_11755,0.65640
test_11756,0.99836
test_11757,0.21721
test_11758,0.00153
test_11759,0.99894
test_11760,0.09885
test_11761,0.99964
test_11762,0.95303
test_11763,0.86676
test_11764,0.99971
test_11765,0.00687
test_11766,0.53013
test_11767,0.06708
test_11768,0.88703
test_11769,0.98297
test_11770,0.04644
test_11771,0.99452
test_11772,0.99947
test_11773,0.00407
test_11774,0.01932
test_11775,0.98006
test_11776,0.66379
test_11777,0.98915
test_11778,0.99992
test_11779,0.99171
test_11780,0.99992
test_11781,0.00050
test_11782,0.00128
test_11783,0.01404
test_11784,0.99922
test_11785,0.00658
test_11786,0.96240
test_11787,0.00058
test_11788,0.00406
test_11789,0.00141
test_11790,0.00034
test_11791,0.99882
test_11792,0.86746
test_11793,0.80816
test_11794,0.95622
test_11795,0.99445
test_11796,0.00009
test_11797,0.98408
test_11798,0.02867
test_11799,0.99906
test_11800,0.00603
test_11801,0.00435
test_11802,0.01324
test_11803,0.00012
test_11804,0.00010
test_11805,0.12878
test_11806,0.03171
test_11807,0.99998
test_11808,0.98805
test_11809,0.57276
test_11810,0.87050
test_11811,0.00022
test_11812,0.08023
test_11813,0.00012
test_11814,0.00784
test_11815,0.00110
test_11816,0.98417
test_11817,0.00589
test_11818,0.00100
test_11819,0.86939
test_11820,0.14750
test_11821,0.99999
test_11822,0.94966
test_11823,0.99897
test_11824,0.95593
test_11825,0.99875
test_11826,0.01435
test_11827,0.98847
test_11828,0.00011
test_11829,0.26693
test_11830,0.94155
test_11831,0.02744
test_11832,0.69976
test_11833,0.00178
test_11834,0.54172
test_11835,0.02875
test_11836,0.84865
test_11837,0.99053
test_11838,0.04085
test_11839,0.07233
test_11840,0.30203
test_11841,0.06421
test_11842,0.02755
test_11843,0.00203
test_11844,0.00050
test_11845,0.44568
test_11846,0.08724
test_11847,0.89689
test_11848,0.95314
test_11849,0.00003
test_11850,0.99968
test_11851,0.07609
test_11852,0.03978
test_11853,0.99994
test_11854,0.00085
test_11855,0.79073
test_11856,0.99724
test_11857,0.00147
test_11858,0.99974
test_11859,0.89268
test_11860,0.35632
test_11861,0.02378
test_11862,0.01137
test_11863,0.25662
test_11864,0.97373
test_11865,0.99505
test_11866,0.96940
test_11867,0.97654
test_11868,0.03988
test_11869,0.99730
test_11870,0.98943
test_11871,0.99969
test_11872,0.99760
test_11873,0.52451
test_11874,0.99465
test_11875,0.92545
test_11876,0.99832
test_11877,0.25520
test_11878,0.33347
test_11879,0.44224
test_11880,0.00173
test_11881,0.99901
test_11882,0.99652
test_11883,0.00949
test_11884,0.78760
test_11885,0.14915
test_11886,0.00909
test_11887,0.99994
test_11888,0.24274
test_11889,0.02125
test_11890,0.00446
test_11891,0.45039
test_11892,0.00041
test_11893,0.99107
test_11894,0.03084
test_11895,0.01619
test_11896,1.00000
test_11897,0.03689
test_11898,0.10370
test_11899,0.99030
test_11900,0.67082
test_11901,0.83940
test_11902,0.99661
test_11903,0.99589
test_11904,0.99998
test_11905,1.00000
test_11906,0.00001
test_11907,0.97373
test_11908,0.00011
test_11909,0.00195
test_11910,0.94639
test_11911,0.23197
test_11912,0.09932
test_11913,0.01699
test_11914,0.00840
test_11915,0.00080
test_11916,0.01768
test_11917,0.41257
test_11918,0.82571
test_11919,0.10607
test_11920,0.99599
test_11921,0.02454
test_11922,0.01175
test_11923,0.94978
test_11924,0.97901
test_11925,0.99620
test_11926,0.99957
test_11927,0.95737
test_11928,0.15735
test_11929,0.00058
test_11930,0.99892
test_11931,0.48520
test_11932,0.05069
test_11933,0.32470
test_11934,0.00941
test_11935,0.00077
test_11936,0.99316
test_11937,0.02932
test_11938,0.99989
test_11939,0.26379
test_11940,0.97644
test_11941,0.00309
test_11942,0.78746
test_11943,0.00079
test_11944,0.00064
test_11945,0.99731
test_11946,0.73355
test_11947,0.07121
test_11948,0.07644
test_11949,0.62318
test_11950,0.00416
test_11951,0.00318
test_11952,0.00025
test_11953,0.75122
test_11954,0.00869
test_11955,0.99959
test_11956,0.18654
test_11957,0.98214
test_11958,0.71612
test_11959,0.83304
test_11960,0.00392
test_11961,0.00492
test_11962,0.00249
test_11963,0.80526
test_11964,0.04847
test_11965,0.63835
test_11966,0.98398
test_11967,0.02765
test_11968,0.99725
test_11969,0.00007
test_11970,0.03024
test_11971,0.00722
test_11972,0.99985
test_11973,0.03408
test_11974,0.99750
test_11975,0.99986
test_11976,0.04829
test_11977,0.99945
test_11978,0.99926
test_11979,0.99736
test_11980,0.92439
test_11981,0.00243
test_11982,0.99925
test_11983,0.99598
test_11984,0.90645
test_11985,0.00414
test_11986,0.99173
test_11987,0.17281
test_11988,0.88351
test_11989,0.08679
test_11990,0.99944
test_11991,0.84692
test_11992,0.01086
test_11993,0.97974
test_11994,0.41914
test_11995,0.57933
test_11996,0.00260
test_11997,0.99734
test_11998,0.00082
test_11999,0.02411
test_12000,0.99882
test_12001,0.00682
test_12002,0.00629
test_12003,0.93340
test_12004,0.04275
test_12005,0.00189
test_12006,0.36684
test_12007,0.22604
test_12008,0.00500
test_12009,0.18849
test_12010,0.00052
test_12011,0.99919
test_12012,0.77601
test_12013,0.00291
test_12014,0.45127
test_12015,0.99421
test_12016,0.97587
test_12017,0.99999
test_12018,0.99951
test_12019,0.99933
test_12020,0.99424
test_12021,0.99929
test_12022,0.98308
test_12023,0.00198
test_12024,0.00092
test_12025,0.94535
test_12026,0.00555
test_12027,0.99840
test_12028,0.02283
test_12029,0.13734
test_12030,0.00788
test_12031,0.99972
test_12032,0.43391
test_12033,0.99997
test_12034,0.99981
test_12035,0.90816
test_12036,0.00005
test_12037,0.01011
test_12038,0.02364
test_12039,0.00194
test_12040,0.99089
test_12041,0.99015
test_12042,0.00773
test_12043,0.99404
test_12044,0.00040
test_12045,0.00010
test_12046,0.99995
test_12047,0.00812
test_12048,0.99994
test_12049,0.00204
test_12050,0.03739
test_12051,0.00197
test_12052,0.24502
test_12053,0.04740
test_12054,0.97738
test_12055,0.96974
test_12056,0.67421
test_12057,0.98812
test_12058,0.81122
test_12059,0.99936
test_12060,0.99997
test_12061,0.00129
test_12062,0.04991
test_12063,0.99939
test_12064,0.99900
test_12065,0.02877
test_12066,0.00460
test_12067,0.99539
test_12068,0.02618
test_12069,0.00354
test_12070,0.00635
test_12071,0.99595
test_12072,0.99862
test_12073,0.00833
test_12074,0.09230
test_12075,0.83122
test_12076,0.93551
test_12077,0.00243
test_12078,0.99990
test_12079,0.40548
test_12080,0.00560
test_12081,0.99981
test_12082,0.10283
test_12083,0.00073
test_12084,0.99726
test_12085,0.99489
test_12086,0.99900
test_12087,0.97669
test_12088,0.02908
test_12089,0.00730
test_12090,0.06980
test_12091,0.99947
test_12092,0.99948
test_12093,0.98585
test_12094,0.99024
test_12095,0.89248
test_12096,0.88610
test_12097,0.01263
test_12098,0.51357
test_12099,0.00271
test_12100,0.04381
test_12101,0.99435
test_12102,0.00019
test_12103,0.00006
test_12104,0.32220
test_12105,0.00581
test_12106,0.98933
test_12107,0.99783
test_12108,0.99888
test_12109,0.00494
test_12110,0.02753
test_12111,0.99973
test_12112,0.99904
test_12113,0.90033
test_12114,0.99949
test_12115,0.00053
test_12116,0.00003
test_12117,0.00138
test_12118,0.98145
test_12119,0.99998
test_12120,0.97323
test_12121,0.00316
test_12122,0.03793
test_12123,0.00017
test_12124,0.99993
test_12125,0.13684
test_12126,0.99965
test_12127,0.99752
test_12128,0.91819
test_12129,0.22303
test_12130,0.98908
test_12131,0.75228
test_12132,0.09765
test_12133,0.99974
test_12134,0.99977
test_12135,0.01419
test_12136,0.99137
test_12137,0.60616
test_12138,0.00007
test_12139,0.70960
test_12140,0.98334
test_12141,0.00073
test_12142,0.92278
test_12143,0.95840
test_12144,0.65209
test_12145,0.11421
test_12146,0.99995
test_12147,0.01917
test_12148,0.01942
test_12149,0.99950
test_12150,0.00031
test_12151,0.88997
test_12152,0.95494
test_12153,0.02921
test_12154,1.00000
test_12155,0.96623
test_12156,0.03182
test_12157,0.96874
test_12158,0.00094
test_12159,0.99922
test_12160,0.99576
test_12161,0.99468
test_12162,1.00000
test_12163,0.39349
test_12164,0.91568
test_12165,0.03708
test_12166,0.97220
test_12167,0.96548
test_12168,0.01157
test_12169,0.97842
test_12170,0.01554
test_12171,0.00038
test_12172,0.64916
test_12173,0.99996
test_12174,0.05359
test_12175,0.99977
test_12176,0.87048
test_12177,0.01806
test_12178,0.42448
test_12179,0.01356
test_12180,0.83390
test_12181,0.98823
test_12182,0.37399
test_12183,0.99996
test_12184,0.00346
test_12185,0.99988
test_12186,0.93668
test_12187,0.10783
test_12188,0.00352
test_12189,0.37725
test_12190,0.81468
test_12191,0.99982
test_12192,0.00065
test_12193,0.00045
test_12194,0.03017
test_12195,0.00181
test_12196,0.02771
test_12197,0.31592
test_12198,0.08302
test_12199,0.49917
test_12200,0.93529
test_12201,0.00102
test_12202,0.99941
test_12203,0.99990
test_12204,0.13379
test_12205,0.00102
test_12206,0.00921
test_12207,0.03468
test_12208,0.99957
test_12209,0.97885
test_12210,0.03607
test_12211,0.00019
test_12212,0.99790
test_12213,0.08781
test_12214,0.99850
test_12215,0.95750
test_12216,0.68918
test_12217,0.00281
test_12218,0.78610
test_12219,0.00889
test_12220,0.02686
test_12221,0.08176
test_12222,0.00055
test_12223,0.00198
test_12224,0.85306
test_12225,0.00473
test_12226,0.00930
test_12227,0.06143
test_12228,0.99891
test_12229,0.00388
test_12230,0.06385
test_12231,0.00926
test_12232,0.00941
test_12233,0.00035
test_12234,0.99464
test_12235,0.08000
test_12236,0.20433
test_12237,0.99314
test_12238,0.99852
test_12239,0.99990
test_12240,0.18023
test_12241,0.19153
test_12242,0.00009
test_12243,0.98509
test_12244,0.00391
test_12245,0.40758
test_12246,0.99848
test_12247,0.00021
test_12248,0.00244
test_12249,0.00346
test_12250,0.44732
test_12251,0.00022
test_12252,0.48156
test_12253,0.79477
test_12254,0.68145
test_12255,0.04907
test_12256,0.09857
test_12257,0.77580
test_12258,0.00019
test_12259,0.98367
test_12260,0.99811
test_12261,0.99473
test_12262,0.03685
test_12263,0.14249
test_12264,0.04167
test_12265,0.05460
test_12266,0.12834
test_12267,0.01551
test_12268,0.02714
test_12269,0.99569
test_12270,0.03284
test_12271,0.26139
test_12272,0.99496
test_12273,0.07043
test_12274,0.74094
test_12275,0.00015
test_12276,0.43085
test_12277,0.43636
test_12278,0.00690
test_12279,0.97881
test_12280,0.99255
test_12281,0.02173
test_12282,0.01493
test_12283,0.81818
test_12284,0.00188
test_12285,0.04251
test_12286,0.05808
test_12287,0.96617
test_12288,0.99996
test_12289,0.00002
test_12290,0.00155
test_12291,0.00765
test_12292,0.08404
test_12293,0.96156
test_12294,0.11649
test_12295,0.78652
test_12296,0.85720
test_12297,0.00183
test_12298,0.02256
test_12299,0.44379
test_12300,0.45625
test_12301,0.95417
test_12302,0.36526
test_12303,0.00101
test_12304,0.99975
test_12305,0.00000
test_12306,0.98230
test_12307,0.96685
test_12308,0.13008
test_12309,0.99074
test_12310,0.00249
test_12311,0.99080
test_12312,0.94362
test_12313,0.71516
test_12314,0.99973
test_12315,0.00000
test_12316,0.00149
test_12317,0.00068
test_12318,0.00084
test_12319,0.47331
test_12320,0.99992
test_12321,0.98980
test_12322,0.02660
test_12323,0.16635
test_12324,0.03074
test_12325,0.35784
test_12326,0.99894
test_12327,1.00000
test_12328,0.00008
test_12329,0.15850
test_12330,0.99928
test_12331,0.08366
test_12332,0.92896
test_12333,0.00106
test_12334,0.00432
test_12335,0.99401
test_12336,0.19706
test_12337,0.39520
test_12338,0.01362
test_12339,0.99304
test_12340,0.36040
test_12341,0.18179
test_12342,0.00081
test_12343,0.00104
test_12344,0.97946
test_12345,0.99275
test_12346,0.99804
test_12347,0.99927
test_12348,0.45154
test_12349,0.73227
test_12350,0.00682
test_12351,0.73367
test_12352,0.79715
test_12353,0.99769
test_12354,0.02876
test_12355,0.00017
test_12356,0.72482
test_12357,0.99292
test_12358,0.01166
test_12359,0.96575
test_12360,0.00404
test_12361,0.99708
test_12362,0.06951
test_12363,0.00066
test_12364,0.00060
test_12365,0.99735
test_12366,0.78917
test_12367,0.00295
test_12368,0.99960
test_12369,0.97240
test_12370,0.52704
test_12371,0.97098
test_12372,0.99743
test_12373,0.98934
test_12374,0.00069
test_12375,0.97429
test_12376,0.00057
test_12377,0.00002
test_12378,0.00063
test_12379,0.02245
test_12380,0.00073
test_12381,0.89602
test_12382,0.00536
test_12383,0.00265
test_12384,0.71771
test_12385,0.02741
test_12386,0.58318
test_12387,0.99976
test_12388,0.00251
test_12389,0.60928
test_12390,0.00006
test_12391,0.99949
test_12392,0.00083
test_12393,0.05249
test_12394,0.70872
test_12395,0.88346
test_12396,0.00245
test_12397,0.00140
test_12398,0.00810
test_12399,0.00046
test_12400,0.99996
test_12401,0.00023
test_12402,0.20294
test_12403,0.99760
test_12404,0.00023
test_12405,0.00594
test_12406,0.88800
test_12407,0.97549
test_12408,0.99983
test_12409,0.51400
test_12410,0.00024
test_12411,0.99184
test_12412,0.99989
test_12413,0.01692
test_12414,0.00011
test_12415,0.24440
test_12416,0.95084
test_12417,0.61132
test_12418,0.99998
test_12419,0.86060
test_12420,0.98733
test_12421,0.00057
test_12422,0.99964
test_12423,0.00122
test_12424,0.75207
test_12425,0.10212
test_12426,0.99142
test_12427,0.11005
test_12428,0.99495
test_12429,0.94319
test_12430,0.99917
test_12431,0.97191
test_12432,0.59157
test_12433,0.72025
test_12434,0.99987
test_12435,0.01840
test_12436,0.05238
test_12437,0.01430
test_12438,0.00712
test_12439,0.00319
test_12440,0.91860
test_12441,0.96883
test_12442,0.99986
test_12443,0.04727
test_12444,0.07812
test_12445,0.99436
test_12446,0.38853
test_12447,0.00001
test_12448,0.00048
test_12449,0.27825
test_12450,0.98494
test_12451,0.99509
test_12452,0.70009
test_12453,0.92126
test_12454,0.50744
test_12455,0.00057
test_12456,0.00438
test_12457,0.00227
test_12458,0.82064
test_12459,0.21539
test_12460,0.00533
test_12461,0.99970
test_12462,0.02178
test_12463,0.43824
test_12464,0.00058
test_12465,0.99907
test_12466,0.00015
test_12467,0.99955
test_12468,0.01794
test_12469,0.00152
test_12470,0.99987
test_12471,0.62399
test_12472,0.00040
test_12473,0.72345
test_12474,0.00002
test_12475,0.24404
test_12476,0.99187
test_12477,0.00137
test_12478,0.99999
test_12479,0.00002
test_12480,0.00616
test_12481,0.00379
test_12482,0.99572
test_12483,0.00093
test_12484,0.96715
test_12485,0.00209
test_12486,0.01175
test_12487,0.69092
test_12488,0.00074
test_12489,0.99988
test_12490,0.02794
test_12491,0.01300
test_12492,0.72610
test_12493,0.99777
test_12494,0.99854
test_12495,0.00072
test_12496,0.42729
test_12497,0.00018
test_12498,0.87891
test_12499,0.96195
test_12500,0.99998
test_12501,0.70255
test_12502,0.11762
test_12503,0.99877
test_12504,0.99630
test_12505,0.36484
test_12506,0.97098
test_12507,0.43023
test_12508,0.97886
test_12509,0.00001
test_12510,0.42889
test_12511,0.01088
test_12512,0.01636
test_12513,0.02188
test_12514,0.99851
test_12515,0.13447
test_12516,0.99705
test_12517,0.00031
test_12518,0.00729
test_12519,0.01209
test_12520,0.00006
test_12521,0.00069
test_12522,0.00956
test_12523,0.00013
test_12524,0.99944
test_12525,0.00559
test_12526,0.99847
test_12527,0.00002
test_12528,0.00000
test_12529,0.04932
test_12530,0.97388
test_12531,0.22419
test_12532,0.05587
test_12533,0.46398
test_12534,0.99393
test_12535,0.99920
test_12536,0.00052
test_12537,0.81735
test_12538,0.99943
test_12539,0.00481
test_12540,0.03790
test_12541,0.13088
test_12542,0.00093
test_12543,0.02304
test_12544,0.38390
test_12545,0.99609
test_12546,0.00686
test_12547,0.00131
test_12548,0.33471
test_12549,0.98895
test_12550,0.94042
test_12551,0.18556
test_12552,0.99702
test_12553,0.61644
test_12554,0.00004
test_12555,0.92999
test_12556,0.00151
test_12557,0.30269
test_12558,0.00432
test_12559,0.99552
test_12560,0.99738
test_12561,1.00000
test_12562,0.01073
test_12563,0.99655
test_12564,0.03134
test_12565,0.02946
test_12566,0.99987
test_12567,0.00138
test_12568,0.00134
test_12569,0.99274
test_12570,0.85960
test_12571,0.03050
test_12572,0.89667
test_12573,0.00061
test_12574,0.14793
test_12575,0.00131
test_12576,0.47861
test_12577,0.33109
test_12578,0.03981
test_12579,0.99966
test_12580,0.14233
test_12581,0.66766
test_12582,0.00146
test_12583,0.97056
test_12584,0.87729
test_12585,0.99622
test_12586,0.31034
test_12587,0.98773
test_12588,0.00005
test_12589,0.00146
test_12590,0.83694
test_12591,0.99563
test_12592,0.01990
test_12593,0.00347
test_12594,0.93411
test_12595,0.88352
test_12596,0.00958
test_12597,0.86310
test_12598,0.00003
test_12599,0.03022
test_12600,0.96771
test_12601,0.99186
test_12602,0.12209
test_12603,0.99890
test_12604,0.13074
test_12605,0.08395
test_12606,0.99630
test_12607,0.00027
test_12608,0.98710
test_12609,0.20470
test_12610,0.03949
test_12611,0.07033
test_12612,0.07587
test_12613,0.95596
test_12614,0.78809
test_12615,0.44189
test_12616,0.00012
test_12617,0.00077
test_12618,0.04437
test_12619,0.36077
test_12620,0.99609
test_12621,0.26131
test_12622,0.00012
test_12623,0.79049
test_12624,1.00000
test_12625,0.00003
test_12626,0.00013
test_12627,0.00152
test_12628,0.00022
test_12629,0.99997
test_12630,0.00010
test_12631,0.99995
test_12632,0.43334
test_12633,0.03359
test_12634,0.06861
test_12635,0.00171
test_12636,0.99691
test_12637,0.90786
test_12638,0.01126
test_12639,0.99840
test_12640,0.31619
test_12641,0.03535
test_12642,0.77285
test_12643,0.99995
test_12644,0.00415
test_12645,0.99980
test_12646,0.97682
test_12647,0.00273
test_12648,0.00098
test_12649,0.00038
test_12650,0.94208
test_12651,0.98799
test_12652,0.00003
test_12653,0.01497
test_12654,0.04602
test_12655,0.99914
test_12656,0.99478
test_12657,0.99672
test_12658,0.99999
test_12659,0.00040
test_12660,0.39410
test_12661,0.99995
test_12662,0.88561
test_12663,0.03225
test_12664,0.02186
test_12665,0.99901
test_12666,0.13891
test_12667,0.60522
test_12668,0.00410
test_12669,0.03762
test_12670,0.99607
test_12671,0.98486
test_12672,0.00002
test_12673,0.00093
test_12674,0.34701
test_12675,0.01175
test_12676,0.99360
test_12677,0.97387
test_12678,0.03368
test_12679,0.99246
test_12680,0.92724
test_12681,0.16212
test_12682,0.98192
test_12683,0.00007
test_12684,0.99959
test_12685,0.00318
test_12686,0.83834
test_12687,0.99474
test_12688,0.89933
test_12689,0.39942
test_12690,0.09443
test_12691,0.99972
test_12692,0.94171
test_12693,0.95059
test_12694,0.00150
test_12695,0.00000
test_12696,0.70792
test_12697,0.05802
test_12698,0.64954
test_12699,0.91112
test_12700,0.01285
test_12701,0.67075
test_12702,0.00556
test_12703,0.00847
test_12704,0.99715
test_12705,0.99953
test_12706,0.09497
test_12707,0.99003
test_12708,0.70423
test_12709,0.99982
test_12710,0.05369
test_12711,0.96166
test_12712,0.99981
test_12713,0.02530
test_12714,0.00020
test_12715,0.26048
test_12716,0.00112
test_12717,0.01024
test_12718,0.00270
test_12719,0.40714
test_12720,0.99125
test_12721,0.98596
test_12722,0.99713
test_12723,0.00006
test_12724,0.00133
test_12725,0.26525
test_12726,0.07034
test_12727,0.49839
test_12728,0.46560
test_12729,0.95207
test_12730,0.00100
test_12731,0.99735
test_12732,0.40544
test_12733,0.95890
test_12734,0.98623
test_12735,0.99579
test_12736,0.75600
test_12737,0.99816
test_12738,0.03364
test_12739,0.98814
test_12740,0.00090
test_12741,0.00389
test_12742,0.10726
test_12743,0.09158
test_12744,0.00075
test_12745,0.39303
test_12746,0.99534
test_12747,0.95093
test_12748,0.72943
test_12749,0.06674
test_12750,0.00197
test_12751,0.00091
test_12752,0.98301
test_12753,0.00023
test_12754,0.00006
test_12755,0.97373
test_12756,0.99750
test_12757,0.93858
test_12758,0.03627
test_12759,0.00169
test_12760,0.76528
test_12761,0.83727
test_12762,0.00921
test_12763,0.92397
test_12764,0.00004
test_12765,0.95111
test_12766,0.00058
test_12767,0.00087
test_12768,0.99940
test_12769,0.97610
test_12770,0.00040
test_12771,0.01031
test_12772,0.42481
test_12773,1.00000
test_12774,0.00204
test_12775,0.99975
test_12776,0.00004
test_12777,0.00604
test_12778,0.94149
test_12779,0.02258
test_12780,0.99977
test_12781,0.99997
test_12782,0.00037
test_12783,0.99992
test_12784,0.55000
test_12785,0.99268
test_12786,0.59133
test_12787,0.99960
test_12788,0.03963
test_12789,0.99839
test_12790,0.00063
test_12791,0.00286
test_12792,0.00051
test_12793,0.99535
test_12794,0.06348
test_12795,0.99580
test_12796,0.96043
test_12797,0.99483
test_12798,0.90653
test_12799,0.00000
test_12800,0.45371
test_12801,0.14610
test_12802,0.00019
test_12803,0.99498
test_12804,0.99994
test_12805,0.00453
test_12806,0.79196
test_12807,0.99953
test_12808,0.00012
test_12809,0.99937
test_12810,0.00020
test_12811,0.72719
test_12812,0.98944
test_12813,0.96583
test_12814,0.18920
test_12815,0.44023
test_12816,0.11026
test_12817,0.02558
test_12818,0.00001
test_12819,0.00097
test_12820,0.97945
test_12821,0.32367
test_12822,0.89152
test_12823,0.99180
test_12824,0.00153
test_12825,0.32649
test_12826,0.19531
test_12827,0.00031
test_12828,0.47377
test_12829,0.96069
test_12830,0.00163
test_12831,0.00320
test_12832,0.99639
test_12833,0.00002
test_12834,0.99996
test_12835,0.99891
test_12836,0.34905
test_12837,0.96651
test_12838,0.99939
test_12839,0.00001
test_12840,0.00110
test_12841,0.00652
test_12842,0.00088
test_12843,0.99988
test_12844,0.97621
test_12845,0.02988
test_12846,0.00065
test_12847,0.56928
test_12848,0.99828
test_12849,0.01525
test_12850,0.88460
test_12851,0.11326
test_12852,0.01609
test_12853,0.98559
test_12854,0.13053
test_12855,0.00691
test_12856,0.99601
test_12857,0.99575
test_12858,0.00053
test_12859,0.99846
test_12860,0.99984
test_12861,0.12737
test_12862,0.00358
test_12863,0.02125
test_12864,0.00011
test_12865,0.99880
test_12866,0.96310
test_12867,0.98235
test_12868,0.31752
test_12869,0.00030
test_12870,1.00000
test_12871,0.57568
test_12872,0.97860
test_12873,0.98946
test_12874,0.99600
test_12875,0.00201
test_12876,0.00005
test_12877,0.00409
test_12878,0.77369
test_12879,0.99836
test_12880,0.15201
test_12881,0.00001
test_12882,0.99920
test_12883,0.01600
test_12884,0.09433
test_12885,0.00093
test_12886,0.59748
test_12887,0.17515
test_12888,0.06424
test_12889,0.00060
test_12890,1.00000
test_12891,0.00012
test_12892,0.00605
test_12893,0.99799
test_12894,0.00399
test_12895,0.99483
test_12896,0.48465
test_12897,0.99241
test_12898,0.41303
test_12899,0.38655
test_12900,0.98352
test_12901,0.96165
test_12902,0.95379
test_12903,0.33150
test_12904,0.33681
test_12905,0.99787
test_12906,0.01678
test_12907,0.00006
test_12908,0.99376
test_12909,0.99209
test_12910,0.00637
test_12911,0.99949
test_12912,0.99557
test_12913,0.00044
test_12914,0.00007
test_12915,0.01047
test_12916,0.99852
test_12917,0.99187
test_12918,0.01893
test_12919,0.92294
test_12920,0.99993
test_12921,0.00003
test_12922,0.02907
test_12923,0.86996
test_12924,0.99773
test_12925,0.61711
test_12926,0.99965
test_12927,0.00458
test_12928,0.00367
test_12929,0.99883
test_12930,0.99712
test_12931,0.01923
test_12932,0.00472
test_12933,0.98924
test_12934,0.91582
test_12935,0.01465
test_12936,0.98266
test_12937,0.24011
test_12938,0.34162
test_12939,0.42856
test_12940,0.99704
test_12941,0.51651
test_12942,0.09411
test_12943,0.28394
test_12944,0.99962
test_12945,0.01195
test_12946,0.99998
test_12947,0.97249
test_12948,0.00380
test_12949,0.00022
test_12950,0.94595
test_12951,0.10806
test_12952,0.33819
test_12953,0.98879
test_12954,0.00273
test_12955,0.36169
test_12956,0.99889
test_12957,0.94015
test_12958,0.00453
test_12959,0.56963
test_12960,0.87069
test_12961,0.05304
test_12962,0.10534
test_12963,0.99996
test_12964,0.10729
test_12965,0.84211
test_12966,0.98933
test_12967,0.00305
test_12968,0.07939
test_12969,0.93217
test_12970,0.22398
test_12971,0.00058
test_12972,0.04462
test_12973,0.00016
test_12974,0.42239
test_12975,0.00263
test_12976,0.00193
test_12977,0.00188
test_12978,0.95557
test_12979,0.00081
test_12980,0.00229
test_12981,0.98863
test_12982,0.96640
test_12983,0.98081
test_12984,0.60864
test_12985,0.99700
test_12986,0.99840
test_12987,0.99947
test_12988,0.00114
test_12989,0.64850
test_12990,0.99867
test_12991,0.55004
test_12992,0.03376
test_12993,0.93369
test_12994,0.03070
test_12995,0.37024
test_12996,0.99885
test_12997,0.00139
test_12998,0.99864
test_12999,0.69993
test_13000,0.41908
test_13001,0.99971
test_13002,0.00411
test_13003,0.99972
test_13004,0.04385
test_13005,0.86962
test_13006,0.05833
test_13007,0.00004
test_13008,0.66785
test_13009,0.99853
test_13010,0.08245
test_13011,0.27895
test_13012,0.59589
test_13013,1.00000
test_13014,0.01272
test_13015,0.99989
test_13016,0.00788
test_13017,0.82455
test_13018,0.00117
test_13019,0.93991
test_13020,0.00404
test_13021,0.21629
test_13022,0.24672
test_13023,0.80312
test_13024,0.99630
test_13025,0.96786
test_13026,0.28508
test_13027,0.98813
test_13028,0.31844
test_13029,0.76800
test_13030,0.02559
test_13031,0.81256
test_13032,0.99518
test_13033,0.00057
test_13034,0.98625
test_13035,0.11349
test_13036,0.50392
test_13037,0.96189
test_13038,0.96919
test_13039,0.82471
test_13040,0.99610
test_13041,0.93185
test_13042,0.50287
test_13043,0.85477
test_13044,0.99778
test_13045,0.00023
test_13046,0.73935
test_13047,0.00043
test_13048,0.00045
test_13049,0.98965
test_13050,0.00034
test_13051,0.00062
test_13052,0.99895
test_13053,0.99945
test_13054,0.00152
test_13055,0.06753
test_13056,0.99869
test_13057,0.00126
test_13058,0.00255
test_13059,0.98052
test_13060,0.92513
test_13061,0.99981
test_13062,0.99987
test_13063,0.38417
test_13064,0.00076
test_13065,1.00000
test_13066,0.32952
test_13067,0.07939
test_13068,0.88820
test_13069,0.99996
test_13070,0.98047
test_13071,0.00147
test_13072,0.00031
test_13073,0.63956
test_13074,0.99874
test_13075,0.96765
test_13076,0.01960
test_13077,0.38246
test_13078,0.96856
test_13079,0.93470
test_13080,0.01700
test_13081,0.05352
test_13082,0.98181
test_13083,0.75662
test_13084,0.96710
test_13085,0.99987
test_13086,0.97915
test_13087,0.09073
test_13088,0.78292
test_13089,0.07106
test_13090,0.03579
test_13091,0.01786
test_13092,0.99845
test_13093,0.00001
test_13094,0.96699
test_13095,0.32364
test_13096,0.00001
test_13097,0.00156
test_13098,0.00030
test_13099,0.00583
test_13100,0.00480
test_13101,0.03533
test_13102,0.43275
test_13103,0.00749
test_13104,0.00004
test_13105,0.94101
test_13106,0.96580
test_13107,0.99630
test_13108,0.99972
test_13109,0.02239
test_13110,0.99999
test_13111,0.90369
test_13112,0.96194
test_13113,0.12714
test_13114,0.13822
test_13115,0.21089
test_13116,0.49169
test_13117,0.01114
test_13118,0.02635
test_13119,0.00765
test_13120,0.03403
test_13121,0.05180
test_13122,0.00031
test_13123,0.03708
test_13124,0.99589
test_13125,0.99961
test_13126,0.07616
test_13127,0.99998
test_13128,0.96250
test_13129,0.19452
test_13130,0.99397
test_13131,0.00883
test_13132,0.19631
test_13133,0.00136
test_13134,0.02862
test_13135,0.00058
test_13136,0.00923
test_13137,0.95494
test_13138,0.98987
test_13139,0.03923
test_13140,0.00729
test_13141,0.99978
test_13142,0.01791
test_13143,0.99110
test_13144,0.00006
test_13145,0.03891
test_13146,0.99903
test_13147,0.99999
test_13148,0.00091
test_13149,0.06126
test_13150,0.00759
test_13151,0.95113
test_13152,0.07903
test_13153,0.97030
test_13154,0.05718
test_13155,0.99998
test_13156,0.00017
test_13157,0.06983
test_13158,0.00824
test_13159,0.98357
test_13160,0.57348
test_13161,0.00196
test_13162,0.49576
test_13163,0.99999
test_13164,0.00174
test_13165,0.22929
test_13166,0.01251
test_13167,0.79150
test_13168,0.47659
test_13169,0.00669
test_13170,0.08076
test_13171,0.09103
test_13172,0.91257
test_13173,0.00070
test_13174,0.99971
test_13175,0.00093
test_13176,0.07922
test_13177,0.04310
test_13178,0.08571
test_13179,0.00788
test_13180,0.99945
test_13181,0.02672
test_13182,0.96577
test_13183,1.00000
test_13184,0.00246
test_13185,1.00000
test_13186,0.95687
test_13187,0.94117
test_13188,0.00051
test_13189,0.17578
test_13190,0.00000
test_13191,0.00185
test_13192,0.99368
test_13193,0.01218
test_13194,0.95708
test_13195,0.00933
test_13196,0.99964
test_13197,0.08166
test_13198,0.36371
test_13199,0.35805
test_13200,0.11445
test_13201,0.00091
test_13202,0.90367
test_13203,0.99998
test_13204,0.42019
test_13205,0.55419
test_13206,0.00001
test_13207,0.88623
test_13208,0.20213
test_13209,0.02547
test_13210,0.99988
test_13211,0.17314
test_13212,0.99874
test_13213,0.01438
test_13214,0.00025
test_13215,0.02851
test_13216,0.99988
test_13217,0.99952
test_13218,1.00000
test_13219,0.69719
test_13220,0.99563
test_13221,0.03659
test_13222,0.99738
test_13223,0.15832
test_13224,0.99376
test_13225,0.04180
test_13226,0.98516
test_13227,0.99194
test_13228,0.00014
test_13229,0.00056
test_13230,0.00009
test_13231,0.99094
test_13232,0.93565
test_13233,0.00158
test_13234,0.98996
test_13235,0.00319
test_13236,0.03597
test_13237,0.01096
test_13238,0.99943
test_13239,0.62599
test_13240,0.00040
test_13241,0.00241
test_13242,0.00124
test_13243,0.99925
test_13244,0.96497
test_13245,0.59393
test_13246,0.99132
test_13247,0.99775
test_13248,0.91912
test_13249,0.00587
test_13250,0.96437
test_13251,0.13923
test_13252,0.95304
test_13253,0.02783
test_13254,0.09534
test_13255,0.97516
test_13256,0.00473
test_13257,0.00400
test_13258,0.94302
test_13259,0.99892
test_13260,0.01989
test_13261,0.00071
test_13262,0.00553
test_13263,0.00339
test_13264,0.90890
test_13265,0.94506
test_13266,0.98798
test_13267,0.19713
test_13268,0.05069
test_13269,0.00002
test_13270,0.03315
test_13271,0.00426
test_13272,0.00006
test_13273,0.99977
test_13274,0.00510
test_13275,0.16720
test_13276,0.00580
test_13277,0.00824
test_13278,0.07215
test_13279,0.04582
test_13280,0.09778
test_13281,0.98465
test_13282,0.00518
test_13283,0.89977
test_13284,0.27307
test_13285,0.00117
test_13286,0.97008
test_13287,0.00021
test_13288,0.99701
test_13289,0.00057
test_13290,0.99974
test_13291,0.99978
test_13292,0.99972
test_13293,0.99810
test_13294,0.81573
test_13295,0.99928
test_13296,0.99267
test_13297,0.00255
test_13298,0.99876
test_13299,0.98894
test_13300,0.45335
test_13301,0.98824
test_13302,0.99804
test_13303,0.04405
test_13304,0.99445
test_13305,0.92291
test_13306,0.00000
test_13307,0.00445
test_13308,0.99917
test_13309,0.99350
test_13310,0.99998
test_13311,0.96907
test_13312,0.00378
test_13313,0.84312
test_13314,0.97847
test_13315,0.99984
test_13316,0.00116
test_13317,0.99736
test_13318,0.03620
test_13319,0.98985
test_13320,0.01445
test_13321,0.00557
test_13322,0.00770
test_13323,0.99052
test_13324,0.03830
test_13325,0.00140
test_13326,0.07118
test_13327,0.99943
test_13328,0.00096
test_13329,0.00707
test_13330,0.00042
test_13331,0.34480
test_13332,0.00032
test_13333,0.97331
test_13334,0.00631
test_13335,0.00075
test_13336,0.04514
test_13337,0.99455
test_13338,0.05577
test_13339,0.89822
test_13340,0.00011
test_13341,0.89021
test_13342,0.00025
test_13343,0.98099
test_13344,0.99963
test_13345,0.99174
test_13346,0.54187
test_13347,0.04420
test_13348,0.00425
test_13349,0.07093
test_13350,0.02631
test_13351,0.99856
test_13352,0.00020
test_13353,0.00777
test_13354,0.99800
test_13355,0.17051
test_13356,0.99898
test_13357,0.00133
test_13358,0.99850
test_13359,0.93700
test_13360,0.99999
test_13361,0.00200
test_13362,1.00000
test_13363,0.08505
test_13364,0.91399
test_13365,1.00000
test_13366,0.98108
test_13367,0.97753
test_13368,0.98468
test_13369,0.02681
test_13370,0.83944
test_13371,0.99924
test_13372,0.99955
test_13373,0.99566
test_13374,0.97241
test_13375,0.99681
test_13376,0.99702
test_13377,0.38414
test_13378,0.00726
test_13379,0.00391
test_13380,0.83435
test_13381,0.00133
test_13382,0.99762
test_13383,0.99680
test_13384,0.99493
test_13385,0.91145
test_13386,0.00020
test_13387,0.00002
test_13388,0.00896
test_13389,0.05516
test_13390,0.00138
test_13391,0.99960
test_13392,0.00828
test_13393,0.86397
test_13394,0.97655
test_13395,0.99960
test_13396,0.96746
test_13397,0.88336
test_13398,0.89567
test_13399,0.99160
test_13400,0.98771
test_13401,0.01937
test_13402,0.67889
test_13403,0.99613
test_13404,0.98446
test_13405,0.99001
test_13406,0.95636
test_13407,0.00020
test_13408,0.02007
test_13409,0.33734
test_13410,0.00394
test_13411,0.99890
test_13412,0.98786
test_13413,0.00860
test_13414,0.05121
test_13415,0.97868
test_13416,0.99970
test_13417,0.72772
test_13418,0.01280
test_13419,0.24587
test_13420,0.99805
test_13421,0.00109
test_13422,0.00076
test_13423,0.30739
test_13424,0.61643
test_13425,0.00766
test_13426,0.50325
test_13427,0.99894
test_13428,0.99966
test_13429,0.99922
test_13430,0.01733
test_13431,0.99883
test_13432,0.00184
test_13433,0.00083
test_13434,0.99541
test_13435,0.15233
test_13436,0.00086
test_13437,0.01614
test_13438,0.98049
test_13439,0.99984
test_13440,0.92486
test_13441,0.99505
test_13442,0.99567
test_13443,0.55062
test_13444,0.99956
test_13445,0.99994
test_13446,0.00022
test_13447,0.08791
test_13448,0.00038
test_13449,0.11017
test_13450,0.48482
test_13451,0.53799
test_13452,0.94893
test_13453,0.75945
test_13454,0.00075
test_13455,0.03120
test_13456,0.97850
test_13457,0.27842
test_13458,0.99821
test_13459,0.97518
test_13460,0.04927
test_13461,0.00154
test_13462,0.99504
test_13463,0.01700
test_13464,0.00023
test_13465,0.87493
test_13466,0.96654
test_13467,0.00001
test_13468,0.10242
test_13469,0.99159
test_13470,0.01536
test_13471,0.99987
test_13472,0.99966
test_13473,0.99997
test_13474,0.91062
test_13475,0.99902
test_13476,0.01100
test_13477,0.87609
test_13478,0.99389
test_13479,0.99673
test_13480,0.99575
test_13481,0.98679
test_13482,0.02053
test_13483,0.94347
test_13484,0.12179
test_13485,0.95921
test_13486,0.28707
test_13487,0.28457
test_13488,0.01059
test_13489,0.99922
test_13490,0.00109
test_13491,0.05098
test_13492,0.99987
test_13493,0.99990
test_13494,0.00159
test_13495,0.00458
test_13496,0.93559
test_13497,0.00984
test_13498,0.98535
test_13499,0.34850
test_13500,0.99711
test_13501,0.00031
test_13502,0.09320
test_13503,0.01578
test_13504,0.00086
test_13505,0.00058
test_13506,0.01117
test_13507,0.00800
test_13508,0.86429
test_13509,0.00091
test_13510,0.09507
test_13511,0.86418
test_13512,0.98804
test_13513,0.00194
test_13514,0.00112
test_13515,0.00287
test_13516,0.00395
test_13517,0.03230
test_13518,0.00077
test_13519,0.06256
test_13520,0.02774
test_13521,0.95887
test_13522,0.00509
test_13523,0.99945
test_13524,0.99375
test_13525,0.99884
test_13526,0.00056
test_13527,0.96656
test_13528,0.99938
test_13529,0.99961
test_13530,0.99992
test_13531,0.01184
test_13532,0.00112
test_13533,0.95926
test_13534,0.00419
test_13535,0.99989
test_13536,0.11884
test_13537,0.00109
test_13538,0.00022
test_13539,0.02955
test_13540,0.71925
test_13541,0.92012
test_13542,0.00043
test_13543,0.01172
test_13544,0.99899
test_13545,0.74357
test_13546,0.99392
test_13547,0.00049
test_13548,0.27053
test_13549,0.68983
test_13550,0.01554
test_13551,0.98374
test_13552,0.00003
test_13553,0.91775
test_13554,0.99996
test_13555,0.00399
test_13556,0.02500
test_13557,0.99115
test_13558,0.00256
test_13559,0.00027
test_13560,0.01373
test_13561,0.00036
test_13562,0.25005
test_13563,0.99893
test_13564,0.67128
test_13565,0.99987
test_13566,0.39628
test_13567,0.99985
test_13568,0.72064
test_13569,0.99728
test_13570,0.97076
test_13571,0.22000
test_13572,0.88216
test_13573,0.97161
test_13574,0.15007
test_13575,0.99955
test_13576,0.03431
test_13577,0.09104
test_13578,0.88160
test_13579,0.00415
test_13580,0.00010
test_13581,0.61233
test_13582,0.80019
test_13583,0.00077
test_13584,0.99997
test_13585,0.99639
test_13586,0.98675
test_13587,0.06471
test_13588,0.76527
test_13589,0.97450
test_13590,0.15875
test_13591,0.00001
test_13592,0.84020
test_13593,0.99834
test_13594,0.01013
test_13595,0.00004
test_13596,0.00008
test_13597,0.06656
test_13598,0.08567
test_13599,0.78877
test_13600,0.00113
test_13601,0.93882
test_13602,0.98436
test_13603,0.99617
test_13604,0.97809
test_13605,0.45839
test_13606,0.99745
test_13607,0.02998
test_13608,0.00505
test_13609,0.99988
test_13610,0.90749
test_13611,0.99840
test_13612,0.99346
test_13613,0.98678
test_13614,1.00000
test_13615,0.94169
test_13616,0.00231
test_13617,0.47145
test_13618,0.00010
test_13619,0.79302
test_13620,0.00755
test_13621,0.79943
test_13622,0.99998
test_13623,0.00014
test_13624,0.00039
test_13625,0.48512
test_13626,0.06918
test_13627,0.00013
test_13628,0.24914
test_13629,0.00287
test_13630,0.00030
test_13631,0.06753
test_13632,0.92840
test_13633,0.04880
test_13634,0.98123
test_13635,0.65288
test_13636,0.99983
test_13637,0.97355
test_13638,0.99400
test_13639,0.96796
test_13640,0.49114
test_13641,0.78706
test_13642,0.08665
test_13643,0.00004
test_13644,0.01347
test_13645,0.99999
test_13646,0.99972
test_13647,0.88003
test_13648,0.21324
test_13649,0.01624
test_13650,0.00018
test_13651,0.09792
test_13652,0.00099
test_13653,0.26723
test_13654,0.00094
test_13655,0.01993
test_13656,0.99491
test_13657,0.31426
test_13658,0.84622
test_13659,0.95624
test_13660,0.72323
test_13661,0.46934
test_13662,0.88909
test_13663,0.54296
test_13664,1.00000
test_13665,0.01775
test_13666,0.98739
test_13667,0.00285
test_13668,0.00856
test_13669,0.32464
test_13670,0.00974
test_13671,0.00024
test_13672,0.00030
test_13673,0.00225
test_13674,0.26055
test_13675,0.43867
test_13676,0.08574
test_13677,0.00167
test_13678,0.00005
test_13679,0.00012
test_13680,0.00354
test_13681,0.99975
test_13682,0.98048
test_13683,0.99991
test_13684,0.01320
test_13685,0.26882
test_13686,0.00177
test_13687,0.99742
test_13688,0.89683
test_13689,0.99873
test_13690,0.84196
test_13691,0.99080
test_13692,0.12566
test_13693,0.00971
test_13694,0.05455
test_13695,0.99441
test_13696,0.97967
test_13697,0.06023
test_13698,0.99996
test_13699,0.99950
test_13700,0.99868
test_13701,0.00000
test_13702,0.99955
test_13703,0.00450
test_13704,0.02447
test_13705,0.97498
test_13706,0.03202
test_13707,0.00278
test_13708,0.01778
test_13709,0.69858
test_13710,0.01480
test_13711,0.01048
test_13712,0.01013
test_13713,0.83256
test_13714,0.00204
test_13715,0.07430
test_13716,0.00895
test_13717,0.99687
test_13718,0.79732
test_13719,0.71755
test_13720,0.30355
test_13721,0.96941
test_13722,0.93777
test_13723,0.01926
test_13724,0.00642
test_13725,0.99240
test_13726,0.00013
test_13727,0.95470
test_13728,0.02540
test_13729,0.99300
test_13730,0.00823
test_13731,0.00041
test_13732,0.99676
test_13733,0.87166
test_13734,0.05161
test_13735,0.92882
test_13736,0.99095
test_13737,0.00008
test_13738,0.98718
test_13739,0.97879
test_13740,0.00300
test_13741,0.03959
test_13742,0.00331
test_13743,0.00668
test_13744,0.25347
test_13745,0.00268
test_13746,0.43896
test_13747,0.08179
test_13748,0.00009
test_13749,0.68919
test_13750,0.00274
test_13751,0.91646
test_13752,0.00028
test_13753,0.55034
test_13754,0.99997
test_13755,0.04477
test_13756,0.99567
test_13757,0.17458
test_13758,0.05560
test_13759,0.55902
test_13760,0.00085
test_13761,0.00074
test_13762,0.00014
test_13763,0.99977
test_13764,0.99996
test_13765,0.99241
test_13766,0.00149
test_13767,0.02863
test_13768,0.99969
test_13769,0.78939
test_13770,0.00357
test_13771,0.04572
test_13772,0.00124
test_13773,0.96004
test_13774,0.00015
test_13775,0.00028
test_13776,0.94483
test_13777,0.89214
test_13778,0.25271
test_13779,0.41993
test_13780,0.99956
test_13781,0.00002
test_13782,0.99785
test_13783,0.03576
test_13784,0.06734
test_13785,0.99999
test_13786,0.02293
test_13787,0.99682
test_13788,0.06066
test_13789,0.43341
test_13790,0.10372
test_13791,0.00651
test_13792,0.99753
test_13793,0.64772
test_13794,0.00693
test_13795,0.00072
test_13796,0.99924
test_13797,0.99902
test_13798,0.04867
test_13799,0.01782
test_13800,0.99562
test_13801,0.81021
test_13802,0.96394
test_13803,0.00005
test_13804,0.83517
test_13805,0.04357
test_13806,0.30730
test_13807,0.02138
test_13808,0.84972
test_13809,0.02680
test_13810,0.99980
test_13811,0.03194
test_13812,0.81116
test_13813,0.99740
test_13814,0.01880
test_13815,0.03742
test_13816,0.99328
test_13817,0.37557
test_13818,0.94005
test_13819,0.85466
test_13820,0.99049
test_13821,0.00006
test_13822,0.00288
test_13823,0.98957
test_13824,0.01515
test_13825,0.00708
test_13826,0.99981
test_13827,0.99287
test_13828,0.98156
test_13829,0.99926
test_13830,0.04400
test_13831,0.00026
test_13832,0.99880
test_13833,0.97781
test_13834,0.06320
test_13835,0.73447
test_13836,0.99950
test_13837,0.10445
test_13838,0.41311
test_13839,0.95393
test_13840,0.99495
test_13841,0.00003
test_13842,0.99811
test_13843,0.12924
test_13844,0.01083
test_13845,0.99555
test_13846,0.98987
test_13847,0.00010
test_13848,0.94903
test_13849,0.00203
test_13850,0.61358
test_13851,0.75192
test_13852,0.75247
test_13853,0.99990
test_13854,0.97515
test_13855,0.01489
test_13856,0.02498
test_13857,0.99960
test_13858,0.99959
test_13859,0.99999
test_13860,0.19260
test_13861,0.99962
test_13862,0.99971
test_13863,0.88110
test_13864,0.02628
test_13865,0.99952
test_13866,0.00000
test_13867,0.32892
test_13868,0.00961
test_13869,0.96076
test_13870,0.56952
test_13871,0.01069
test_13872,0.10526
test_13873,0.96061
test_13874,0.99770
test_13875,0.01337
test_13876,0.98565
test_13877,0.00315
test_13878,0.99815
test_13879,0.19957
test_13880,0.99577
test_13881,0.99870
test_13882,0.00259
test_13883,0.98908
test_13884,0.00002
test_13885,0.00899
test_13886,0.00851
test_13887,0.90825
test_13888,0.28622
test_13889,0.91677
test_13890,0.00017
test_13891,0.98089
test_13892,0.99996
test_13893,0.17022
test_13894,0.00011
test_13895,0.00844
test_13896,0.97698
test_13897,0.00056
test_13898,0.80226
test_13899,0.99768
test_13900,0.99597
test_13901,0.00139
test_13902,0.00383
test_13903,0.99637
test_13904,0.99999
test_13905,0.00102
test_13906,0.99674
test_13907,0.98752
test_13908,0.01425
test_13909,0.14607
test_13910,0.99999
test_13911,0.30839
test_13912,0.99322
test_13913,0.00376
test_13914,0.00054
test_13915,0.04056
test_13916,0.99845
test_13917,0.03429
test_13918,0.00016
test_13919,0.99999
test_13920,0.09262
test_13921,0.99257
test_13922,0.77190
test_13923,0.99982
test_13924,0.99997
test_13925,0.99982
test_13926,0.75556
test_13927,0.01551
test_13928,0.99910
test_13929,0.98080
test_13930,0.98584
test_13931,0.98770
test_13932,0.99960
test_13933,0.62582
test_13934,0.01135
test_13935,0.00517
test_13936,0.99950
test_13937,0.99689
test_13938,0.94087
test_13939,0.99710
test_13940,0.98081
test_13941,0.00923
test_13942,0.00263
test_13943,0.96399
test_13944,0.99984
test_13945,0.00562
test_13946,0.00858
test_13947,0.79518
test_13948,0.00089
test_13949,0.00150
test_13950,0.00001
test_13951,0.01750
test_13952,0.95737
test_13953,0.89298
test_13954,0.99846
test_13955,0.99495
test_13956,0.98283
test_13957,0.00429
test_13958,1.00000
test_13959,0.00033
test_13960,0.99143
test_13961,0.99903
test_13962,0.99624
test_13963,0.98288
test_13964,0.17985
test_13965,0.97419
test_13966,0.00136
test_13967,0.91304
test_13968,0.43580
test_13969,0.21814
test_13970,0.00001
test_13971,0.72050
test_13972,0.00051
test_13973,0.99865
test_13974,0.94195
test_13975,0.99895
test_13976,0.05259
test_13977,0.99991
test_13978,0.97367
test_13979,0.00165
test_13980,0.21704
test_13981,0.00506
test_13982,0.03727
test_13983,0.99984
test_13984,0.33321
test_13985,0.99990
test_13986,0.02893
test_13987,0.00962
test_13988,0.97005
test_13989,0.99998
test_13990,0.98679
test_13991,0.00571
test_13992,0.99899
test_13993,0.00405
test_13994,0.00349
test_13995,0.98048
test_13996,0.98522
test_13997,0.01211
test_13998,0.00076
test_13999,0.99983
test_14000,0.00014
test_14001,0.00106
test_14002,0.00165
test_14003,0.87821
test_14004,0.99747
test_14005,0.01094
test_14006,0.99969
test_14007,0.99894
test_14008,0.99787
test_14009,0.99431
test_14010,0.00122
test_14011,0.10128
test_14012,0.99999
test_14013,0.99138
test_14014,0.00290
test_14015,0.99602
test_14016,1.00000
test_14017,0.00011
test_14018,0.00490
test_14019,0.07378
test_14020,0.80827
test_14021,0.06494
test_14022,0.99973
test_14023,0.00002
test_14024,0.00611
test_14025,0.99520
test_14026,0.01487
test_14027,0.01120
test_14028,0.99593
test_14029,0.00203
test_14030,0.99953
test_14031,0.43952
test_14032,0.00069
test_14033,0.00048
test_14034,0.00036
test_14035,0.03475
test_14036,0.06786
test_14037,0.00732
test_14038,0.00412
test_14039,0.94887
test_14040,0.07170
test_14041,0.00049
test_14042,0.99916
test_14043,0.96479
test_14044,0.18236
test_14045,0.05465
test_14046,0.12134
test_14047,0.99743
test_14048,0.00005
test_14049,0.01375
test_14050,0.01089
test_14051,0.00052
test_14052,0.99511
test_14053,0.69061
test_14054,0.33225
test_14055,0.00064
test_14056,0.00009
test_14057,0.84284
test_14058,0.99552
test_14059,0.99741
test_14060,0.99960
test_14061,0.94317
test_14062,0.00103
test_14063,0.00003
test_14064,0.99896
test_14065,0.66443
test_14066,0.01216
test_14067,0.53845
test_14068,0.99470
test_14069,0.00337
test_14070,0.42292
test_14071,0.00809
test_14072,0.98547
test_14073,0.16637
test_14074,1.00000
test_14075,0.16775
test_14076,0.00018
test_14077,0.99208
test_14078,0.99701
test_14079,0.96619
test_14080,0.99712
test_14081,0.19229
test_14082,0.36829
test_14083,0.00482
test_14084,0.89299
test_14085,0.99665
test_14086,0.18253
test_14087,0.99999
test_14088,0.97494
test_14089,0.74031
test_14090,0.00823
test_14091,0.00205
test_14092,0.77303
test_14093,0.00968
test_14094,0.99991
test_14095,0.98279
test_14096,0.99672
test_14097,0.89270
test_14098,0.99815
test_14099,0.02431
test_14100,0.14168
test_14101,0.96701
test_14102,0.72288
test_14103,0.44757
test_14104,0.89730
test_14105,0.00073
test_14106,0.96645
test_14107,0.99641
test_14108,0.00068
test_14109,0.03416
test_14110,0.00165
test_14111,0.99442
test_14112,0.62206
test_14113,0.00631
test_14114,0.00253
test_14115,0.00001
test_14116,0.99992
test_14117,0.94795
test_14118,0.00216
test_14119,0.99944
test_14120,0.00441
test_14121,0.00000
test_14122,0.99830
test_14123,0.96686
test_14124,0.00137
test_14125,0.99910
test_14126,0.99868
test_14127,0.97583
test_14128,0.00037
test_14129,0.96519
test_14130,0.00226
test_14131,0.09795
test_14132,0.97231
test_14133,0.00187
test_14134,0.00057
test_14135,0.41382
test_14136,0.17075
test_14137,0.00004
test_14138,0.11710
test_14139,0.00261
test_14140,0.94230
test_14141,0.73126
test_14142,0.10803
test_14143,0.00215
test_14144,0.00003
test_14145,0.00067
test_14146,0.80879
test_14147,0.99681
test_14148,0.00011
test_14149,0.96188
test_14150,0.02245
test_14151,0.89029
test_14152,0.19141
test_14153,0.00053
test_14154,0.94223
test_14155,0.76256
test_14156,0.01212
test_14157,0.02462
test_14158,0.99474
test_14159,0.05006
test_14160,0.05343
test_14161,0.00559
test_14162,0.99991
test_14163,0.99786
test_14164,0.00216
test_14165,0.99970
test_14166,0.05665
test_14167,0.81510
test_14168,0.00001
test_14169,0.00068
test_14170,0.99970
test_14171,0.96378
test_14172,0.00128
test_14173,0.00009
test_14174,0.88478
test_14175,0.99991
test_14176,0.01042
test_14177,0.00022
test_14178,0.00877
test_14179,0.99891
test_14180,0.03043
test_14181,0.16446
test_14182,0.51274
test_14183,0.99728
test_14184,0.06875
test_14185,0.94756
test_14186,0.00302
test_14187,0.06711
test_14188,0.08752
test_14189,0.00002
test_14190,0.99939
test_14191,0.99982
test_14192,0.99996
test_14193,0.07294
test_14194,0.04957
test_14195,0.96371
test_14196,0.99072
test_14197,0.91195
test_14198,0.56367
test_14199,0.00159
test_14200,0.00719
test_14201,0.00378
test_14202,0.02156
test_14203,0.30703
test_14204,0.07774
test_14205,0.97429
test_14206,0.84687
test_14207,0.11692
test_14208,0.97653
test_14209,0.00013
test_14210,0.97830
test_14211,0.00024
test_14212,0.99998
test_14213,0.00194
test_14214,0.89784
test_14215,0.99550
test_14216,0.11032
test_14217,0.00025
test_14218,0.00555
test_14219,0.99789
test_14220,0.00243
test_14221,0.97023
test_14222,0.00136
test_14223,0.01417
test_14224,0.00041
test_14225,0.99720
test_14226,0.00886
test_14227,0.99825
test_14228,0.00018
test_14229,0.99586
test_14230,0.99993
test_14231,0.53369
test_14232,0.00198
test_14233,0.99958
test_14234,0.19135
test_14235,0.00298
test_14236,0.00720
test_14237,0.99990
test_14238,0.01064
test_14239,0.06181
test_14240,0.00009
test_14241,0.00665
test_14242,0.00931
test_14243,0.99721
test_14244,0.98206
test_14245,0.95182
test_14246,0.99999
test_14247,0.54645
test_14248,0.99558
test_14249,0.00000
test_14250,0.99923
test_14251,0.99957
test_14252,0.93869
test_14253,0.99907
test_14254,0.98186
test_14255,0.00165
test_14256,0.00997
test_14257,0.99826
test_14258,0.00135
test_14259,0.14285
test_14260,0.00066
test_14261,0.00113
test_14262,0.99918
test_14263,0.06526
test_14264,0.91293
test_14265,0.03182
test_14266,0.01560
test_14267,0.99213
test_14268,0.01368
test_14269,0.28302
test_14270,0.00226
test_14271,0.00007
test_14272,0.99510
test_14273,0.00403
test_14274,0.99987
test_14275,0.06159
test_14276,0.18984
test_14277,0.01453
test_14278,0.99457
test_14279,0.95692
test_14280,0.98713
test_14281,0.97347
test_14282,0.10030
test_14283,0.00008
test_14284,0.99995
test_14285,0.59878
test_14286,0.99810
test_14287,0.92695
test_14288,0.60352
test_14289,0.97058
test_14290,0.00722
test_14291,0.93663
test_14292,0.00243
test_14293,0.78921
test_14294,0.00252
test_14295,0.99985
test_14296,0.99817
test_14297,0.82056
test_14298,0.99780
test_14299,0.00414
test_14300,0.86113
test_14301,0.00394
test_14302,0.00063
test_14303,0.95076
test_14304,0.49509
test_14305,0.00411
test_14306,0.98725
test_14307,0.99942
test_14308,0.99958
test_14309,0.00005
test_14310,0.00000
test_14311,0.99331
test_14312,0.89339
test_14313,0.99540
test_14314,0.85114
test_14315,0.00000
test_14316,0.10021
test_14317,0.61961
test_14318,0.09886
test_14319,0.99987
test_14320,0.00510
test_14321,0.99487
test_14322,0.94136
test_14323,0.06444
test_14324,0.98249
test_14325,0.09294
test_14326,0.00070
test_14327,0.00750
test_14328,0.99999
test_14329,0.01703
test_14330,0.00037
test_14331,0.12260
test_14332,0.99967
test_14333,0.00557
test_14334,0.99653
test_14335,0.99489
test_14336,0.99939
test_14337,0.00426
test_14338,0.00024
test_14339,0.96104
test_14340,0.94641
test_14341,0.99582
test_14342,0.18384
test_14343,0.82584
test_14344,0.01879
test_14345,0.00003
test_14346,0.74138
test_14347,0.99989
test_14348,0.00987
test_14349,0.99599
test_14350,0.00463
test_14351,0.00004
test_14352,0.00012
test_14353,0.98648
test_14354,0.00441
test_14355,0.51123
test_14356,0.93789
test_14357,0.00349
test_14358,0.93601
test_14359,0.99076
test_14360,0.97310
test_14361,0.00042
test_14362,0.99855
test_14363,0.00336
test_14364,0.98308
test_14365,0.13820
test_14366,0.96103
test_14367,0.99354
test_14368,0.75538
test_14369,0.96915
test_14370,0.99953
test_14371,0.99578
test_14372,0.00356
test_14373,0.01934
test_14374,0.09419
test_14375,0.06180
test_14376,0.23204
test_14377,0.01929
test_14378,0.83964
test_14379,0.00011
test_14380,0.80515
test_14381,0.00969
test_14382,0.05098
test_14383,0.97450
test_14384,0.00001
test_14385,0.98458
test_14386,0.02575
test_14387,0.78940
test_14388,0.00855
test_14389,0.00058
test_14390,0.99967
test_14391,0.04330
test_14392,0.99957
test_14393,0.65255
test_14394,0.99983
test_14395,0.63172
test_14396,0.99161
test_14397,0.98983
test_14398,0.97501
test_14399,0.96833
test_14400,0.98145
test_14401,0.02717
test_14402,0.00089
test_14403,0.99932
test_14404,0.12336
test_14405,0.99881
test_14406,0.57705
test_14407,0.69880
test_14408,0.02699
test_14409,0.98164
test_14410,0.21789
test_14411,0.00034
test_14412,0.99881
test_14413,0.96300
test_14414,0.00033
test_14415,0.90905
test_14416,0.99957
test_14417,0.00724
test_14418,0.01012
test_14419,0.00008
test_14420,0.00006
test_14421,0.93628
test_14422,0.16884
test_14423,0.86369
test_14424,0.00027
test_14425,0.12447
test_14426,0.00891
test_14427,0.93229
test_14428,0.00828
test_14429,0.98637
test_14430,0.06955
test_14431,0.99739
test_14432,0.00653
test_14433,0.99731
test_14434,0.99139
test_14435,0.30959
test_14436,0.69159
test_14437,0.94112
test_14438,0.99993
test_14439,0.00073
test_14440,0.02054
test_14441,0.99924
test_14442,0.99155
test_14443,0.99221
test_14444,0.84293
test_14445,0.00045
test_14446,0.00705
test_14447,0.99987
test_14448,0.20809
test_14449,0.29869
test_14450,0.66715
test_14451,0.99645
test_14452,0.00055
test_14453,0.98918
test_14454,0.00005
test_14455,0.95607
test_14456,0.96558
test_14457,0.06968
test_14458,0.98084
test_14459,0.00066
test_14460,0.01077
test_14461,0.00176
test_14462,0.99662
test_14463,0.23272
test_14464,0.99978
test_14465,0.97791
test_14466,0.17231
test_14467,0.60113
test_14468,0.75070
test_14469,0.00257
test_14470,0.85794
test_14471,0.00015
test_14472,0.00061
test_14473,0.45920
test_14474,0.60832
test_14475,0.98914
test_14476,0.97641
test_14477,0.99580
test_14478,0.99957
test_14479,0.03253
test_14480,0.96836
test_14481,0.31161
test_14482,0.04029
test_14483,0.63575
test_14484,0.99993
test_14485,0.01531
test_14486,0.00046
test_14487,0.94572
test_14488,0.16945
test_14489,0.00000
test_14490,0.04248
test_14491,0.98570
test_14492,0.11638
test_14493,0.00321
test_14494,0.16746
test_14495,0.00027
test_14496,0.00947
test_14497,0.96606
test_14498,0.98016
test_14499,0.00553
test_14500,0.00003
test_14501,0.00079
test_14502,0.98641
test_14503,0.67662
test_14504,0.80620
test_14505,0.00012
test_14506,0.00004
test_14507,0.99435
test_14508,0.01303
test_14509,0.13701
test_14510,0.97968
test_14511,0.99837
test_14512,0.99965
test_14513,0.06209
test_14514,0.00000
test_14515,0.00109
test_14516,0.99994
test_14517,0.00005
test_14518,0.99427
test_14519,0.97140
test_14520,0.04714
test_14521,0.99901
test_14522,0.00023
test_14523,0.99269
test_14524,0.43019
test_14525,0.98622
test_14526,0.00000
test_14527,0.39665
test_14528,0.81448
test_14529,0.02064
test_14530,0.84643
test_14531,0.32597
test_14532,0.00001
test_14533,0.00077
test_14534,0.99986
test_14535,0.00310
test_14536,0.99994
test_14537,0.00034
test_14538,0.00049
test_14539,0.00006
test_14540,0.76917
test_14541,0.00359
test_14542,0.99890
test_14543,0.00272
test_14544,0.00898
test_14545,0.95656
test_14546,0.93136
test_14547,0.97911
test_14548,0.95318
test_14549,0.15924
test_14550,0.99795
test_14551,0.98578
test_14552,0.32251
test_14553,0.99746
test_14554,0.00122
test_14555,0.17586
test_14556,0.46836
test_14557,0.99975
test_14558,0.14130
test_14559,0.00193
test_14560,0.00894
test_14561,0.99503
test_14562,0.99987
test_14563,0.94154
test_14564,0.08013
test_14565,0.99100
test_14566,0.35266
test_14567,0.95197
test_14568,0.98144
test_14569,0.02754
test_14570,0.99932
test_14571,0.00066
test_14572,0.56810
test_14573,0.99971
test_14574,0.98457
test_14575,0.06044
test_14576,0.21210
test_14577,0.99979
test_14578,0.00234
test_14579,0.00040
test_14580,0.24349
test_14581,0.98063
test_14582,0.99718
test_14583,0.99963
test_14584,0.80297
test_14585,0.99804
test_14586,0.10676
test_14587,0.42289
test_14588,0.67570
test_14589,0.14413
test_14590,0.99925
test_14591,0.99906
test_14592,0.99951
test_14593,0.86024
test_14594,0.97596
test_14595,0.96379
test_14596,0.00325
test_14597,0.18888
test_14598,0.00161
test_14599,0.99921
test_14600,0.98873
test_14601,0.99988
test_14602,0.99807
test_14603,0.32922
test_14604,0.81707
test_14605,0.01762
test_14606,0.34379
test_14607,0.00603
test_14608,0.94324
test_14609,0.33681
test_14610,0.00353
test_14611,0.56569
test_14612,0.00400
test_14613,0.99400
test_14614,0.99993
test_14615,0.88914
test_14616,0.44019
test_14617,0.99976
test_14618,0.99977
test_14619,0.89893
test_14620,0.98695
test_14621,0.99910
test_14622,0.99308
test_14623,0.99969
test_14624,0.99869
test_14625,0.98226
test_14626,0.99990
test_14627,0.78195
test_14628,0.18831
test_14629,0.99422
test_14630,0.00001
test_14631,0.78782
test_14632,0.00031
test_14633,0.96526
test_14634,0.12188
test_14635,0.94030
test_14636,0.00631
test_14637,0.95077
test_14638,0.99972
test_14639,0.00001
test_14640,0.01351
test_14641,0.01861
test_14642,0.00088
test_14643,0.99866
test_14644,0.09182
test_14645,0.35934
test_14646,0.52914
test_14647,0.04338
test_14648,0.07026
test_14649,0.98589
test_14650,0.99264
test_14651,0.97538
test_14652,0.01016
test_14653,0.99668
test_14654,0.00811
test_14655,0.05041
test_14656,0.00143
test_14657,0.97479
test_14658,0.00153
test_14659,0.15526
test_14660,0.00273
test_14661,0.01871
test_14662,0.99663
test_14663,0.73607
test_14664,0.99699
test_14665,0.00005
test_14666,0.99989
test_14667,0.51974
test_14668,0.99821
test_14669,0.43477
test_14670,0.99213
test_14671,0.03762
test_14672,0.98131
test_14673,0.68053
test_14674,0.99960
test_14675,0.92768
test_14676,0.99655
test_14677,0.03927
test_14678,0.99304
test_14679,0.98542
test_14680,0.00037
test_14681,0.05906
test_14682,0.99981
test_14683,0.00344
test_14684,0.99990
test_14685,0.95341
test_14686,0.02615
test_14687,0.10936
test_14688,0.98962
test_14689,0.00108
test_14690,0.91545
test_14691,0.66050
test_14692,0.00205
test_14693,0.99650
test_14694,0.46408
test_14695,0.73932
test_14696,0.99982
test_14697,0.07114
test_14698,0.75507
test_14699,0.99875
test_14700,0.99933
test_14701,0.01661
test_14702,0.99986
test_14703,0.55940
test_14704,0.99954
test_14705,0.25571
test_14706,0.46753
test_14707,0.00022
test_14708,0.00291
test_14709,0.95766
test_14710,0.99675
test_14711,0.00023
test_14712,0.00867
test_14713,0.99997
test_14714,0.99230
test_14715,0.36315
test_14716,0.99971
test_14717,0.90670
test_14718,0.00920
test_14719,0.55053
test_14720,0.99869
test_14721,0.99909
test_14722,0.99776
test_14723,1.00000
test_14724,0.99352
test_14725,0.95803
test_14726,0.99098
test_14727,0.89633
test_14728,0.00001
test_14729,0.05488
test_14730,0.99904
test_14731,0.99994
test_14732,0.88055
test_14733,0.99079
test_14734,0.04179
test_14735,0.97136
test_14736,0.02079
test_14737,0.98190
test_14738,0.00006
test_14739,0.39158
test_14740,0.98974
test_14741,0.00040
test_14742,0.20666
test_14743,0.99986
test_14744,0.99987
test_14745,0.96166
test_14746,0.99137
test_14747,0.64113
test_14748,0.00312
test_14749,0.43186
test_14750,0.06131
test_14751,0.00720
test_14752,0.00087
test_14753,0.00626
test_14754,0.97608
test_14755,0.02391
test_14756,0.99757
test_14757,0.98009
test_14758,0.99939
test_14759,0.01269
test_14760,0.58935
test_14761,0.67026
test_14762,0.00109
test_14763,0.82678
test_14764,0.99981
test_14765,0.00014
test_14766,0.99984
test_14767,0.99931
test_14768,0.98673
test_14769,0.97604
test_14770,0.97800
test_14771,0.99123
test_14772,0.19933
test_14773,0.01793
test_14774,0.95524
test_14775,0.00336
test_14776,0.78308
test_14777,0.51597
test_14778,0.97713
test_14779,0.31530
test_14780,0.99987
test_14781,0.02822
test_14782,0.89220
test_14783,0.00367
test_14784,0.08671
test_14785,0.94490
test_14786,0.01232
test_14787,0.00894
test_14788,0.89899
test_14789,0.01053
test_14790,0.12496
test_14791,0.99802
test_14792,0.92687
test_14793,0.99782
test_14794,0.00003
test_14795,0.93981
test_14796,0.98892
test_14797,0.99984
test_14798,0.99965
test_14799,0.02532
test_14800,0.00295
test_14801,0.00014
test_14802,0.00068
test_14803,0.36573
test_14804,0.00105
test_14805,0.00500
test_14806,0.00027
test_14807,0.75500
test_14808,0.92370
test_14809,0.99894
test_14810,0.01942
test_14811,0.99504
test_14812,0.99809
test_14813,0.99169
test_14814,0.94592
test_14815,0.94375
test_14816,0.00239
test_14817,0.59564
test_14818,0.63584
test_14819,0.99893
test_14820,0.00037
test_14821,0.05286
test_14822,0.98434
test_14823,0.01359
test_14824,0.66565
test_14825,0.15012
test_14826,0.93979
test_14827,0.99660
test_14828,0.00006
test_14829,0.98113
test_14830,0.09559
test_14831,0.96307
test_14832,0.08453
test_14833,0.00755
test_14834,0.98477
test_14835,0.00149
test_14836,0.99414
test_14837,0.03315
test_14838,0.00035
test_14839,0.02959
test_14840,0.00569
test_14841,0.99889
test_14842,0.99960
test_14843,0.14028
test_14844,0.05114
test_14845,0.99713
test_14846,0.99990
test_14847,0.99861
test_14848,0.94559
test_14849,0.99997
test_14850,0.00098
test_14851,0.58602
test_14852,0.01321
test_14853,0.00436
test_14854,0.01554
test_14855,0.99233
test_14856,0.00237
test_14857,0.81248
test_14858,0.88912
test_14859,0.97298
test_14860,0.99914
test_14861,0.92223
test_14862,0.98910
test_14863,0.00630
test_14864,0.00113
test_14865,0.99325
test_14866,0.06968
test_14867,0.00037
test_14868,0.22777
test_14869,0.99999
test_14870,0.00730
test_14871,0.99805
test_14872,0.72163
test_14873,0.02742
test_14874,0.22714
test_14875,0.94257
test_14876,0.00310
test_14877,0.00087
test_14878,0.99757
test_14879,0.95082
test_14880,0.99611
test_14881,0.17028
test_14882,0.00377
test_14883,0.99543
test_14884,0.57385
test_14885,0.98637
test_14886,0.91886
test_14887,0.03697
test_14888,0.70276
test_14889,0.00010
test_14890,0.86377
test_14891,0.58146
test_14892,0.29479
test_14893,0.00285
test_14894,0.99385
test_14895,0.86308
test_14896,0.00620
test_14897,0.27318
test_14898,0.99975
test_14899,0.04604
test_14900,0.42643
test_14901,0.01926
test_14902,0.03505
test_14903,0.99991
test_14904,0.76372
test_14905,0.99999
test_14906,0.99021
test_14907,0.01794
test_14908,0.01519
test_14909,0.00169
test_14910,0.14111
test_14911,0.98474
test_14912,0.99423
test_14913,0.97128
test_14914,0.98705
test_14915,0.01384
test_14916,0.98830
test_14917,0.93897
test_14918,0.00760
test_14919,0.00066
test_14920,0.03567
test_14921,0.01868
test_14922,0.00435
test_14923,0.00009
test_14924,0.96534
test_14925,0.98664
test_14926,0.01709
test_14927,0.12532
test_14928,0.99802
test_14929,0.00026
test_14930,0.11048
test_14931,0.99934
test_14932,0.43548
test_14933,0.05378
test_14934,0.01381
test_14935,0.00012
test_14936,0.58264
test_14937,0.92385
test_14938,0.09175
test_14939,0.00784
test_14940,0.26970
test_14941,0.95133
test_14942,0.94724
test_14943,0.00445
test_14944,0.00822
test_14945,0.04404
test_14946,0.02783
test_14947,0.99647
test_14948,0.99583
test_14949,0.87040
test_14950,0.99967
test_14951,0.00019
test_14952,0.01138
test_14953,0.99999
test_14954,0.00000
test_14955,0.00097
test_14956,0.00531
test_14957,0.56388
test_14958,0.00005
test_14959,0.01517
test_14960,0.99740
test_14961,0.99989
test_14962,0.97701
test_14963,0.89128
test_14964,0.00133
test_14965,0.99999
test_14966,0.99917
test_14967,0.00061
test_14968,0.00013
test_14969,0.00040
test_14970,0.00804
test_14971,0.00011
test_14972,0.88460
test_14973,0.05693
test_14974,0.99488
test_14975,0.97693
test_14976,0.00381
test_14977,0.00300
test_14978,0.06916
test_14979,0.00116
test_14980,0.99496
test_14981,0.00177
test_14982,0.80154
test_14983,0.99628
test_14984,0.01103
test_14985,0.54572
test_14986,0.99277
test_14987,0.00000
test_14988,0.00661
test_14989,0.99951
test_14990,0.10749
test_14991,0.99024
test_14992,0.76554
test_14993,0.99995
test_14994,0.99083
test_14995,0.48917
test_14996,0.95768
test_14997,0.00099
test_14998,0.99804
test_14999,0.51794
test_15000,0.99827
test_15001,0.95387
test_15002,0.00008
test_15003,0.00001
test_15004,0.57042
test_15005,0.00033
test_15006,0.11015
test_15007,0.18737
test_15008,0.99160
test_15009,0.02462
test_15010,0.00065
test_15011,0.00051
test_15012,0.00157
test_15013,0.97945
test_15014,0.96103
test_15015,0.91478
test_15016,0.00014
test_15017,0.18822
test_15018,0.99986
test_15019,0.38094
test_15020,0.97039
test_15021,0.07605
test_15022,0.00397
test_15023,0.98038
test_15024,0.97573
test_15025,0.00104
test_15026,0.00095
test_15027,0.00108
test_15028,0.00700
test_15029,0.99974
test_15030,0.01953
test_15031,0.00085
test_15032,0.00015
test_15033,0.00024
test_15034,0.98662
test_15035,0.98689
test_15036,0.00088
test_15037,0.00211
test_15038,0.99320
test_15039,0.00186
test_15040,0.66886
test_15041,0.05790
test_15042,0.99692
test_15043,0.00475
test_15044,0.98545
test_15045,0.00132
test_15046,0.00011
test_15047,0.99957
test_15048,0.99974
test_15049,0.98157
test_15050,0.99984
test_15051,0.99725
test_15052,0.50394
test_15053,0.00198
test_15054,0.00021
test_15055,0.00064
test_15056,0.90104
test_15057,0.48644
test_15058,0.96770
test_15059,0.99744
test_15060,0.16500
test_15061,0.99954
test_15062,0.99300
test_15063,0.98545
test_15064,0.00183
test_15065,0.99284
test_15066,0.19822
test_15067,0.41496
test_15068,0.02778
test_15069,0.00167
test_15070,0.70414
test_15071,0.09328
test_15072,0.99370
test_15073,0.00024
test_15074,0.00479
test_15075,0.00001
test_15076,0.99704
test_15077,0.24993
test_15078,0.15730
test_15079,0.45990
test_15080,0.00312
test_15081,0.48029
test_15082,0.96454
test_15083,0.99999
test_15084,0.95752
test_15085,0.99646
test_15086,0.00402
test_15087,0.89953
test_15088,0.98272
test_15089,0.00002
test_15090,0.00943
test_15091,0.99960
test_15092,0.99900
test_15093,0.38652
test_15094,0.67328
test_15095,0.00590
test_15096,0.06019
test_15097,0.99986
test_15098,0.01387
test_15099,0.99945
test_15100,0.38715
test_15101,0.00164
test_15102,0.99667
test_15103,0.11563
test_15104,0.99440
test_15105,0.78812
test_15106,0.99865
test_15107,0.13958
test_15108,0.00081
test_15109,0.60163
test_15110,0.99074
test_15111,0.78179
test_15112,0.98257
test_15113,0.60152
test_15114,0.99978
test_15115,0.97861
test_15116,0.99970
test_15117,0.76291
test_15118,0.61744
test_15119,0.00141
test_15120,0.25745
test_15121,0.00003
test_15122,0.63133
test_15123,0.09552
test_15124,0.00004
test_15125,0.08518
test_15126,0.00001
test_15127,0.99682
test_15128,0.02936
test_15129,0.00319
test_15130,0.00006
test_15131,0.87679
test_15132,0.21601
test_15133,0.99143
test_15134,0.99894
test_15135,0.99768
test_15136,0.99852
test_15137,0.34974
test_15138,0.99965
test_15139,0.00114
test_15140,0.00002
test_15141,0.99650
test_15142,1.00000
test_15143,0.57325
test_15144,0.00109
test_15145,0.99597
test_15146,0.95058
test_15147,0.02318
test_15148,0.07480
test_15149,0.51053
test_15150,0.30999
test_15151,0.97470
test_15152,0.00157
test_15153,0.00002
test_15154,0.96425
test_15155,0.01238
test_15156,0.17574
test_15157,0.99947
test_15158,0.00197
test_15159,0.01081
test_15160,0.81618
test_15161,0.99876
test_15162,0.67311
test_15163,0.00531
test_15164,0.98714
test_15165,0.05282
test_15166,0.00145
test_15167,0.18897
test_15168,0.04661
test_15169,0.00852
test_15170,0.48997
test_15171,0.99640
test_15172,0.00034
test_15173,0.03262
test_15174,0.04293
test_15175,0.95293
test_15176,0.98669
test_15177,0.14204
test_15178,0.02953
test_15179,0.25759
test_15180,0.99599
test_15181,0.00034
test_15182,0.94230
test_15183,0.13566
test_15184,0.99569
test_15185,0.99285
test_15186,0.97830
test_15187,0.46439
test_15188,0.99999
test_15189,0.94284
test_15190,0.00000
test_15191,0.00055
test_15192,0.04043
test_15193,0.06595
test_15194,0.02025
test_15195,0.00033
test_15196,0.18285
test_15197,0.93668
test_15198,0.00714
test_15199,0.00013
test_15200,0.00000
test_15201,0.86788
test_15202,0.99906
test_15203,0.00107
test_15204,0.84504
test_15205,0.56260
test_15206,0.98706
test_15207,0.98265
test_15208,0.01687
test_15209,0.00003
test_15210,0.01618
test_15211,0.01534
test_15212,0.00105
test_15213,0.99432
test_15214,0.99729
test_15215,0.99926
test_15216,0.94535
test_15217,0.29465
test_15218,0.99995
test_15219,0.99433
test_15220,0.00369
test_15221,0.00061
test_15222,0.99862
test_15223,0.15120
test_15224,0.05325
test_15225,0.05637
test_15226,0.98538
test_15227,0.00112
test_15228,0.99628
test_15229,0.00429
test_15230,0.99015
test_15231,0.99993
test_15232,0.96373
test_15233,0.27739
test_15234,0.37609
test_15235,0.00104
test_15236,0.99884
test_15237,0.02213
test_15238,0.99569
test_15239,0.30258
test_15240,0.99493
test_15241,0.66672
test_15242,0.00705
test_15243,0.05406
test_15244,0.00103
test_15245,0.99831
test_15246,0.00964
test_15247,1.00000
test_15248,0.36491
test_15249,0.30724
test_15250,0.99875
test_15251,0.99975
test_15252,0.74117
test_15253,0.99742
test_15254,0.00004
test_15255,0.00045
test_15256,0.00153
test_15257,0.36928
test_15258,0.00054
test_15259,0.02435
test_15260,0.99510
test_15261,0.33975
test_15262,0.07561
test_15263,0.98799
test_15264,0.44465
test_15265,0.06321
test_15266,0.99865
test_15267,0.00793
test_15268,0.00000
test_15269,0.99975
test_15270,0.99956
test_15271,0.01240
test_15272,0.99497
test_15273,0.91131
test_15274,0.14678
test_15275,0.00038
test_15276,0.88142
test_15277,0.01145
test_15278,0.99998
test_15279,0.99505
test_15280,0.98791
test_15281,0.00007
test_15282,0.99977
test_15283,0.99741
test_15284,0.72781
test_15285,0.03485
test_15286,0.11026
test_15287,0.88074
test_15288,0.00001
test_15289,0.00033
test_15290,0.99504
test_15291,0.17137
test_15292,0.03067
test_15293,0.01488
test_15294,0.99899
test_15295,0.31488
test_15296,0.99782
test_15297,0.99996
test_15298,0.00002
test_15299,0.12442
test_15300,0.00113
test_15301,0.00091
test_15302,0.00935
test_15303,0.39252
test_15304,0.99673
test_15305,0.99397
test_15306,0.99939
test_15307,0.99703
test_15308,0.04424
test_15309,0.99710
test_15310,0.03968
test_15311,0.01254
test_15312,0.00301
test_15313,0.40238
test_15314,0.13885
test_15315,0.83791
test_15316,0.97304
test_15317,0.03121
test_15318,0.00023
test_15319,0.01163
test_15320,0.00703
test_15321,0.99938
test_15322,0.65754
test_15323,0.97105
test_15324,0.99017
test_15325,0.99869
test_15326,0.55691
test_15327,0.66321
test_15328,0.00315
test_15329,0.99528
test_15330,0.02329
test_15331,0.97970
test_15332,0.99060
test_15333,0.00019
test_15334,0.94351
test_15335,0.03826
test_15336,0.99952
test_15337,0.65609
test_15338,0.01780
test_15339,0.38088
test_15340,0.99588
test_15341,0.99428
test_15342,0.00333
test_15343,0.00865
test_15344,0.99987
test_15345,0.97641
test_15346,0.58859
test_15347,0.90627
test_15348,0.00294
test_15349,0.99997
test_15350,0.31206
test_15351,0.00025
test_15352,0.02275
test_15353,0.98908
test_15354,0.99430
test_15355,0.93225
test_15356,0.00025
test_15357,0.00065
test_15358,0.05323
test_15359,0.99994
test_15360,1.00000
test_15361,0.95966
test_15362,0.00575
test_15363,0.05418
test_15364,0.98532
test_15365,0.00813
test_15366,0.43207
test_15367,0.99424
test_15368,0.99266
test_15369,0.99638
test_15370,0.07607
test_15371,0.82075
test_15372,0.00580
test_15373,0.00792
test_15374,0.42397
test_15375,0.02225
test_15376,0.99992
test_15377,0.99510
test_15378,0.85523
test_15379,0.95869
test_15380,0.89743
test_15381,0.99981
test_15382,0.00043
test_15383,0.00786
test_15384,0.02890
test_15385,0.01134
test_15386,0.99020
test_15387,0.99813
test_15388,0.96620
test_15389,0.92481
test_15390,0.00222
test_15391,0.93117
test_15392,0.59577
test_15393,0.58296
test_15394,0.45986
test_15395,0.99984
test_15396,0.00046
test_15397,0.99672
test_15398,0.75927
test_15399,0.02887
test_15400,0.99869
test_15401,0.95260
test_15402,0.58347
test_15403,0.97391
test_15404,0.87379
test_15405,0.96780
test_15406,0.75684
test_15407,0.99980
test_15408,0.21246
test_15409,0.96955
test_15410,0.79431
test_15411,0.97739
test_15412,0.99722
test_15413,0.99705
test_15414,1.00000
test_15415,0.10377
test_15416,0.01103
test_15417,0.93243
test_15418,0.99865
test_15419,0.17178
test_15420,0.99253
test_15421,0.30188
test_15422,0.05941
test_15423,0.08268
test_15424,0.99923
test_15425,0.99875
test_15426,0.97597
test_15427,0.99988
test_15428,0.96717
test_15429,0.27938
test_15430,0.95296
test_15431,0.99654
test_15432,0.00000
test_15433,0.02333
test_15434,0.99859
test_15435,0.98669
test_15436,0.00034
test_15437,0.99031
test_15438,0.05822
test_15439,0.98328
test_15440,0.05420
test_15441,0.75519
test_15442,0.06466
test_15443,0.02282
test_15444,0.00008
test_15445,0.99684
test_15446,0.99517
test_15447,0.10360
test_15448,0.70400
test_15449,0.00105
test_15450,0.90591
test_15451,0.00171
test_15452,0.99224
test_15453,0.97820
test_15454,0.05850
test_15455,0.99003
test_15456,0.94303
test_15457,0.37376
test_15458,0.02242
test_15459,0.09652
test_15460,0.81943
test_15461,0.85797
test_15462,0.92635
test_15463,0.00023
test_15464,0.00051
test_15465,0.91285
test_15466,0.98344
test_15467,0.54092
test_15468,0.99923
test_15469,0.75474
test_15470,0.93111
test_15471,0.09040
test_15472,0.00071
test_15473,0.28667
test_15474,0.00095
test_15475,0.10086
test_15476,0.26582
test_15477,0.98598
test_15478,0.99996
test_15479,0.99712
test_15480,0.03583
test_15481,0.99972
test_15482,0.16522
test_15483,0.99786
test_15484,0.03129
test_15485,0.96315
test_15486,0.09423
test_15487,0.00352
test_15488,0.01677
test_15489,0.00590
test_15490,0.00561
test_15491,0.00048
test_15492,0.99827
test_15493,0.00791
test_15494,0.94013
test_15495,0.00778
test_15496,0.00064
test_15497,0.97263
test_15498,0.96018
test_15499,0.99949
test_15500,0.00004
test_15501,0.99845
test_15502,0.98291
test_15503,0.99960
test_15504,0.99993
test_15505,0.95676
test_15506,0.10849
test_15507,0.00061
test_15508,0.99111
test_15509,0.01944
test_15510,0.49409
test_15511,0.73126
test_15512,0.00129
test_15513,0.84307
test_15514,0.99132
test_15515,0.98587
test_15516,0.99056
test_15517,0.06712
test_15518,0.00115
test_15519,0.99941
test_15520,0.12701
test_15521,0.98946
test_15522,0.88928
test_15523,0.00019
test_15524,0.01996
test_15525,0.00815
test_15526,0.99999
test_15527,0.99764
test_15528,0.01057
test_15529,0.00749
test_15530,0.98695
test_15531,0.12984
test_15532,0.04189
test_15533,0.00140
test_15534,0.00116
test_15535,0.00013
test_15536,0.00177
test_15537,0.99920
test_15538,0.43290
test_15539,0.00199
test_15540,0.00070
test_15541,0.99818
test_15542,0.00202
test_15543,0.01134
test_15544,0.79955
test_15545,0.73902
test_15546,0.00396
test_15547,0.00001
test_15548,0.00045
test_15549,0.09924
test_15550,0.99826
test_15551,0.00023
test_15552,0.02047
test_15553,0.95749
test_15554,0.01914
test_15555,0.95977
test_15556,0.69248
test_15557,0.00019
test_15558,0.00162
test_15559,0.78818
test_15560,0.99143
test_15561,0.17509
test_15562,0.99701
test_15563,0.99951
test_15564,0.00149
test_15565,0.04034
test_15566,1.00000
test_15567,0.31038
test_15568,0.75252
test_15569,0.03724
test_15570,0.99664
test_15571,0.09425
test_15572,0.01124
test_15573,0.99836
test_15574,0.99884
test_15575,0.00044
test_15576,0.99646
test_15577,0.89190
test_15578,0.99015
test_15579,0.36912
test_15580,1.00000
test_15581,0.00061
test_15582,0.93673
test_15583,0.00043
test_15584,0.01378
test_15585,0.99748
test_15586,0.98222
test_15587,0.02817
test_15588,0.04318
test_15589,0.99005
test_15590,0.00206
test_15591,0.00970
test_15592,0.97639
test_15593,0.99845
test_15594,0.34214
test_15595,0.02842
test_15596,0.93396
test_15597,0.96210
test_15598,0.01225
test_15599,0.25448
test_15600,0.71209
test_15601,0.99815
test_15602,0.00005
test_15603,0.01400
test_15604,0.44522
test_15605,0.00055
test_15606,0.42070
test_15607,0.97671
test_15608,0.05395
test_15609,0.97006
test_15610,0.03306
test_15611,0.81239
test_15612,0.99001
test_15613,0.98006
test_15614,0.19442
test_15615,0.23059
test_15616,0.00061
test_15617,0.66570
test_15618,0.06670
test_15619,0.96918
test_15620,0.00043
test_15621,0.92114
test_15622,0.00321
test_15623,0.01137
test_15624,0.00157
test_15625,0.00462
test_15626,0.96617
test_15627,0.99737
test_15628,0.01276
test_15629,0.00042
test_15630,0.00040
test_15631,0.99926
test_15632,0.99633
test_15633,0.99040
test_15634,0.00040
test_15635,0.00604
test_15636,0.97977
test_15637,0.99983
test_15638,0.99904
test_15639,0.00844
test_15640,0.99312
test_15641,0.95606
test_15642,0.86958
test_15643,0.99200
test_15644,0.00041
test_15645,0.99648
test_15646,0.99965
test_15647,0.00008
test_15648,0.05008
test_15649,0.00812
test_15650,0.99887
test_15651,0.03560
test_15652,0.99676
test_15653,0.00000
test_15654,0.97057
test_15655,0.01673
test_15656,0.91742
test_15657,0.40208
test_15658,0.99562
test_15659,0.00997
test_15660,0.14138
test_15661,0.00077
test_15662,0.00368
test_15663,0.90727
test_15664,0.00042
test_15665,0.67158
test_15666,0.99726
test_15667,0.06301
test_15668,0.99932
test_15669,0.99891
test_15670,0.29831
test_15671,0.95025
test_15672,0.99988
test_15673,0.03727
test_15674,0.08087
test_15675,0.99847
test_15676,0.00684
test_15677,0.06201
test_15678,0.99988
test_15679,0.99931
test_15680,0.95733
test_15681,0.15637
test_15682,0.05779
test_15683,0.68729
test_15684,0.54095
test_15685,0.00006
test_15686,0.03550
test_15687,0.99729
test_15688,0.86732
test_15689,0.07363
test_15690,0.00460
test_15691,0.00004
test_15692,0.00005
test_15693,0.99560
test_15694,0.22523
test_15695,0.09462
test_15696,0.99161
test_15697,0.98947
test_15698,0.00009
test_15699,0.35617
test_15700,0.00026
test_15701,0.98884
test_15702,0.97491
test_15703,0.54091
test_15704,0.00129
test_15705,0.01566
test_15706,0.99985
test_15707,0.99686
test_15708,0.75352
test_15709,0.96329
test_15710,0.99650
test_15711,0.99998
test_15712,0.00056
test_15713,0.91649
test_15714,0.08209
test_15715,0.99952
test_15716,0.02770
test_15717,0.94399
test_15718,0.98893
test_15719,0.25739
test_15720,0.98859
test_15721,0.98049
test_15722,0.97316
test_15723,0.99973
test_15724,0.99764
test_15725,0.96254
test_15726,0.91658
test_15727,0.96123
test_15728,0.11674
test_15729,0.00147
test_15730,0.04118
test_15731,0.00822
test_15732,0.98223
test_15733,0.98246
test_15734,0.00205
test_15735,0.28755
test_15736,0.00180
test_15737,0.93785
test_15738,0.02796
test_15739,0.96445
test_15740,0.19500
test_15741,0.99996
test_15742,0.99270
test_15743,0.99271
test_15744,0.35065
test_15745,0.52864
test_15746,0.99837
test_15747,0.99933
test_15748,0.03266
test_15749,0.99996
test_15750,0.15754
test_15751,0.99856
test_15752,0.93184
test_15753,0.99940
test_15754,0.00015
test_15755,0.99835
test_15756,0.00013
test_15757,0.99479
test_15758,0.92567
test_15759,0.06651
test_15760,0.84372
test_15761,0.98846
test_15762,0.66900
test_15763,0.57084
test_15764,0.99643
test_15765,0.86160
test_15766,0.33391
test_15767,0.93846
test_15768,0.00180
test_15769,0.02277
test_15770,0.90150
test_15771,0.00020
test_15772,0.42521
test_15773,0.00011
test_15774,0.99879
test_15775,0.99999
test_15776,0.00098
test_15777,0.00471
test_15778,0.01822
test_15779,0.00103
test_15780,0.08356
test_15781,0.02619
test_15782,0.54215
test_15783,0.99959
test_15784,0.08500
test_15785,0.10819
test_15786,0.98264
test_15787,0.46639
test_15788,0.01558
test_15789,0.00627
test_15790,0.95469
test_15791,0.99451
test_15792,0.69393
test_15793,0.86154
test_15794,0.87907
test_15795,0.02547
test_15796,0.11682
test_15797,0.04594
test_15798,0.47167
test_15799,0.05113
test_15800,0.72052
test_15801,0.99196
test_15802,0.07173
test_15803,0.05147
test_15804,0.00007
test_15805,0.88443
test_15806,0.00529
test_15807,0.99287
test_15808,0.60589
test_15809,0.20807
test_15810,0.00081
test_15811,0.99676
test_15812,0.00350
test_15813,0.97148
test_15814,0.78877
test_15815,0.00082
test_15816,0.99256
test_15817,0.00319
test_15818,0.26712
test_15819,0.95438
test_15820,0.00122
test_15821,0.97053
test_15822,0.95144
test_15823,0.00965
test_15824,0.05472
test_15825,0.01468
test_15826,0.00058
test_15827,0.93696
test_15828,0.98796
test_15829,0.99331
test_15830,0.00387
test_15831,0.00773
test_15832,0.99998
test_15833,0.84974
test_15834,0.31074
test_15835,0.10470
test_15836,0.98991
test_15837,0.99798
test_15838,0.00007
test_15839,0.99939
test_15840,0.99770
test_15841,0.00002
test_15842,0.98921
test_15843,0.19811
test_15844,0.20314
test_15845,0.97999
test_15846,0.06026
test_15847,0.00026
test_15848,0.09884
test_15849,0.38628
test_15850,0.00890
test_15851,0.55207
test_15852,0.00066
test_15853,0.85139
test_15854,0.96066
test_15855,0.99059
test_15856,0.96618
test_15857,0.00056
test_15858,0.87039
test_15859,0.99982
test_15860,0.00013
test_15861,0.86059
test_15862,0.85350
test_15863,0.09536
test_15864,0.97674
test_15865,0.99932
test_15866,0.99997
test_15867,0.99981
test_15868,0.88470
test_15869,0.00076
test_15870,0.05556
test_15871,0.62198
test_15872,0.01878
test_15873,0.15102
test_15874,0.02021
test_15875,0.00090
test_15876,0.04604
test_15877,0.00001
test_15878,0.50217
test_15879,0.06422
test_15880,0.06863
test_15881,0.00006
test_15882,0.45576
test_15883,0.02293
test_15884,0.99979
test_15885,0.99227
test_15886,0.00722
test_15887,0.94032
test_15888,0.05973
test_15889,0.45134
test_15890,0.36082
test_15891,0.93012
test_15892,0.99314
test_15893,0.00014
test_15894,0.00012
test_15895,0.99789
test_15896,0.80910
test_15897,0.94627
test_15898,0.85659
test_15899,0.00062
test_15900,0.98481
test_15901,0.95741
test_15902,0.04655
test_15903,0.46231
test_15904,0.00485
test_15905,0.98723
test_15906,0.00030
test_15907,0.99945
test_15908,0.00009
test_15909,0.99851
test_15910,0.99153
test_15911,0.00547
test_15912,0.91113
test_15913,0.99143
test_15914,0.99910
test_15915,0.00035
test_15916,0.03163
test_15917,0.00609
test_15918,0.00479
test_15919,0.99768
test_15920,0.60481
test_15921,0.99349
test_15922,0.00370
test_15923,0.97694
test_15924,0.62449
test_15925,0.20683
test_15926,0.99692
test_15927,0.99994
test_15928,0.94982
test_15929,0.99997
test_15930,0.35968
test_15931,0.03016
test_15932,0.17475
test_15933,0.99656
test_15934,0.07713
test_15935,0.99978
test_15936,0.17270
test_15937,0.98380
test_15938,0.99975
test_15939,0.92897
test_15940,0.99695
test_15941,0.99446
test_15942,0.00060
test_15943,0.94120
test_15944,0.00360
test_15945,0.98869
test_15946,0.02106
test_15947,0.00156
test_15948,0.99900
test_15949,0.99857
test_15950,0.02953
test_15951,0.00038
test_15952,0.55610
test_15953,0.10211
test_15954,0.98503
test_15955,0.08119
test_15956,0.00980
test_15957,0.00070
test_15958,0.87398
test_15959,0.98815
test_15960,0.87140
test_15961,0.91293
test_15962,0.99226
test_15963,0.57817
test_15964,0.99823
test_15965,0.00618
test_15966,0.97408
test_15967,0.09923
test_15968,0.00090
test_15969,0.08224
test_15970,0.95014
test_15971,0.00027
test_15972,0.04627
test_15973,0.13674
test_15974,0.31619
test_15975,0.35896
test_15976,0.94359
test_15977,0.78431
test_15978,0.96874
test_15979,0.65577
test_15980,0.49498
test_15981,0.99999
test_15982,0.00360
test_15983,0.99879
test_15984,0.98411
test_15985,0.00283
test_15986,0.31936
test_15987,0.00217
test_15988,0.99880
test_15989,0.02332
test_15990,0.99972
test_15991,0.98160
test_15992,0.05720
test_15993,0.99830
test_15994,0.00000
test_15995,0.91832
test_15996,0.85148
test_15997,0.11794
test_15998,0.00994
test_15999,0.96106
test_16000,0.00057
test_16001,0.53546
test_16002,0.00034
test_16003,0.60288
test_16004,0.00083
test_16005,0.03659
test_16006,0.98356
test_16007,0.98555
test_16008,0.21772
test_16009,0.00001
test_16010,0.10425
test_16011,0.23400
test_16012,0.00120
test_16013,0.96882
test_16014,0.00383
test_16015,0.00023
test_16016,0.41659
test_16017,0.01648
test_16018,0.99997
test_16019,0.00106
test_16020,0.97068
test_16021,1.00000
test_16022,0.98935
test_16023,0.00051
test_16024,0.00248
test_16025,0.10056
test_16026,0.78503
test_16027,0.79564
test_16028,0.00351
test_16029,0.01408
test_16030,0.00474
test_16031,0.14323
test_16032,0.99543
test_16033,0.00077
test_16034,0.99994
test_16035,0.00625
test_16036,0.00026
test_16037,0.05460
test_16038,0.03417
test_16039,0.12353
test_16040,0.00006
test_16041,1.00000
test_16042,0.98094
test_16043,0.99893
test_16044,0.99561
test_16045,0.99252
test_16046,0.00503
test_16047,0.59947
test_16048,0.99711
test_16049,0.65989
test_16050,0.15329
test_16051,0.72175
test_16052,0.00084
test_16053,0.94544
test_16054,0.00267
test_16055,0.00183
test_16056,0.98218
test_16057,0.99947
test_16058,0.05014
test_16059,0.99973
test_16060,0.16302
test_16061,0.93262
test_16062,0.00121
test_16063,0.62949
test_16064,0.98438
test_16065,0.99996
test_16066,0.92221
test_16067,0.97684
test_16068,0.03856
test_16069,0.21123
test_16070,0.92078
test_16071,0.99167
test_16072,0.97912
test_16073,0.00108
test_16074,0.00893
test_16075,0.99975
test_16076,0.75870
test_16077,0.99905
test_16078,0.55538
test_16079,0.25786
test_16080,0.99304
test_16081,0.83681
test_16082,0.10276
test_16083,0.12751
test_16084,0.00673
test_16085,0.00459
test_16086,0.99627
test_16087,0.83735
test_16088,0.70785
test_16089,0.00022
test_16090,0.08105
test_16091,0.94475
test_16092,0.03893
test_16093,0.02090
test_16094,1.00000
test_16095,0.95132
test_16096,0.99624
test_16097,0.01980
test_16098,0.46796
test_16099,0.97447
test_16100,0.00033
test_16101,0.00042
test_16102,0.99944
test_16103,0.01092
test_16104,0.34264
test_16105,0.29637
test_16106,0.99093
test_16107,0.99857
test_16108,0.08661
test_16109,0.99891
test_16110,0.00028
test_16111,0.71517
test_16112,0.99995
test_16113,0.97748
test_16114,0.44837
test_16115,0.00297
test_16116,0.03420
test_16117,0.99935
test_16118,0.94310
test_16119,0.85725
test_16120,0.02162
test_16121,0.99787
test_16122,0.01266
test_16123,0.99990
test_16124,0.98855
test_16125,0.97959
test_16126,0.03772
test_16127,0.99532
test_16128,0.60598
test_16129,0.05466
test_16130,0.99702
test_16131,0.00214
test_16132,0.99999
test_16133,0.02956
test_16134,0.80778
test_16135,0.99911
test_16136,0.99999
test_16137,1.00000
test_16138,0.82953
test_16139,0.99832
test_16140,0.02187
test_16141,0.00017
test_16142,0.04349
test_16143,0.99047
test_16144,0.77985
test_16145,0.32453
test_16146,0.00107
test_16147,0.00666
test_16148,0.00273
test_16149,0.15858
test_16150,0.03114
test_16151,0.98528
test_16152,0.00555
test_16153,0.99995
test_16154,0.01484
test_16155,0.99892
test_16156,0.95686
test_16157,0.00086
test_16158,0.00368
test_16159,0.69852
test_16160,0.66090
test_16161,0.98627
test_16162,0.75559
test_16163,0.00038
test_16164,0.13196
test_16165,0.01870
test_16166,0.00007
test_16167,0.00848
test_16168,0.00072
test_16169,0.99954
test_16170,0.99475
test_16171,0.16049
test_16172,0.00129
test_16173,0.99881
test_16174,0.00265
test_16175,0.23697
test_16176,0.19088
test_16177,0.00018
test_16178,0.00000
test_16179,0.03625
test_16180,0.16106
test_16181,0.99983
test_16182,0.00919
test_16183,0.00430
test_16184,0.53404
test_16185,0.99928
test_16186,0.00534
test_16187,0.00180
test_16188,0.06540
test_16189,0.99957
test_16190,0.56669
test_16191,0.19744
test_16192,0.90431
test_16193,0.99964
test_16194,0.00066
test_16195,0.99839
test_16196,0.00384
test_16197,0.99396
test_16198,0.00022
test_16199,0.46488
test_16200,0.07722
test_16201,0.00090
test_16202,0.99784
test_16203,0.98188
test_16204,0.99995
test_16205,0.99740
test_16206,1.00000
test_16207,0.99872
test_16208,0.88103
test_16209,0.14223
test_16210,0.99624
test_16211,0.99946
test_16212,0.99985
test_16213,0.99713
test_16214,0.00047
test_16215,0.27075
test_16216,0.99991
test_16217,0.00278
test_16218,0.99887
test_16219,0.96828
test_16220,0.99983
test_16221,0.97379
test_16222,0.94410
test_16223,0.08292
test_16224,0.99941
test_16225,0.97486
test_16226,0.99445
test_16227,0.00373
test_16228,0.62620
test_16229,0.95349
test_16230,0.99791
test_16231,0.57485
test_16232,0.00246
test_16233,0.00033
test_16234,0.44659
test_16235,0.83191
test_16236,0.00004
test_16237,0.99975
test_16238,0.00846
test_16239,0.15410
test_16240,0.98692
test_16241,0.00069
test_16242,0.41993
test_16243,0.99934
test_16244,0.01664
test_16245,0.97014
test_16246,0.76620
test_16247,0.00009
test_16248,0.99992
test_16249,0.00171
test_16250,0.83688
test_16251,0.21553
test_16252,0.00216
test_16253,0.78829
test_16254,0.99348
test_16255,0.02812
test_16256,0.02970
test_16257,0.53093
test_16258,0.00350
test_16259,0.99965
test_16260,0.05787
test_16261,0.98859
test_16262,1.00000
test_16263,0.85311
test_16264,0.00108
test_16265,0.99935
test_16266,0.99653
test_16267,0.31044
test_16268,0.99998
test_16269,0.00054
test_16270,0.98645
test_16271,0.99454
test_16272,0.99549
test_16273,1.00000
test_16274,0.96720
test_16275,0.00001
test_16276,0.00002
test_16277,0.99657
test_16278,0.00000
test_16279,0.00005
test_16280,0.99775
test_16281,0.99752
test_16282,0.99938
test_16283,0.00074
test_16284,0.02388
test_16285,0.99484
test_16286,0.03077
test_16287,0.99987
test_16288,0.00179
test_16289,0.99793
test_16290,0.00353
test_16291,0.98716
test_16292,0.87401
test_16293,0.99993
test_16294,0.00520
test_16295,0.93414
test_16296,0.06584
test_16297,0.95132
test_16298,0.98462
test_16299,0.58660
test_16300,0.00724
test_16301,0.00007
test_16302,0.59168
test_16303,0.99910
test_16304,0.12139
test_16305,0.99970
test_16306,0.96845
test_16307,0.99462
test_16308,0.99610
test_16309,0.99612
test_16310,0.00148
test_16311,0.91448
test_16312,0.01453
test_16313,0.00037
test_16314,0.99884
test_16315,0.15172
test_16316,0.83444
test_16317,0.98900
test_16318,0.99765
test_16319,0.00007
test_16320,0.99189
test_16321,0.57135
test_16322,0.02004
test_16323,0.02101
test_16324,0.88762
test_16325,0.88511
test_16326,0.99675
test_16327,0.00933
test_16328,0.01536
test_16329,0.00738
test_16330,0.98746
test_16331,0.00234
test_16332,0.62779
test_16333,0.00565
test_16334,0.99965
test_16335,0.99870
test_16336,0.00200
test_16337,0.36138
test_16338,0.99954
test_16339,0.96631
test_16340,0.99301
test_16341,0.99750
test_16342,0.99850
test_16343,0.98870
test_16344,0.90512
test_16345,0.01329
test_16346,0.98271
test_16347,0.00168
test_16348,0.97049
test_16349,0.99884
test_16350,0.13585
test_16351,0.95417
test_16352,0.00015
test_16353,0.99985
test_16354,0.18148
test_16355,0.99724
test_16356,0.22918
test_16357,0.16624
test_16358,0.00037
test_16359,0.95820
test_16360,0.00740
test_16361,0.00001
test_16362,0.99473
test_16363,0.05273
test_16364,0.65424
test_16365,0.95602
test_16366,0.33528
test_16367,0.99262
test_16368,0.00286
test_16369,0.00546
test_16370,0.00069
test_16371,0.85245
test_16372,0.99878
test_16373,0.28772
test_16374,0.01988
test_16375,0.84038
test_16376,0.98254
test_16377,0.99063
test_16378,0.08856
test_16379,0.06881
test_16380,0.00054
test_16381,0.23894
test_16382,0.01796
test_16383,0.69408
test_16384,0.99904
test_16385,0.03627
test_16386,0.76954
test_16387,0.99742
test_16388,0.53682
test_16389,0.99959
test_16390,0.99672
test_16391,0.39339
test_16392,1.00000
test_16393,0.04060
test_16394,0.95489
test_16395,0.02149
test_16396,0.99554
test_16397,0.00233
test_16398,0.99914
test_16399,0.24423
test_16400,0.06018
test_16401,0.88845
test_16402,0.96071
test_16403,0.99748
test_16404,0.99915
test_16405,0.00054
test_16406,0.00007
test_16407,0.99590
test_16408,0.25195
test_16409,0.00066
test_16410,0.00028
test_16411,0.08128
test_16412,0.00631
test_16413,0.03624
test_16414,0.94374
test_16415,0.99989
test_16416,0.00325
test_16417,0.00101
test_16418,0.00140
test_16419,0.00553
test_16420,0.00042
test_16421,0.90598
test_16422,0.19319
test_16423,0.99999
test_16424,0.07473
test_16425,0.00469
test_16426,0.01575
test_16427,0.24559
test_16428,0.01070
test_16429,0.99987
test_16430,0.99994
test_16431,0.71669
test_16432,0.84926
test_16433,0.00013
test_16434,0.49872
test_16435,0.00198
test_16436,0.05942
test_16437,0.18432
test_16438,0.94084
test_16439,1.00000
test_16440,0.98966
test_16441,0.00271
test_16442,0.99970
test_16443,0.05520
test_16444,0.99972
test_16445,0.89576
test_16446,0.00142
test_16447,0.99839
test_16448,0.04299
test_16449,0.99962
test_16450,0.16597
test_16451,0.08078
test_16452,0.00050
test_16453,0.88216
test_16454,0.00000
test_16455,0.99033
test_16456,0.91768
test_16457,0.07383
test_16458,0.00065
test_16459,0.12280
test_16460,0.00297
test_16461,0.99999
test_16462,0.19063
test_16463,0.99602
test_16464,0.79596
test_16465,0.64124
test_16466,0.70782
test_16467,0.92281
test_16468,0.73054
test_16469,0.69066
test_16470,0.82051
test_16471,0.01234
test_16472,0.00006
test_16473,0.53750
test_16474,0.83040
test_16475,0.05440
test_16476,0.00404
test_16477,0.00119
test_16478,1.00000
test_16479,0.36678
test_16480,0.99968
test_16481,0.00011
test_16482,0.54372
test_16483,0.01573
test_16484,0.99796
test_16485,0.04517
test_16486,0.99174
test_16487,0.41014
test_16488,0.00412
test_16489,0.00314
test_16490,0.97687
test_16491,0.42664
test_16492,0.03488
test_16493,0.00307
test_16494,0.04159
test_16495,0.30532
test_16496,0.99700
test_16497,0.00037
test_16498,0.05586
test_16499,0.19468
test_16500,0.14569
test_16501,0.99653
test_16502,0.00178
test_16503,0.27622
test_16504,0.00005
test_16505,0.99992
test_16506,0.00051
test_16507,0.06400
test_16508,0.99689
test_16509,0.00048
test_16510,0.04340
test_16511,0.98865
test_16512,0.00629
test_16513,0.09997
test_16514,0.00337
test_16515,0.88108
test_16516,0.99992
test_16517,0.06096
test_16518,0.99208
test_16519,0.99992
test_16520,0.39770
test_16521,0.13918
test_16522,0.97176
test_16523,0.99421
test_16524,0.03630
test_16525,0.00084
test_16526,0.65893
test_16527,0.00020
test_16528,0.00144
test_16529,0.99522
test_16530,0.00490
test_16531,0.95029
test_16532,0.99991
test_16533,0.00021
test_16534,0.99989
test_16535,0.58975
test_16536,0.00008
test_16537,0.73742
test_16538,0.99904
test_16539,0.98898
test_16540,0.00010
test_16541,0.00002
test_16542,0.14617
test_16543,0.60864
test_16544,0.04779
test_16545,0.00006
test_16546,1.00000
test_16547,0.38679
test_16548,0.04436
test_16549,0.22218
test_16550,0.99999
test_16551,0.99911
test_16552,0.99970
test_16553,0.00142
test_16554,0.00046
test_16555,0.29376
test_16556,0.96484
test_16557,0.99995
test_16558,0.99980
test_16559,0.99987
test_16560,0.00046
test_16561,0.96861
test_16562,0.32239
test_16563,0.00195
test_16564,0.97101
test_16565,0.87446
test_16566,0.00014
test_16567,0.99753
test_16568,0.24206
test_16569,0.02853
test_16570,0.76899
test_16571,0.99012
test_16572,0.27315
test_16573,0.00018
test_16574,0.48918
test_16575,0.00058
test_16576,0.00073
test_16577,0.00026
test_16578,0.99875
test_16579,0.12262
test_16580,0.00253
test_16581,0.00730
test_16582,0.74286
test_16583,0.99951
test_16584,0.98269
test_16585,0.00006
test_16586,0.58931
test_16587,0.49846
test_16588,0.13188
test_16589,0.77040
test_16590,0.10067
test_16591,0.99961
test_16592,0.00150
test_16593,0.03116
test_16594,0.00037
test_16595,0.72630
test_16596,0.03179
test_16597,0.28953
test_16598,0.96921
test_16599,0.57359
test_16600,0.94822
test_16601,0.00075
test_16602,0.99455
test_16603,0.70360
test_16604,0.99847
test_16605,0.00044
test_16606,0.04033
test_16607,0.24028
test_16608,0.99975
test_16609,0.98729
test_16610,0.02779
test_16611,0.31778
test_16612,0.02235
test_16613,0.99949
test_16614,0.99864
test_16615,0.05209
test_16616,0.00002
test_16617,0.00178
test_16618,0.00555
test_16619,0.01170
test_16620,0.99931
test_16621,0.97636
test_16622,0.95193
test_16623,0.89800
test_16624,0.94742
test_16625,0.00124
test_16626,0.00040
test_16627,0.00368
test_16628,0.00004
test_16629,0.01358
test_16630,0.00065
test_16631,0.00766
test_16632,0.65222
test_16633,0.00540
test_16634,0.34377
test_16635,0.00128
test_16636,0.98708
test_16637,0.02768
test_16638,0.99743
test_16639,0.99742
test_16640,0.95601
test_16641,0.35370
test_16642,0.99982
test_16643,0.98216
test_16644,0.99892
test_16645,0.99458
test_16646,0.99443
test_16647,0.95449
test_16648,0.23243
test_16649,0.85406
test_16650,0.07780
test_16651,0.00012
test_16652,0.00232
test_16653,0.99992
test_16654,0.98916
test_16655,0.00206
test_16656,0.92818
test_16657,0.99948
test_16658,0.97324
test_16659,0.67923
test_16660,0.99377
test_16661,0.00572
test_16662,0.81592
test_16663,0.06177
test_16664,0.99821
test_16665,0.00594
test_16666,0.99972
test_16667,0.00289
test_16668,0.99781
test_16669,0.00013
test_16670,0.00418
test_16671,0.90122
test_16672,0.99949
test_16673,0.00080
test_16674,0.18342
test_16675,0.58982
test_16676,0.65116
test_16677,0.36249
test_16678,0.58178
test_16679,0.01386
test_16680,0.13369
test_16681,0.00191
test_16682,0.98593
test_16683,0.24595
test_16684,0.02092
test_16685,0.00251
test_16686,0.00628
test_16687,0.99223
test_16688,0.96885
test_16689,0.82570
test_16690,0.99941
test_16691,0.68235
test_16692,0.99400
test_16693,0.01122
test_16694,0.99559
test_16695,0.01519
test_16696,0.29950
test_16697,0.00357
test_16698,0.65776
test_16699,0.03306
test_16700,0.82246
test_16701,0.00055
test_16702,0.02355
test_16703,0.99969
test_16704,0.05552
test_16705,0.83790
test_16706,0.99609
test_16707,0.69011
test_16708,0.99901
test_16709,0.99952
test_16710,0.00274
test_16711,0.86013
test_16712,0.57760
test_16713,0.06293
test_16714,0.00138
test_16715,0.00006
test_16716,0.16046
test_16717,0.54252
test_16718,0.00108
test_16719,0.27382
test_16720,0.00482
test_16721,0.99083
test_16722,0.99938
test_16723,0.99979
test_16724,0.00620
test_16725,0.02284
test_16726,0.00349
test_16727,0.99975
test_16728,0.00374
test_16729,0.07462
test_16730,0.97688
test_16731,0.15765
test_16732,0.20715
test_16733,0.01025
test_16734,0.99599
test_16735,0.00440
test_16736,0.89042
test_16737,0.99956
test_16738,0.84467
test_16739,0.88723
test_16740,0.99751
test_16741,0.00002
test_16742,0.10555
test_16743,0.00300
test_16744,0.99953
test_16745,0.00036
test_16746,0.04467
test_16747,0.74175
test_16748,0.99985
test_16749,0.57154
test_16750,0.00013
test_16751,0.99999
test_16752,0.36231
test_16753,0.99974
test_16754,0.00315
test_16755,0.00129
test_16756,0.99963
test_16757,0.00079
test_16758,0.97859
test_16759,0.90634
test_16760,0.98349
test_16761,0.99931
test_16762,0.22944
test_16763,0.59373
test_16764,0.00265
test_16765,0.99922
test_16766,0.99942
test_16767,0.03163
test_16768,0.00042
test_16769,0.39886
test_16770,0.97200
test_16771,0.76667
test_16772,0.00628
test_16773,0.95199
test_16774,0.97405
test_16775,0.21117
test_16776,0.00047
test_16777,0.99870
test_16778,0.13070
test_16779,0.02709
test_16780,0.99999
test_16781,0.00715
test_16782,0.99999
test_16783,0.96516
test_16784,0.97284
test_16785,0.99990
test_16786,0.00014
test_16787,0.74626
test_16788,0.73944
test_16789,0.99732
test_16790,0.02807
test_16791,0.00024
test_16792,0.99996
test_16793,0.07479
test_16794,0.98682
test_16795,0.00172
test_16796,0.51435
test_16797,0.02114
test_16798,0.43401
test_16799,0.99591
test_16800,0.85595
test_16801,0.99949
test_16802,0.99991
test_16803,0.02567
test_16804,0.99879
test_16805,0.53503
test_16806,0.99198
test_16807,0.94059
test_16808,0.00019
test_16809,0.00299
test_16810,0.00320
test_16811,0.94759
test_16812,0.02972
test_16813,0.00011
test_16814,0.13680
test_16815,0.95655
test_16816,0.00002
test_16817,0.99869
test_16818,0.00262
test_16819,0.99977
test_16820,0.03164
test_16821,0.78586
test_16822,0.97456
test_16823,0.99988
test_16824,0.99000
test_16825,0.19391
test_16826,0.98770
test_16827,0.01009
test_16828,0.03814
test_16829,0.01528
test_16830,0.01360
test_16831,0.99981
test_16832,0.99771
test_16833,0.37070
test_16834,0.93373
test_16835,0.99898
test_16836,0.20138
test_16837,0.99956
test_16838,0.73749
test_16839,0.71279
test_16840,0.99566
test_16841,0.97937
test_16842,0.69602
test_16843,0.00354
test_16844,0.99998
test_16845,0.00016
test_16846,0.00111
test_16847,0.57726
test_16848,0.92993
test_16849,0.99704
test_16850,0.03713
test_16851,0.00267
test_16852,0.11636
test_16853,0.05781
test_16854,0.02184
test_16855,0.00003
test_16856,0.96510
test_16857,0.98590
test_16858,0.92448
test_16859,0.02884
test_16860,0.94089
test_16861,0.02077
test_16862,0.00073
test_16863,0.99994
test_16864,0.02727
test_16865,0.03293
test_16866,0.00151
test_16867,0.92629
test_16868,0.99879
test_16869,0.94661
test_16870,0.99882
test_16871,0.99999
test_16872,0.97901
test_16873,0.06091
test_16874,0.04516
test_16875,0.00373
test_16876,0.99582
test_16877,0.01157
test_16878,0.00093
test_16879,0.93834
test_16880,0.98186
test_16881,0.06291
test_16882,0.01718
test_16883,0.99926
test_16884,0.99792
test_16885,0.01719
test_16886,0.49848
test_16887,0.99188
test_16888,0.99994
test_16889,0.99662
test_16890,0.99247
test_16891,0.06678
test_16892,0.99991
test_16893,0.99510
test_16894,0.97337
test_16895,0.00135
test_16896,0.98690
test_16897,0.00088
test_16898,0.00563
test_16899,0.07668
test_16900,0.00865
test_16901,0.00198
test_16902,0.01440
test_16903,0.99568
test_16904,0.99963
test_16905,0.00152
test_16906,0.01596
test_16907,0.99853
test_16908,0.00003
test_16909,0.99655
test_16910,0.07472
test_16911,0.08588
test_16912,0.56597
test_16913,0.77277
test_16914,0.01787
test_16915,0.99120
test_16916,0.99952
test_16917,0.00121
test_16918,0.98586
test_16919,0.09227
test_16920,0.98173
test_16921,0.85189
test_16922,0.08471
test_16923,0.00656
test_16924,0.85137
test_16925,0.07992
test_16926,0.06210
test_16927,0.03907
test_16928,0.31893
test_16929,0.02591
test_16930,0.33753
test_16931,0.99835
test_16932,0.00057
test_16933,0.99893
test_16934,0.99930
test_16935,0.09480
test_16936,0.95974
test_16937,0.26868
test_16938,0.14305
test_16939,0.55847
test_16940,0.98521
test_16941,0.99962
test_16942,0.04899
test_16943,0.70865
test_16944,0.00044
test_16945,0.00086
test_16946,0.69157
test_16947,0.00000
test_16948,0.00570
test_16949,0.99425
test_16950,0.64410
test_16951,0.97216
test_16952,0.94609
test_16953,0.99994
test_16954,0.00465
test_16955,0.99316
test_16956,0.00006
test_16957,0.58717
test_16958,0.99929
test_16959,0.51200
test_16960,0.99996
test_16961,0.00827
test_16962,0.05217
test_16963,0.94942
test_16964,0.00348
test_16965,0.73849
test_16966,0.00623
test_16967,0.12812
test_16968,0.00034
test_16969,0.63724
test_16970,0.00509
test_16971,0.99275
test_16972,0.05906
test_16973,0.95881
test_16974,0.75087
test_16975,0.00161
test_16976,0.48513
test_16977,0.08144
test_16978,0.98708
test_16979,0.38221
test_16980,0.99909
test_16981,0.99793
test_16982,0.00066
test_16983,0.99403
test_16984,0.00035
test_16985,0.00026
test_16986,0.00153
test_16987,0.00027
test_16988,0.14129
test_16989,0.02300
test_16990,0.00005
test_16991,0.13698
test_16992,0.99923
test_16993,0.57116
test_16994,0.01679
test_16995,0.74796
test_16996,0.69724
test_16997,0.48591
test_16998,0.00245
test_16999,0.99625
test_17000,0.39549
test_17001,0.11794
test_17002,0.99733
test_17003,0.00022
test_17004,0.99970
test_17005,0.57774
test_17006,0.16900
test_17007,0.75598
test_17008,0.99580
test_17009,0.00001
test_17010,0.00014
test_17011,0.45755
test_17012,0.78920
test_17013,0.42371
test_17014,0.00417
test_17015,0.69820
test_17016,0.43907
test_17017,0.80003
test_17018,0.00327
test_17019,0.00214
test_17020,0.99953
test_17021,0.99970
test_17022,0.00351
test_17023,0.00126
test_17024,0.99972
test_17025,0.00459
test_17026,0.00515
test_17027,0.99844
test_17028,0.99236
test_17029,0.00890
test_17030,1.00000
test_17031,0.03284
test_17032,0.42342
test_17033,0.96226
test_17034,0.05503
test_17035,0.92561
test_17036,1.00000
test_17037,0.00035
test_17038,0.61984
test_17039,0.00564
test_17040,0.15847
test_17041,0.26431
test_17042,0.06365
test_17043,0.04889
test_17044,0.08141
test_17045,0.00822
test_17046,0.99963
test_17047,0.99981
test_17048,0.65092
test_17049,0.99989
test_17050,0.46785
test_17051,0.33205
test_17052,0.00031
test_17053,0.68224
test_17054,0.99897
test_17055,0.00060
test_17056,0.99939
test_17057,0.97573
test_17058,0.00117
test_17059,0.00792
test_17060,0.05027
test_17061,0.00522
test_17062,0.95174
test_17063,0.95349
test_17064,0.00005
test_17065,0.68333
test_17066,0.84400
test_17067,0.97376
test_17068,0.04395
test_17069,0.84996
test_17070,0.00041
test_17071,0.91748
test_17072,0.96088
test_17073,0.01269
test_17074,0.98868
test_17075,0.89486
test_17076,0.39221
test_17077,0.97591
test_17078,0.00818
test_17079,0.74211
test_17080,0.81389
test_17081,0.00069
test_17082,0.99714
test_17083,0.19817
test_17084,0.90406
test_17085,0.00238
test_17086,0.91758
test_17087,0.91403
test_17088,0.91325
test_17089,0.02473
test_17090,0.25737
test_17091,0.27094
test_17092,0.02868
test_17093,0.77305
test_17094,0.04742
test_17095,0.99974
test_17096,0.05097
test_17097,0.99120
test_17098,0.23798
test_17099,0.99997
test_17100,0.00027
test_17101,0.22821
test_17102,0.99982
test_17103,0.00062
test_17104,0.72538
test_17105,0.99601
test_17106,0.99701
test_17107,0.01291
test_17108,0.16744
test_17109,0.47624
test_17110,0.99787
test_17111,0.98405
test_17112,0.99551
test_17113,0.92843
test_17114,0.98918
test_17115,0.84876
test_17116,0.69717
test_17117,0.03512
test_17118,0.98507
test_17119,0.99970
test_17120,0.70918
test_17121,0.97010
test_17122,1.00000
test_17123,0.00194
test_17124,0.00378
test_17125,0.97243
test_17126,0.86342
test_17127,0.04269
test_17128,0.63623
test_17129,0.99994
test_17130,0.95031
test_17131,0.00381
test_17132,0.52378
test_17133,0.00047
test_17134,0.00201
test_17135,0.56404
test_17136,0.99245
test_17137,0.38764
test_17138,0.33777
test_17139,0.00757
test_17140,0.00888
test_17141,0.30762
test_17142,1.00000
test_17143,0.99962
test_17144,0.05693
test_17145,0.00002
test_17146,0.99984
test_17147,0.99949
test_17148,0.01734
test_17149,0.19197
test_17150,0.04443
test_17151,0.94467
test_17152,0.00593
test_17153,0.00820
test_17154,0.00098
test_17155,0.01127
test_17156,0.00674
test_17157,0.92667
test_17158,0.89069
test_17159,0.00306
test_17160,0.99675
test_17161,0.97273
test_17162,0.00081
test_17163,0.99982
test_17164,0.99918
test_17165,0.99977
test_17166,0.00011
test_17167,0.12281
test_17168,0.97126
test_17169,0.99868
test_17170,0.10434
test_17171,0.00012
test_17172,0.95455
test_17173,0.76709
test_17174,0.99615
test_17175,0.01204
test_17176,0.03728
test_17177,0.99988
test_17178,0.05380
test_17179,0.96955
test_17180,0.67468
test_17181,0.99714
test_17182,0.01979
test_17183,0.80561
test_17184,0.06693
test_17185,0.99980
test_17186,0.30880
test_17187,0.86957
test_17188,0.13767
test_17189,0.00184
test_17190,0.00128
test_17191,0.15356
test_17192,0.00650
test_17193,0.01941
test_17194,0.91639
test_17195,0.00001
test_17196,0.00300
test_17197,0.08664
test_17198,0.00039
test_17199,0.00107
test_17200,0.99171
test_17201,0.03118
test_17202,0.00102
test_17203,0.99999
test_17204,0.89645
test_17205,0.00347
test_17206,0.99866
test_17207,0.00416
test_17208,0.99801
test_17209,0.11493
test_17210,0.11547
test_17211,0.01569
test_17212,0.99048
test_17213,0.59535
test_17214,0.86994
test_17215,0.99984
test_17216,0.00066
test_17217,0.05367
test_17218,0.00477
test_17219,0.01448
test_17220,0.00078
test_17221,0.02539
test_17222,0.99743
test_17223,0.00087
test_17224,0.00005
test_17225,0.07138
test_17226,0.07437
test_17227,0.97798
test_17228,0.98999
test_17229,0.99923
test_17230,0.84317
test_17231,0.95175
test_17232,0.00012
test_17233,0.01340
test_17234,0.06776
test_17235,0.99956
test_17236,0.00006
test_17237,0.98877
test_17238,0.00292
test_17239,0.66124
test_17240,0.00296
test_17241,0.00321
test_17242,0.99927
test_17243,0.00002
test_17244,0.84809
test_17245,0.00248
test_17246,0.02767
test_17247,0.05672
test_17248,0.01447
test_17249,0.80713
test_17250,0.00010
test_17251,0.97398
test_17252,0.98187
test_17253,0.35537
test_17254,0.01150
test_17255,0.99685
test_17256,0.00168
test_17257,0.08918
test_17258,0.59329
test_17259,0.95746
test_17260,0.00609
test_17261,0.99985
test_17262,0.90439
test_17263,0.73803
test_17264,0.99996
test_17265,1.00000
test_17266,0.00015
test_17267,0.33266
test_17268,0.00220
test_17269,0.00142
test_17270,0.87830
test_17271,0.00000
test_17272,0.96788
test_17273,0.98798
test_17274,0.06036
test_17275,0.03647
test_17276,0.99292
test_17277,0.97202
test_17278,0.00082
test_17279,0.01727
test_17280,0.30469
test_17281,0.05011
test_17282,0.24565
test_17283,0.00017
test_17284,0.99023
test_17285,0.99990
test_17286,0.99981
test_17287,0.00120
test_17288,0.37077
test_17289,0.19349
test_17290,0.00242
test_17291,0.90775
test_17292,0.99999
test_17293,0.01682
test_17294,0.58859
test_17295,0.16215
test_17296,0.83506
test_17297,0.98684
test_17298,0.00727
test_17299,0.62239
test_17300,0.00968
test_17301,0.99938
test_17302,0.01423
test_17303,0.00077
test_17304,0.00546
test_17305,0.72940
test_17306,0.97258
test_17307,0.99552
test_17308,0.69826
test_17309,0.00013
test_17310,0.99790
test_17311,0.00055
test_17312,0.99553
test_17313,0.99279
test_17314,0.98729
test_17315,0.65594
test_17316,0.00177
test_17317,0.40993
test_17318,0.99479
test_17319,0.99991
test_17320,0.99955
test_17321,0.99999
test_17322,0.00189
test_17323,0.93189
test_17324,0.00273
test_17325,0.00051
test_17326,0.99382
test_17327,0.03273
test_17328,0.28244
test_17329,0.09675
test_17330,0.00009
test_17331,0.53006
test_17332,0.91312
test_17333,0.87428
test_17334,0.00009
test_17335,0.99924
test_17336,0.30848
test_17337,0.00438
test_17338,0.99901
test_17339,0.00524
test_17340,0.00919
test_17341,0.00010
test_17342,0.10627
test_17343,0.00030
test_17344,0.98280
test_17345,0.99726
test_17346,0.99632
test_17347,0.00056
test_17348,0.99830
test_17349,0.00743
test_17350,0.00407
test_17351,0.98994
test_17352,0.99999
test_17353,0.99971
test_17354,0.99517
test_17355,0.00009
test_17356,0.41842
test_17357,0.62463
test_17358,0.00033
test_17359,0.95526
test_17360,0.98393
test_17361,0.99697
test_17362,0.00792
test_17363,0.02115
test_17364,0.01134
test_17365,0.00008
test_17366,0.00637
test_17367,0.99364
test_17368,0.00000
test_17369,0.94491
test_17370,0.93632
test_17371,0.99771
test_17372,0.86974
test_17373,0.09380
test_17374,0.98273
test_17375,0.00498
test_17376,0.99977
test_17377,0.00134
test_17378,0.01824
test_17379,0.98932
test_17380,0.98301
test_17381,0.00248
test_17382,0.58286
test_17383,0.96017
test_17384,0.82852
test_17385,0.03157
test_17386,0.00005
test_17387,0.99668
test_17388,0.00016
test_17389,0.00032
test_17390,0.93117
test_17391,0.03664
test_17392,0.10564
test_17393,0.70810
test_17394,0.00104
test_17395,0.00101
test_17396,0.99751
test_17397,0.01182
test_17398,0.88136
test_17399,0.96047
test_17400,0.00004
test_17401,0.99038
test_17402,0.99990
test_17403,0.77934
test_17404,0.99972
test_17405,0.90683
test_17406,0.01164
test_17407,0.98556
test_17408,0.00943
test_17409,0.54333
test_17410,0.57279
test_17411,0.99669
test_17412,0.26903
test_17413,0.97496
test_17414,0.29657
test_17415,0.03676
test_17416,0.98540
test_17417,0.99948
test_17418,0.00209
test_17419,0.23475
test_17420,0.99958
test_17421,0.68530
test_17422,0.68791
test_17423,0.91944
test_17424,0.14532
test_17425,0.52127
test_17426,0.99875
test_17427,0.99901
test_17428,0.01716
test_17429,0.04152
test_17430,0.99688
test_17431,0.00025
test_17432,0.16686
test_17433,0.03095
test_17434,0.16303
test_17435,0.95880
test_17436,0.00049
test_17437,0.16139
test_17438,0.99794
test_17439,0.00040
test_17440,0.00038
test_17441,0.99528
test_17442,0.00010
test_17443,0.99925
test_17444,0.01289
test_17445,0.00141
test_17446,0.78090
test_17447,0.21867
test_17448,0.96363
test_17449,0.76838
test_17450,0.96834
test_17451,0.00141
test_17452,0.00088
test_17453,0.99940
test_17454,0.94522
test_17455,0.17960
test_17456,0.00417
test_17457,0.92046
test_17458,0.45804
test_17459,0.67940
test_17460,0.07127
test_17461,0.98488
test_17462,0.00288
test_17463,0.00013
test_17464,0.01024
test_17465,0.00007
test_17466,0.12074
test_17467,0.99955
test_17468,0.99988
test_17469,0.03130
test_17470,0.01300
test_17471,0.76673
test_17472,0.96752
test_17473,0.99670
test_17474,0.99682
test_17475,0.07048
test_17476,0.78391
test_17477,0.03723
test_17478,0.01553
test_17479,0.00028
test_17480,0.99960
test_17481,0.48878
test_17482,0.39380
test_17483,0.05313
test_17484,0.00018
test_17485,0.99329
test_17486,0.06716
test_17487,0.67325
test_17488,0.00054
test_17489,0.99556
test_17490,0.00108
test_17491,0.30968
test_17492,0.00034
test_17493,0.99989
test_17494,0.75849
test_17495,0.01342
test_17496,0.32164
test_17497,0.07191
test_17498,0.12066
test_17499,0.99743
test_17500,0.00001
test_17501,0.58634
test_17502,0.00016
test_17503,0.99915
test_17504,0.00102
test_17505,0.04502
test_17506,0.00079
test_17507,0.99978
test_17508,0.99987
test_17509,0.97093
test_17510,0.00040
test_17511,0.92717
test_17512,0.23340
test_17513,0.99301
test_17514,0.99646
test_17515,0.99855
test_17516,0.00287
test_17517,0.79800
test_17518,0.01267
test_17519,0.00080
test_17520,0.21978
test_17521,0.99975
test_17522,0.61156
test_17523,0.00518
test_17524,0.88093
test_17525,0.45572
test_17526,0.99960
test_17527,0.02355
test_17528,0.51470
test_17529,0.00785
test_17530,0.99595
test_17531,0.00077
test_17532,0.32061
test_17533,0.99999
test_17534,0.99887
test_17535,0.99832
test_17536,0.99911
test_17537,0.23406
test_17538,0.98436
test_17539,0.51312
test_17540,0.02570
test_17541,0.99437
test_17542,0.99832
test_17543,0.99399
test_17544,0.07317
test_17545,0.98074
test_17546,0.92197
test_17547,0.00476
test_17548,0.95937
test_17549,0.00004
test_17550,0.92519
test_17551,0.00034
test_17552,0.99799
test_17553,0.07874
test_17554,0.88074
test_17555,0.00536
test_17556,0.00029
test_17557,0.99942
test_17558,0.98970
test_17559,0.99972
test_17560,0.00098
test_17561,0.07713
test_17562,0.00001
test_17563,0.36604
test_17564,0.32405
test_17565,0.00339
test_17566,0.01983
test_17567,0.92605
test_17568,0.00474
test_17569,0.05344
test_17570,0.40856
test_17571,0.02527
test_17572,0.99650
test_17573,0.98869
test_17574,0.06539
test_17575,0.00240
test_17576,0.75412
test_17577,0.99818
test_17578,0.00071
test_17579,0.12497
test_17580,0.06269
test_17581,0.01096
test_17582,0.98610
test_17583,0.13640
test_17584,0.97403
test_17585,0.99459
test_17586,0.00000
test_17587,0.01021
test_17588,0.02714
test_17589,0.77335
test_17590,0.03040
test_17591,0.39199
test_17592,0.26831
test_17593,0.98373
test_17594,0.00025
test_17595,0.99509
test_17596,0.99515
test_17597,0.85714
test_17598,0.43293
test_17599,0.95073
test_17600,0.48805
test_17601,0.60179
test_17602,0.05333
test_17603,0.05797
test_17604,0.00001
test_17605,0.00970
test_17606,0.00000
test_17607,0.03208
test_17608,0.10284
test_17609,0.99721
test_17610,0.41408
test_17611,0.99489
test_17612,0.50290
test_17613,0.11447
test_17614,0.96471
test_17615,0.00785
test_17616,0.99508
test_17617,0.02691
test_17618,0.00433
test_17619,0.90288
test_17620,0.92335
test_17621,0.17011
test_17622,0.01982
test_17623,0.64866
test_17624,0.95728
test_17625,0.99983
test_17626,0.00470
test_17627,0.74646
test_17628,0.99237
test_17629,0.99374
test_17630,0.99417
test_17631,0.94647
test_17632,0.00847
test_17633,0.99996
test_17634,0.00198
test_17635,0.39834
test_17636,0.15562
test_17637,0.03029
test_17638,0.84128
test_17639,0.43034
test_17640,0.92961
test_17641,0.00822
test_17642,0.99925
test_17643,0.00051
test_17644,0.74145
test_17645,0.98907
test_17646,0.87224
test_17647,0.00000
test_17648,0.87137
test_17649,0.04059
test_17650,0.00664
test_17651,0.90786
test_17652,0.17913
test_17653,0.04327
test_17654,0.00036
test_17655,0.00000
test_17656,0.99639
test_17657,0.92948
test_17658,0.95178
test_17659,0.08005
test_17660,0.99437
test_17661,0.69206
test_17662,0.14225
test_17663,0.99981
test_17664,0.00066
test_17665,0.00567
test_17666,0.02557
test_17667,0.98503
test_17668,0.00357
test_17669,0.48590
test_17670,0.00004
test_17671,0.00465
test_17672,0.99993
test_17673,0.00046
test_17674,0.00119
test_17675,0.99997
test_17676,0.99876
test_17677,0.97694
test_17678,0.00903
test_17679,0.97257
test_17680,0.00161
test_17681,0.05722
test_17682,0.94919
test_17683,0.99724
test_17684,0.99778
test_17685,0.99205
test_17686,0.51086
test_17687,0.01239
test_17688,0.00165
test_17689,0.99992
test_17690,0.00637
test_17691,0.34203
test_17692,0.61032
test_17693,0.96369
test_17694,0.93447
test_17695,0.98460
test_17696,0.99991
test_17697,0.99971
test_17698,0.06645
test_17699,0.00618
test_17700,0.00034
test_17701,0.90291
test_17702,0.00464
test_17703,0.00428
test_17704,0.00001
test_17705,0.00009
test_17706,0.82626
test_17707,0.03633
test_17708,0.99670
test_17709,0.02802
test_17710,0.98576
test_17711,0.00425
test_17712,0.06191
test_17713,0.00189
test_17714,0.00002
test_17715,0.07981
test_17716,0.00177
test_17717,0.99983
test_17718,0.03052
test_17719,0.01722
test_17720,0.21795
test_17721,0.04691
test_17722,0.04385
test_17723,0.91761
test_17724,0.97134
test_17725,0.01373
test_17726,0.98745
test_17727,0.97331
test_17728,0.96753
test_17729,0.94603
test_17730,0.99634
test_17731,0.06938
test_17732,0.99458
test_17733,0.99995
test_17734,0.00010
test_17735,0.92401
test_17736,0.99488
test_17737,0.01041
test_17738,0.72902
test_17739,0.98901
test_17740,0.00000
test_17741,0.99694
test_17742,0.03461
test_17743,0.99998
test_17744,0.99208
test_17745,0.00029
test_17746,0.00481
test_17747,0.00229
test_17748,0.25654
test_17749,0.93506
test_17750,0.00085
test_17751,0.31720
test_17752,0.08012
test_17753,0.95141
test_17754,0.01276
test_17755,0.75212
test_17756,0.09837
test_17757,0.99535
test_17758,0.00336
test_17759,1.00000
test_17760,0.84326
test_17761,0.46759
test_17762,0.01365
test_17763,0.00072
test_17764,0.00185
test_17765,0.99932
test_17766,0.00093
test_17767,0.03179
test_17768,0.99511
test_17769,0.02289
test_17770,0.99318
test_17771,0.31920
test_17772,0.80426
test_17773,0.01105
test_17774,0.00029
test_17775,0.28514
test_17776,0.98773
test_17777,0.00861
test_17778,0.03834
test_17779,0.00006
test_17780,0.99984
test_17781,0.00001
test_17782,0.99744
test_17783,0.00062
test_17784,0.94817
test_17785,0.99438
test_17786,0.75368
test_17787,0.36432
test_17788,0.93865
test_17789,0.21442
test_17790,0.02155
test_17791,0.99600
test_17792,0.00779
test_17793,0.41463
test_17794,0.02106
test_17795,0.03148
test_17796,0.00115
test_17797,0.99700
test_17798,0.00137
test_17799,0.11921
test_17800,0.93491
test_17801,0.05171
test_17802,0.24159
test_17803,0.01899
test_17804,0.94876
test_17805,0.98044
test_17806,0.99868
test_17807,0.00069
test_17808,0.15956
test_17809,0.10093
test_17810,0.01283
test_17811,0.09878
test_17812,0.03101
test_17813,0.43367
test_17814,0.69987
test_17815,0.98828
test_17816,0.99904
test_17817,0.00291
test_17818,0.29433
test_17819,0.99462
test_17820,0.00041
test_17821,0.98820
test_17822,0.03080
test_17823,0.00023
test_17824,0.96579
test_17825,0.00021
test_17826,0.06984
test_17827,0.44514
test_17828,0.99469
test_17829,0.75363
test_17830,0.99549
test_17831,0.00609
test_17832,0.00104
test_17833,0.99861
test_17834,0.00641
test_17835,0.99999
test_17836,0.63821
test_17837,0.26967
test_17838,0.86710
test_17839,0.99995
test_17840,0.96444
test_17841,0.67175
test_17842,0.98911
test_17843,0.01172
test_17844,0.04814
test_17845,0.30307
test_17846,0.00194
test_17847,0.99790
test_17848,0.98884
test_17849,0.00177
test_17850,0.06066
test_17851,0.68439
test_17852,0.98307
test_17853,0.99928
test_17854,0.00084
test_17855,0.05639
test_17856,0.99984
test_17857,0.00005
test_17858,0.93356
test_17859,0.18382
test_17860,0.00052
test_17861,0.98720
test_17862,0.99983
test_17863,0.00053
test_17864,0.21989
test_17865,0.68729
test_17866,0.01863
test_17867,0.40200
test_17868,0.26548
test_17869,0.00026
test_17870,0.99233
test_17871,0.88362
test_17872,0.08056
test_17873,0.99980
test_17874,0.02970
test_17875,0.99864
test_17876,0.02165
test_17877,0.01490
test_17878,0.33159
test_17879,0.99955
test_17880,0.00264
test_17881,0.62799
test_17882,0.03086
test_17883,0.48055
test_17884,0.99974
test_17885,0.99937
test_17886,0.00017
test_17887,0.99987
test_17888,0.00924
test_17889,0.99960
test_17890,0.99724
test_17891,0.98075
test_17892,0.99638
test_17893,0.99777
test_17894,0.88428
test_17895,0.08449
test_17896,0.81617
test_17897,0.00122
test_17898,0.94506
test_17899,0.00899
test_17900,0.95239
test_17901,0.00002
test_17902,0.25011
test_17903,0.99997
test_17904,0.99651
test_17905,0.12425
test_17906,0.99977
test_17907,0.66068
test_17908,0.23739
test_17909,0.66275
test_17910,0.02646
test_17911,0.01018
test_17912,0.99835
test_17913,0.67540
test_17914,0.00616
test_17915,0.99011
test_17916,0.00032
test_17917,0.00058
test_17918,0.01374
test_17919,0.01307
test_17920,0.01408
test_17921,0.98552
test_17922,0.99465
test_17923,0.18532
test_17924,0.00007
test_17925,0.00432
test_17926,0.02939
test_17927,0.59519
test_17928,0.98841
test_17929,0.01880
test_17930,0.99821
test_17931,0.97984
test_17932,0.10545
test_17933,0.99940
test_17934,0.00002
test_17935,0.55147
test_17936,0.99874
test_17937,0.60732
test_17938,0.02089
test_17939,0.99887
test_17940,0.99996
test_17941,0.68336
test_17942,0.99983
test_17943,0.89328
test_17944,0.99834
test_17945,0.02819
test_17946,0.13662
test_17947,0.23591
test_17948,0.01462
test_17949,0.57892
test_17950,0.99447
test_17951,0.09108
test_17952,0.29645
test_17953,0.99364
test_17954,0.00445
test_17955,0.03103
test_17956,0.99579
test_17957,0.00394
test_17958,0.00485
test_17959,0.00607
test_17960,0.00003
test_17961,0.97553
test_17962,0.00034
test_17963,0.99923
test_17964,0.68906
test_17965,0.99949
test_17966,0.79082
test_17967,0.69647
test_17968,0.19439
test_17969,0.02118
test_17970,0.00024
test_17971,0.99958
test_17972,0.03866
test_17973,0.99202
test_17974,0.01133
test_17975,0.00347
test_17976,0.70096
test_17977,0.00884
test_17978,0.96162
test_17979,0.65857
test_17980,0.04806
test_17981,0.62890
test_17982,0.99447
test_17983,0.57456
test_17984,0.00006
test_17985,0.02598
test_17986,0.00211
test_17987,0.00320
test_17988,0.96817
test_17989,0.97004
test_17990,0.02641
test_17991,0.99952
test_17992,0.94216
test_17993,0.27043
test_17994,0.07072
test_17995,0.00388
test_17996,0.99410
test_17997,0.00026
test_17998,0.36493
test_17999,0.77820
test_18000,0.50682
test_18001,0.04625
test_18002,0.99949
test_18003,0.43442
test_18004,0.04151
test_18005,0.88577
test_18006,0.83123
test_18007,0.78345
test_18008,0.99888
test_18009,0.99901
test_18010,0.05496
test_18011,0.99235
test_18012,0.00404
test_18013,0.71678
test_18014,0.00026
test_18015,0.00248
test_18016,0.28113
test_18017,0.01815
test_18018,0.10294
test_18019,0.00915
test_18020,0.12282
test_18021,0.33783
test_18022,0.99372
test_18023,0.99789
test_18024,0.70555
test_18025,0.03471
test_18026,0.32882
test_18027,0.00068
test_18028,0.86202
test_18029,0.65153
test_18030,0.86111
test_18031,0.99672
test_18032,0.07123
test_18033,0.97159
test_18034,0.99878
test_18035,0.36000
test_18036,0.99747
test_18037,0.42221
test_18038,0.35018
test_18039,0.79797
test_18040,0.99998
test_18041,0.98748
test_18042,0.99999
test_18043,0.00066
test_18044,0.95580
test_18045,0.00033
test_18046,0.24658
test_18047,0.12115
test_18048,0.07119
test_18049,0.99948
test_18050,0.98563
test_18051,0.00086
test_18052,0.00374
test_18053,0.05298
test_18054,0.29931
test_18055,0.93723
test_18056,0.09253
test_18057,0.12686
test_18058,0.99987
test_18059,0.94115
test_18060,0.63653
test_18061,0.99501
test_18062,0.99993
test_18063,0.05661
test_18064,0.99428
test_18065,0.98600
test_18066,0.00280
test_18067,0.65995
test_18068,0.15449
test_18069,0.84034
test_18070,0.99737
test_18071,0.00022
test_18072,0.04720
test_18073,0.69264
test_18074,0.07197
test_18075,0.99758
test_18076,0.94102
test_18077,0.00079
test_18078,0.99806
test_18079,0.99896
test_18080,0.99530
test_18081,0.99986
test_18082,0.99217
test_18083,0.97698
test_18084,0.98594
test_18085,0.13692
test_18086,1.00000
test_18087,0.01108
test_18088,0.99948
test_18089,0.00120
test_18090,0.13399
test_18091,0.97315
test_18092,0.99937
test_18093,0.33588
test_18094,0.09022
test_18095,0.24465
test_18096,0.77658
test_18097,0.99999
test_18098,0.88088
test_18099,0.99942
test_18100,0.00055
test_18101,0.05473
test_18102,0.99751
test_18103,0.37294
test_18104,0.70391
test_18105,0.99910
test_18106,0.84849
test_18107,0.19636
test_18108,0.02767
test_18109,0.00001
test_18110,0.64323
test_18111,0.39866
test_18112,0.23823
test_18113,0.11477
test_18114,0.64998
test_18115,0.97286
test_18116,0.99989
test_18117,0.97783
test_18118,0.00139
test_18119,0.40644
test_18120,0.02552
test_18121,0.85006
test_18122,0.01193
test_18123,0.83527
test_18124,0.00814
test_18125,0.99908
test_18126,0.73182
test_18127,0.00239
test_18128,0.03940
test_18129,0.00900
test_18130,0.00009
test_18131,0.94779
test_18132,0.00021
test_18133,0.05097
test_18134,0.47247
test_18135,0.06744
test_18136,0.00731
test_18137,0.00005
test_18138,0.00088
test_18139,0.00120
test_18140,0.00000
test_18141,0.02691
test_18142,0.00006
test_18143,0.95357
test_18144,0.00020
test_18145,0.99713
test_18146,0.98129
test_18147,0.00019
test_18148,0.08972
test_18149,0.99879
test_18150,0.99547
test_18151,0.99601
test_18152,0.95200
test_18153,0.00486
test_18154,0.98879
test_18155,0.99877
test_18156,0.01331
test_18157,0.05852
test_18158,0.63405
test_18159,0.14152
test_18160,0.99774
test_18161,0.50588
test_18162,0.44413
test_18163,0.00018
test_18164,0.99863
test_18165,0.45921
test_18166,0.02259
test_18167,0.99945
test_18168,0.99999
test_18169,0.96771
test_18170,0.89122
test_18171,0.92749
test_18172,0.32544
test_18173,0.99998
test_18174,0.99998
test_18175,0.37604
test_18176,1.00000
test_18177,0.99930
test_18178,0.70946
test_18179,0.92998
test_18180,0.00211
test_18181,0.89199
test_18182,0.99817
test_18183,0.99393
test_18184,0.93032
test_18185,0.98668
test_18186,0.00196
test_18187,0.00001
test_18188,0.04660
test_18189,0.02594
test_18190,0.99998
test_18191,0.42829
test_18192,0.99999
test_18193,0.82127
test_18194,0.04171
test_18195,0.98398
test_18196,0.69651
test_18197,0.97501
test_18198,0.74287
test_18199,0.71312
test_18200,0.00081
test_18201,0.99998
test_18202,0.96217
test_18203,0.94529
test_18204,0.99951
test_18205,0.81273
test_18206,0.01328
test_18207,0.97410
test_18208,0.19354
test_18209,0.99956
test_18210,0.98630
test_18211,0.01998
test_18212,0.00050
test_18213,0.44390
test_18214,0.01828
test_18215,0.61883
test_18216,0.11604
test_18217,0.00084
test_18218,0.99694
test_18219,0.35665
test_18220,0.99733
test_18221,0.04626
test_18222,0.00528
test_18223,0.00064
test_18224,0.98972
test_18225,0.98789
test_18226,0.99257
test_18227,0.96723
test_18228,0.99732
test_18229,0.03106
test_18230,0.99994
test_18231,0.16645
test_18232,0.06877
test_18233,0.89600
test_18234,0.05072
test_18235,0.98433
test_18236,0.02880
test_18237,0.00550
test_18238,0.99831
test_18239,0.93877
test_18240,0.68505
test_18241,0.97647
test_18242,0.00061
test_18243,0.00195
test_18244,0.99831
test_18245,0.78071
test_18246,0.99430
test_18247,0.73227
test_18248,0.97291
test_18249,0.01144
test_18250,0.00180
test_18251,0.26742
test_18252,0.99573
test_18253,0.97945
test_18254,0.00047
test_18255,0.00001
test_18256,0.00014
test_18257,0.00000
test_18258,0.82674
test_18259,0.05220
test_18260,0.97924
test_18261,0.99850
test_18262,0.00058
test_18263,0.93553
test_18264,0.00127
test_18265,0.02921
test_18266,0.00042
test_18267,0.60755
test_18268,0.99845
test_18269,0.00007
test_18270,0.98317
test_18271,0.16579
test_18272,0.00225
test_18273,0.02959
test_18274,0.08553
test_18275,0.05779
test_18276,0.02254
test_18277,0.00024
test_18278,0.00000
test_18279,0.63501
test_18280,0.99858
test_18281,0.00066
test_18282,0.33281
test_18283,0.00156
test_18284,0.79176
test_18285,0.99711
test_18286,0.02997
test_18287,0.15890
test_18288,0.00105
test_18289,0.98935
test_18290,0.99954
test_18291,0.00653
test_18292,0.21984
test_18293,0.93638
test_18294,0.51368
test_18295,0.99607
test_18296,0.00020
test_18297,0.01524
test_18298,0.92588
test_18299,0.00111
test_18300,0.64116
test_18301,0.04435
test_18302,0.00608
test_18303,0.00415
test_18304,0.00003
test_18305,0.94211
test_18306,0.12285
test_18307,0.00052
test_18308,0.18452
test_18309,0.80900
test_18310,0.99791
test_18311,0.03695
test_18312,0.03896
test_18313,0.99962
test_18314,0.13535
test_18315,0.00744
test_18316,0.69428
test_18317,0.79125
test_18318,0.99077
test_18319,0.01324
test_18320,0.69326
test_18321,0.00002
test_18322,0.99886
test_18323,0.95104
test_18324,0.99685
test_18325,0.65942
test_18326,0.98910
test_18327,0.09813
test_18328,0.01722
test_18329,0.99997
test_18330,0.00023
test_18331,0.99961
test_18332,0.00347
test_18333,0.00988
test_18334,0.99483
test_18335,0.00324
test_18336,0.00017
test_18337,0.99889
test_18338,0.72494
test_18339,0.00125
test_18340,0.97586
test_18341,0.00140
test_18342,0.00446
test_18343,0.99642
test_18344,0.94602
test_18345,0.05110
test_18346,0.00639
test_18347,0.93410
test_18348,0.00683
test_18349,0.42734
test_18350,0.99047
test_18351,0.00856
test_18352,0.06218
test_18353,0.00524
test_18354,0.08990
test_18355,0.93558
test_18356,0.02831
test_18357,0.99643
test_18358,0.01639
test_18359,0.00079
test_18360,0.96622
test_18361,0.99703
test_18362,0.06964
test_18363,0.99997
test_18364,0.12294
test_18365,0.93729
test_18366,0.89796
test_18367,0.00532
test_18368,0.99910
test_18369,0.99946
test_18370,0.99575
test_18371,0.04672
test_18372,0.79248
test_18373,0.16483
test_18374,0.81172
test_18375,0.98556
test_18376,0.00139
test_18377,0.99857
test_18378,0.30585
test_18379,0.99924
test_18380,0.00390
test_18381,0.92610
test_18382,0.18582
test_18383,0.99563
test_18384,0.17850
test_18385,0.96502
test_18386,0.92253
test_18387,0.00396
test_18388,0.99786
test_18389,0.88908
test_18390,0.99870
test_18391,0.00120
test_18392,0.05815
test_18393,0.36412
test_18394,0.00001
test_18395,0.00057
test_18396,0.03266
test_18397,0.99939
test_18398,0.92626
test_18399,0.99864
test_18400,0.00026
test_18401,0.73925
test_18402,0.98959
test_18403,0.98572
test_18404,0.75504
test_18405,0.02186
test_18406,0.91375
test_18407,0.96183
test_18408,0.99382
test_18409,0.02315
test_18410,0.98895
test_18411,0.75212
test_18412,0.81397
test_18413,0.99695
test_18414,0.01251
test_18415,0.00134
test_18416,0.99669
test_18417,0.00008
test_18418,0.80067
test_18419,0.99540
test_18420,0.26816
test_18421,0.56527
test_18422,0.98991
test_18423,0.98192
test_18424,0.99835
test_18425,0.00936
test_18426,0.99999
test_18427,0.96261
test_18428,0.00094
test_18429,0.00237
test_18430,0.92863
test_18431,0.99391
test_18432,0.03220
test_18433,0.99911
test_18434,0.99643
test_18435,0.99980
test_18436,0.99375
test_18437,0.70445
test_18438,0.38841
test_18439,0.99227
test_18440,0.07760
test_18441,0.58483
test_18442,0.99806
test_18443,0.01627
test_18444,0.00712
test_18445,0.99760
test_18446,0.96390
test_18447,0.46669
test_18448,0.00781
test_18449,0.00247
test_18450,0.26140
test_18451,0.00991
test_18452,0.17117
test_18453,0.98679
test_18454,0.00025
test_18455,0.99660
test_18456,0.91573
test_18457,0.29384
test_18458,0.98888
test_18459,0.99752
test_18460,0.99650
test_18461,0.92214
test_18462,0.96632
test_18463,0.99244
test_18464,0.83107
test_18465,0.00034
test_18466,0.98900
test_18467,0.10914
test_18468,0.00112
test_18469,0.00223
test_18470,0.58383
test_18471,0.99901
test_18472,0.03011
test_18473,0.99907
test_18474,0.11553
test_18475,0.03428
test_18476,0.95175
test_18477,0.01474
test_18478,0.00057
test_18479,0.99828
test_18480,0.59575
test_18481,0.14402
test_18482,0.24415
test_18483,0.99952
test_18484,0.42397
test_18485,0.97645
test_18486,0.55476
test_18487,0.96852
test_18488,0.94042
test_18489,0.00292
test_18490,0.99952
test_18491,0.00066
test_18492,0.02773
test_18493,0.03949
test_18494,0.00590
test_18495,0.99609
test_18496,0.25616
test_18497,0.83618
test_18498,0.99866
test_18499,0.01986
test_18500,0.21383
test_18501,0.98407
test_18502,0.99941
test_18503,0.00508
test_18504,0.57261
test_18505,0.01024
test_18506,0.99982
test_18507,0.99874
test_18508,0.17457
test_18509,0.67002
test_18510,0.98230
test_18511,0.01232
test_18512,0.99808
test_18513,0.00266
test_18514,0.99404
test_18515,0.01035
test_18516,0.99945
test_18517,0.99468
test_18518,0.48579
test_18519,0.99954
test_18520,0.02939
test_18521,0.21006
test_18522,0.00012
test_18523,0.24531
test_18524,0.31947
test_18525,0.17458
test_18526,0.40963
test_18527,0.11829
test_18528,0.00649
test_18529,0.99969
test_18530,0.96218
test_18531,0.99995
test_18532,0.00082
test_18533,0.99965
test_18534,0.00000
test_18535,0.00013
test_18536,0.99963
test_18537,0.98817
test_18538,0.82069
test_18539,0.00859
test_18540,0.15337
test_18541,0.50649
test_18542,0.01351
test_18543,0.90678
test_18544,0.36797
test_18545,0.99972
test_18546,0.99959
test_18547,0.99895
test_18548,0.99942
test_18549,0.82616
test_18550,0.99966
test_18551,0.99688
test_18552,0.00549
test_18553,0.00059
test_18554,0.99934
test_18555,0.99242
test_18556,0.94508
test_18557,0.38481
test_18558,0.83530
test_18559,0.99689
test_18560,0.00000
test_18561,0.15102
test_18562,0.99589
test_18563,0.99634
test_18564,0.00184
test_18565,0.99205
test_18566,0.37064
test_18567,0.99045
test_18568,0.77706
test_18569,0.99160
test_18570,0.58916
test_18571,0.01322
test_18572,0.00184
test_18573,0.96968
test_18574,0.99295
test_18575,0.00241
test_18576,0.00889
test_18577,0.00592
test_18578,0.99154
test_18579,0.99781
test_18580,0.08890
test_18581,0.00000
test_18582,0.99954
test_18583,0.00181
test_18584,0.13991
test_18585,0.03395
test_18586,0.99978
test_18587,0.99250
test_18588,0.99592
test_18589,0.02924
test_18590,0.99998
test_18591,0.00145
test_18592,0.01193
test_18593,0.00002
test_18594,0.00831
test_18595,0.96840
test_18596,0.99873
test_18597,0.99748
test_18598,0.99956
test_18599,0.98969
test_18600,0.96497
test_18601,0.98547
test_18602,0.99991
test_18603,0.99808
test_18604,0.01856
test_18605,0.34982
test_18606,0.99379
test_18607,0.27547
test_18608,0.50990
test_18609,0.00719
test_18610,0.14441
test_18611,0.77856
test_18612,0.99999
test_18613,0.95308
test_18614,0.00266
test_18615,0.99872
test_18616,0.00003
test_18617,0.99982
test_18618,0.02820
test_18619,0.99549
test_18620,0.99997
test_18621,0.23151
test_18622,0.01250
test_18623,0.99876
test_18624,0.01151
test_18625,0.99978
test_18626,0.04988
test_18627,0.98147
test_18628,0.01948
test_18629,0.27437
test_18630,0.95552
test_18631,0.00044
test_18632,0.79862
test_18633,0.00069
test_18634,0.90914
test_18635,0.99807
test_18636,0.00000
test_18637,0.94553
test_18638,0.01751
test_18639,0.99988
test_18640,0.99718
test_18641,0.74585
test_18642,0.00060
test_18643,0.03959
test_18644,0.01722
test_18645,0.01381
test_18646,0.69215
test_18647,0.64595
test_18648,0.99969
test_18649,0.00174
test_18650,0.00179
test_18651,0.80751
test_18652,0.02065
test_18653,0.00121
test_18654,0.00770
test_18655,0.56791
test_18656,0.20018
test_18657,0.00091
test_18658,0.00016
test_18659,0.99371
test_18660,0.79085
test_18661,0.00096
test_18662,0.00002
test_18663,0.73264
test_18664,0.99979
test_18665,0.00063
test_18666,0.97525
test_18667,0.88175
test_18668,0.99949
test_18669,0.98978
test_18670,0.00177
test_18671,0.00028
test_18672,0.02494
test_18673,0.99627
test_18674,0.00240
test_18675,0.01309
test_18676,0.80785
test_18677,0.03361
test_18678,0.00005
test_18679,0.99445
test_18680,0.99808
test_18681,0.99203
test_18682,0.90993
test_18683,0.97349
test_18684,0.98570
test_18685,0.17613
test_18686,0.97572
test_18687,0.98461
test_18688,0.01680
test_18689,0.95048
test_18690,0.90232
test_18691,0.99821
test_18692,0.00757
test_18693,0.99948
test_18694,0.02523
test_18695,0.99994
test_18696,0.99991
test_18697,0.02603
test_18698,0.00382
test_18699,0.12141
test_18700,0.75253
test_18701,0.41600
test_18702,0.96649
test_18703,0.00001
test_18704,0.98255
test_18705,0.04519
test_18706,0.96631
test_18707,0.00003
test_18708,0.00000
test_18709,0.99997
test_18710,0.99950
test_18711,0.98849
test_18712,0.00351
test_18713,0.99776
test_18714,0.44805
test_18715,0.98512
test_18716,0.87057
test_18717,0.19344
test_18718,0.28580
test_18719,0.94606
test_18720,0.00166
test_18721,0.99717
test_18722,0.65945
test_18723,0.00105
test_18724,0.99595
test_18725,0.95845
test_18726,0.97912
test_18727,0.95508
test_18728,0.06792
test_18729,0.46317
test_18730,0.20058
test_18731,0.99983
test_18732,0.00009
test_18733,0.99918
test_18734,0.22600
test_18735,0.00742
test_18736,0.99965
test_18737,0.97430
test_18738,0.00188
test_18739,0.60581
test_18740,0.07819
test_18741,0.01426
test_18742,0.08612
test_18743,0.99994
test_18744,0.99850
test_18745,0.99983
test_18746,0.99928
test_18747,0.00089
test_18748,0.99360
test_18749,0.88210
test_18750,0.01093
test_18751,0.15150
test_18752,0.00148
test_18753,0.99935
test_18754,0.91575
test_18755,0.91195
test_18756,0.64435
test_18757,0.01637
test_18758,0.00060
test_18759,0.91459
test_18760,0.03638
test_18761,0.82260
test_18762,0.99544
test_18763,0.99405
test_18764,0.99881
test_18765,0.00022
test_18766,0.00045
test_18767,0.99738
test_18768,0.12667
test_18769,0.01419
test_18770,0.16603
test_18771,0.03264
test_18772,0.00088
test_18773,0.63918
test_18774,0.00100
test_18775,0.00844
test_18776,0.00474
test_18777,0.00193
test_18778,0.99630
test_18779,0.44667
test_18780,0.22703
test_18781,0.09205
test_18782,0.99935
test_18783,0.12660
test_18784,0.00101
test_18785,0.40604
test_18786,0.03670
test_18787,0.99999
test_18788,0.98504
test_18789,0.00562
test_18790,0.00421
test_18791,0.00648
test_18792,0.98847
test_18793,0.00000
test_18794,0.99922
test_18795,0.00524
test_18796,0.91801
test_18797,0.98994
test_18798,0.00371
test_18799,0.99259
test_18800,0.30327
test_18801,0.76680
test_18802,0.98739
test_18803,0.46781
test_18804,0.00083
test_18805,0.02684
test_18806,0.98711
test_18807,0.00517
test_18808,0.00423
test_18809,0.00290
test_18810,0.04797
test_18811,0.41839
test_18812,0.00089
test_18813,0.98953
test_18814,0.74778
test_18815,0.10554
test_18816,0.99805
test_18817,0.00014
test_18818,0.00782
test_18819,0.99641
test_18820,0.65906
test_18821,1.00000
test_18822,0.82208
test_18823,0.99977
test_18824,0.00704
test_18825,0.95316
test_18826,0.00090
test_18827,0.00146
test_18828,0.01105
test_18829,0.00109
test_18830,0.00826
test_18831,0.98323
test_18832,0.00180
test_18833,0.02596
test_18834,0.93255
test_18835,0.97210
test_18836,0.96446
test_18837,0.98353
test_18838,0.00238
test_18839,0.92248
test_18840,0.86396
test_18841,0.00678
test_18842,0.01616
test_18843,0.99877
test_18844,0.05253
test_18845,0.99771
test_18846,0.99027
test_18847,0.02601
test_18848,0.00138
test_18849,0.97257
test_18850,0.81730
test_18851,0.95400
test_18852,0.00146
test_18853,0.01291
test_18854,0.32985
test_18855,0.00247
test_18856,0.01278
test_18857,0.00000
test_18858,0.81238
test_18859,0.01348
test_18860,0.96796
test_18861,0.00280
test_18862,0.02172
test_18863,0.00956
test_18864,0.99990
test_18865,0.00026
test_18866,0.23885
test_18867,0.99999
test_18868,0.00324
test_18869,0.72288
test_18870,0.95500
test_18871,0.00783
test_18872,0.88700
test_18873,0.45977
test_18874,0.51497
test_18875,0.04079
test_18876,0.99047
test_18877,0.00331
test_18878,0.96726
test_18879,0.00011
test_18880,0.96821
test_18881,1.00000
test_18882,0.00001
test_18883,0.19687
test_18884,0.93831
test_18885,0.00686
test_18886,0.66590
test_18887,0.17315
test_18888,0.00580
test_18889,0.00016
test_18890,0.00761
test_18891,0.00158
test_18892,0.99996
test_18893,0.99064
test_18894,0.99867
test_18895,0.95891
test_18896,0.98629
test_18897,0.98892
test_18898,0.89223
test_18899,0.02126
test_18900,0.23199
test_18901,0.90097
test_18902,0.85775
test_18903,0.09822
test_18904,0.23317
test_18905,0.57578
test_18906,0.00233
test_18907,0.00180
test_18908,0.19001
test_18909,0.98905
test_18910,0.00022
test_18911,0.00109
test_18912,0.99627
test_18913,0.03902
test_18914,0.10368
test_18915,0.34775
test_18916,0.00370
test_18917,0.01988
test_18918,0.99996
test_18919,0.99569
test_18920,0.07888
test_18921,0.99805
test_18922,0.00328
test_18923,0.98182
test_18924,0.00018
test_18925,0.09023
test_18926,0.00056
test_18927,0.71955
test_18928,0.00147
test_18929,0.07919
test_18930,0.99964
test_18931,0.99922
test_18932,0.01273
test_18933,0.38633
test_18934,0.96778
test_18935,0.13454
test_18936,0.02635
test_18937,0.99936
test_18938,0.01271
test_18939,0.02362
test_18940,0.00081
test_18941,0.72241
test_18942,0.00158
test_18943,0.04714
test_18944,0.00219
test_18945,1.00000
test_18946,0.00605
test_18947,0.99724
test_18948,0.09033
test_18949,0.99509
test_18950,0.42278
test_18951,0.00562
test_18952,0.30145
test_18953,0.32771
test_18954,0.99959
test_18955,0.38781
test_18956,0.02857
test_18957,0.99996
test_18958,0.99229
test_18959,0.00088
test_18960,0.56472
test_18961,0.04846
test_18962,0.00518
test_18963,0.01989
test_18964,0.00815
test_18965,0.21885
test_18966,0.98922
test_18967,0.99589
test_18968,0.99704
test_18969,0.99992
test_18970,0.00201
test_18971,0.96314
test_18972,0.05861
test_18973,0.95869
test_18974,0.99995
test_18975,0.99284
test_18976,0.92039
test_18977,0.99998
test_18978,0.97770
test_18979,0.99923
test_18980,0.99676
test_18981,0.09671
test_18982,0.02434
test_18983,0.62225
test_18984,0.98303
test_18985,0.70897
test_18986,0.09916
test_18987,0.95770
test_18988,0.87386
test_18989,0.99984
test_18990,0.99963
test_18991,0.99961
test_18992,0.00114
test_18993,0.99671
test_18994,0.93551
test_18995,0.97182
test_18996,0.00230
test_18997,0.00169
test_18998,0.99892
test_18999,0.02107
test_19000,0.99262
test_19001,0.03000
test_19002,0.00090
test_19003,0.00309
test_19004,0.88058
test_19005,0.13967
test_19006,0.99298
test_19007,0.04750
test_19008,0.25037
test_19009,0.01113
test_19010,0.77488
test_19011,0.99977
test_19012,0.00273
test_19013,0.05929
test_19014,0.99574
test_19015,0.18279
test_19016,0.99832
test_19017,0.04574
test_19018,0.01489
test_19019,0.99937
test_19020,0.02305
test_19021,0.00047
test_19022,0.99982
test_19023,0.00034
test_19024,0.59006
test_19025,0.98755
test_19026,0.98734
test_19027,0.45623
test_19028,0.00942
test_19029,0.97935
test_19030,0.00002
test_19031,0.99997
test_19032,0.00247
test_19033,0.99915
test_19034,0.77927
test_19035,0.02659
test_19036,0.48863
test_19037,0.99984
test_19038,0.00004
test_19039,0.10338
test_19040,0.99834
test_19041,0.78065
test_19042,0.99996
test_19043,0.96227
test_19044,0.01531
test_19045,0.00534
test_19046,0.99778
test_19047,0.85235
test_19048,0.98744
test_19049,0.99903
test_19050,0.93451
test_19051,0.95752
test_19052,0.19309
test_19053,0.97624
test_19054,0.00798
test_19055,0.99988
test_19056,0.35960
test_19057,0.99957
test_19058,0.00544
test_19059,0.00417
test_19060,0.00015
test_19061,0.90346
test_19062,0.09863
test_19063,0.99852
test_19064,0.08189
test_19065,0.00269
test_19066,0.00009
test_19067,0.98895
test_19068,0.98932
test_19069,0.00217
test_19070,0.39293
test_19071,0.15465
test_19072,0.03672
test_19073,0.98283
test_19074,0.99805
test_19075,0.99967
test_19076,1.00000
test_19077,0.00186
test_19078,0.00988
test_19079,0.30978
test_19080,0.00367
test_19081,0.99934
test_19082,0.65122
test_19083,0.29269
test_19084,0.98232
test_19085,0.04553
test_19086,0.02203
test_19087,0.00043
test_19088,0.01547
test_19089,0.08691
test_19090,0.00011
test_19091,0.99908
test_19092,0.99197
test_19093,0.00371
test_19094,0.00065
test_19095,0.00088
test_19096,0.99993
test_19097,0.06986
test_19098,0.72641
test_19099,0.99999
test_19100,0.00041
test_19101,0.99534
test_19102,0.00070
test_19103,0.00285
test_19104,0.03483
test_19105,0.95662
test_19106,0.00679
test_19107,0.99992
test_19108,0.07675
test_19109,0.17702
test_19110,0.00522
test_19111,0.05261
test_19112,0.99927
test_19113,0.97976
test_19114,0.00276
test_19115,0.00118
test_19116,0.86604
test_19117,0.00596
test_19118,0.00042
test_19119,0.39545
test_19120,0.00605
test_19121,0.91769
test_19122,0.99242
test_19123,0.78390
test_19124,0.00001
test_19125,0.99905
test_19126,0.73704
test_19127,0.69003
test_19128,0.21222
test_19129,0.00283
test_19130,0.99677
test_19131,0.99319
test_19132,0.28807
test_19133,0.00054
test_19134,0.08166
test_19135,0.00076
test_19136,0.97965
test_19137,0.99755
test_19138,0.01965
test_19139,0.01065
test_19140,0.99996
test_19141,0.00168
test_19142,0.99930
test_19143,0.00192
test_19144,0.98795
test_19145,0.99422
test_19146,0.97753
test_19147,0.99963
test_19148,0.99221
test_19149,0.99843
test_19150,0.00578
test_19151,0.00006
test_19152,0.94400
test_19153,0.61857
test_19154,0.06265
test_19155,0.99955
test_19156,0.37406
test_19157,0.96625
test_19158,0.52519
test_19159,0.99972
test_19160,0.00049
test_19161,0.09113
test_19162,0.02587
test_19163,0.99723
test_19164,0.48525
test_19165,0.00323
test_19166,0.34485
test_19167,0.64430
test_19168,0.99976
test_19169,0.00001
test_19170,1.00000
test_19171,0.99987
test_19172,0.99605
test_19173,0.99593
test_19174,0.99513
test_19175,0.71141
test_19176,0.23954
test_19177,0.99197
test_19178,0.97088
test_19179,0.69301
test_19180,0.00645
test_19181,0.37500
test_19182,0.00002
test_19183,0.97155
test_19184,0.94302
test_19185,0.94242
test_19186,0.36923
test_19187,0.99969
test_19188,0.96181
test_19189,0.97032
test_19190,0.99926
test_19191,0.00188
test_19192,0.98895
test_19193,0.02086
test_19194,0.01112
test_19195,0.01234
test_19196,0.99554
test_19197,0.01182
test_19198,0.91207
test_19199,0.01075
test_19200,0.99543
test_19201,0.99893
test_19202,0.93587
test_19203,0.99994
test_19204,0.83202
test_19205,0.27910
test_19206,0.99637
test_19207,0.01265
test_19208,0.99801
test_19209,0.99629
test_19210,0.08089
test_19211,0.00008
test_19212,0.99803
test_19213,0.94976
test_19214,0.00227
test_19215,0.00521
test_19216,0.08320
test_19217,0.99953
test_19218,0.02391
test_19219,0.49937
test_19220,0.63192
test_19221,0.99084
test_19222,0.99185
test_19223,0.99988
test_19224,0.00065
test_19225,0.00287
test_19226,0.99107
test_19227,0.07617
test_19228,0.99137
test_19229,0.00115
test_19230,0.24469
test_19231,0.97639
test_19232,0.99204
test_19233,0.99251
test_19234,0.00147
test_19235,0.01001
test_19236,0.21175
test_19237,0.00442
test_19238,0.04930
test_19239,0.99830
test_19240,0.99876
test_19241,0.15635
test_19242,0.94339
test_19243,0.69234
test_19244,0.99931
test_19245,0.99875
test_19246,0.98120
test_19247,0.00115
test_19248,0.99966
test_19249,0.00027
test_19250,0.99951
test_19251,0.93994
test_19252,0.00007
test_19253,0.00002
test_19254,0.98621
test_19255,0.92156
test_19256,0.78887
test_19257,0.00745
test_19258,0.07854
test_19259,0.00005
test_19260,0.81271
test_19261,0.67636
test_19262,0.93606
test_19263,0.01845
test_19264,0.03821
test_19265,0.83720
test_19266,0.00334
test_19267,0.99365
test_19268,0.88601
test_19269,0.00045
test_19270,0.01922
test_19271,0.00030
test_19272,0.98866
test_19273,0.99900
test_19274,0.00646
test_19275,0.17825
test_19276,0.99105
test_19277,0.00094
test_19278,0.07711
test_19279,0.34224
test_19280,0.85884
test_19281,0.36061
test_19282,0.00016
test_19283,0.01258
test_19284,0.83284
test_19285,0.07378
test_19286,0.00023
test_19287,0.99828
test_19288,0.04711
test_19289,0.00070
test_19290,0.99999
test_19291,0.00522
test_19292,0.02989
test_19293,0.00020
test_19294,0.99487
test_19295,0.97315
test_19296,0.95937
test_19297,0.00000
test_19298,0.99681
test_19299,0.32483
test_19300,0.00015
test_19301,0.20342
test_19302,0.99992
test_19303,0.99911
test_19304,0.99865
test_19305,0.02891
test_19306,0.99915
test_19307,0.99995
test_19308,0.99914
test_19309,0.27373
test_19310,0.00208
test_19311,0.00001
test_19312,0.33128
test_19313,0.00008
test_19314,0.32561
test_19315,0.99928
test_19316,0.95552
test_19317,0.00511
test_19318,0.98989
test_19319,0.21251
test_19320,0.99967
test_19321,0.00815
test_19322,0.02690
test_19323,0.99876
test_19324,0.13431
test_19325,0.00001
test_19326,0.00402
test_19327,0.88618
test_19328,0.32464
test_19329,0.01554
test_19330,0.75787
test_19331,0.03137
test_19332,0.99278
test_19333,0.00783
test_19334,0.04207
test_19335,0.00314
test_19336,0.00268
test_19337,0.00123
test_19338,0.99946
test_19339,0.01277
test_19340,0.93099
test_19341,0.01156
test_19342,0.99898
test_19343,0.99972
test_19344,0.00629
test_19345,0.99840
test_19346,0.67000
test_19347,0.00429
test_19348,0.00258
test_19349,0.00224
test_19350,0.00192
test_19351,0.03466
test_19352,0.85864
test_19353,0.00572
test_19354,0.99999
test_19355,0.00050
test_19356,0.15455
test_19357,0.76298
test_19358,0.95028
test_19359,0.99964
test_19360,0.62889
test_19361,0.00971
test_19362,0.00551
test_19363,0.00150
test_19364,0.43039
test_19365,0.06649
test_19366,0.09936
test_19367,0.38015
test_19368,0.97965
test_19369,0.79097
test_19370,0.14320
test_19371,0.00018
test_19372,0.11900
test_19373,0.36786
test_19374,0.99673
test_19375,0.24421
test_19376,0.99476
test_19377,0.99975
test_19378,0.99374
test_19379,0.18280
test_19380,0.91614
test_19381,0.40691
test_19382,0.00004
test_19383,0.98879
test_19384,0.99955
test_19385,0.99930
test_19386,0.01176
test_19387,0.64175
test_19388,0.55832
test_19389,0.25650
test_19390,0.99997
test_19391,0.69778
test_19392,0.00088
test_19393,0.95034
test_19394,0.99997
test_19395,0.00107
test_19396,0.99894
test_19397,0.11086
test_19398,0.04581
test_19399,0.21435
test_19400,0.00961
test_19401,0.96220
test_19402,0.16896
test_19403,0.06646
test_19404,0.14517
test_19405,0.99010
test_19406,0.99794
test_19407,0.00148
test_19408,0.33861
test_19409,0.00540
test_19410,0.00219
test_19411,0.00088
test_19412,0.02412
test_19413,0.96227
test_19414,0.42384
test_19415,0.54123
test_19416,0.98030
test_19417,0.27072
test_19418,0.00122
test_19419,0.86692
test_19420,0.00044
test_19421,0.84427
test_19422,0.99744
test_19423,0.96612
test_19424,0.20930
test_19425,0.00616
test_19426,0.00449
test_19427,0.00035
test_19428,0.99968
test_19429,0.98730
test_19430,0.72521
test_19431,0.99933
test_19432,0.99859
test_19433,0.01113
test_19434,0.98779
test_19435,0.99996
test_19436,0.99611
test_19437,0.99292
test_19438,0.00160
test_19439,0.16993
test_19440,0.01334
test_19441,0.99848
test_19442,0.01945
test_19443,0.00489
test_19444,0.02374
test_19445,0.03857
test_19446,0.99989
test_19447,0.00267
test_19448,0.99756
test_19449,0.99991
test_19450,0.95035
test_19451,0.97053
test_19452,0.99996
test_19453,0.89314
test_19454,0.99528
test_19455,0.00559
test_19456,0.00008
test_19457,0.99973
test_19458,0.96631
test_19459,0.97733
test_19460,0.02195
test_19461,0.03757
test_19462,0.45593
test_19463,0.63482
test_19464,0.07495
test_19465,0.21074
test_19466,0.39433
test_19467,0.68887
test_19468,0.80352
test_19469,0.99913
test_19470,0.00066
test_19471,0.00078
test_19472,0.99994
test_19473,0.99961
test_19474,0.72088
test_19475,0.99996
test_19476,0.66911
test_19477,0.04671
test_19478,0.02513
test_19479,0.99780
test_19480,0.99123
test_19481,0.99254
test_19482,0.00210
test_19483,0.96492
test_19484,0.98747
test_19485,0.96837
test_19486,0.05916
test_19487,0.84656
test_19488,0.99683
test_19489,0.77848
test_19490,0.07422
test_19491,0.17986
test_19492,0.00021
test_19493,0.99599
test_19494,0.09800
test_19495,0.99847
test_19496,0.96597
test_19497,0.12635
test_19498,0.99126
test_19499,0.84994
test_19500,0.00011
test_19501,0.97928
test_19502,0.00338
test_19503,0.64315
test_19504,0.01253
test_19505,0.99940
test_19506,0.20783
test_19507,0.95933
test_19508,0.99825
test_19509,0.99642
test_19510,0.99924
test_19511,0.96202
test_19512,0.68345
test_19513,0.74003
test_19514,0.99637
test_19515,0.00266
test_19516,0.99812
test_19517,0.09664
test_19518,0.92591
test_19519,0.99810
test_19520,0.43445
test_19521,0.83735
test_19522,0.03896
test_19523,0.84377
test_19524,0.52676
test_19525,0.01515
test_19526,0.06530
test_19527,0.47027
test_19528,0.00016
test_19529,0.05454
test_19530,0.11027
test_19531,0.03411
test_19532,0.89474
test_19533,0.05645
test_19534,0.99996
test_19535,0.03010
test_19536,0.44340
test_19537,0.00852
test_19538,0.99966
test_19539,0.99935
test_19540,0.78502
test_19541,0.97259
test_19542,0.89124
test_19543,0.00464
test_19544,0.99986
test_19545,0.99710
test_19546,0.97763
test_19547,0.00429
test_19548,0.99833
test_19549,0.00004
test_19550,0.00000
test_19551,0.83158
test_19552,0.99173
test_19553,0.14287
test_19554,0.08015
test_19555,0.93482
test_19556,0.93247
test_19557,0.02609
test_19558,0.00119
test_19559,0.04634
test_19560,0.99015
test_19561,0.99256
test_19562,0.93301
test_19563,0.95624
test_19564,0.02245
test_19565,0.70169
test_19566,0.00378
test_19567,0.45697
test_19568,0.15937
test_19569,0.29677
test_19570,0.86552
test_19571,0.70547
test_19572,0.94237
test_19573,0.95752
test_19574,0.00133
test_19575,0.00012
test_19576,0.99815
test_19577,0.72486
test_19578,0.85528
test_19579,0.00001
test_19580,0.00554
test_19581,0.58753
test_19582,0.94303
test_19583,0.00000
test_19584,0.48042
test_19585,0.99821
test_19586,0.94734
test_19587,0.08488
test_19588,0.99992
test_19589,0.00028
test_19590,0.48694
test_19591,0.95327
test_19592,0.42163
test_19593,0.13747
test_19594,0.00017
test_19595,0.00047
test_19596,0.99899
test_19597,0.00034
test_19598,0.00129
test_19599,0.93895
test_19600,0.00004
test_19601,0.00637
test_19602,0.00006
test_19603,0.99613
test_19604,0.99664
test_19605,0.00138
test_19606,0.99979
test_19607,0.00005
test_19608,0.00294
test_19609,0.08851
test_19610,0.89665
test_19611,0.99993
test_19612,0.03202
test_19613,0.99990
test_19614,0.17180
test_19615,0.99441
test_19616,0.00400
test_19617,0.02954
test_19618,0.65052
test_19619,0.99219
test_19620,0.50616
test_19621,0.00001
test_19622,0.00006
test_19623,0.04373
test_19624,0.25525
test_19625,0.99997
test_19626,0.01332
test_19627,0.00105
test_19628,0.96132
test_19629,0.00574
test_19630,0.99974
test_19631,0.65949
test_19632,0.85745
test_19633,0.99782
test_19634,0.11747
test_19635,0.99810
test_19636,0.81816
test_19637,0.09428
test_19638,0.88216
test_19639,0.81080
test_19640,0.00051
test_19641,0.12604
test_19642,0.00740
test_19643,0.00135
test_19644,0.00739
test_19645,0.20359
test_19646,0.01019
test_19647,0.99996
test_19648,0.00906
test_19649,0.98774
test_19650,0.00012
test_19651,0.00015
test_19652,0.00006
test_19653,0.38647
test_19654,0.00336
test_19655,0.02628
test_19656,0.79365
test_19657,0.00514
test_19658,0.09528
test_19659,0.92439
test_19660,0.97129
test_19661,0.05077
test_19662,0.78929
test_19663,0.34395
test_19664,0.23245
test_19665,0.99265
test_19666,0.99764
test_19667,0.99843
test_19668,0.00333
test_19669,0.06607
test_19670,0.99577
test_19671,0.24902
test_19672,0.99618
test_19673,0.02269
test_19674,0.00234
test_19675,0.53200
test_19676,0.98225
test_19677,0.81494
test_19678,0.00012
test_19679,0.92147
test_19680,0.91668
test_19681,0.12771
test_19682,0.00535
test_19683,0.99975
test_19684,0.00039
test_19685,0.99893
test_19686,0.99574
test_19687,0.00051
test_19688,0.84606
test_19689,0.92941
test_19690,0.02952
test_19691,0.99879
test_19692,0.99765
test_19693,0.32486
test_19694,0.90751
test_19695,0.26134
test_19696,0.95096
test_19697,0.01482
test_19698,0.75774
test_19699,0.99988
test_19700,0.21593
test_19701,0.00619
test_19702,0.00186
test_19703,0.00005
test_19704,0.92010
test_19705,0.00332
test_19706,0.00289
test_19707,0.99232
test_19708,0.98101
test_19709,0.00156
test_19710,0.99937
test_19711,0.00345
test_19712,0.63968
test_19713,0.99999
test_19714,0.00038
test_19715,0.00027
test_19716,0.05371
test_19717,0.99953
test_19718,0.99015
test_19719,0.99939
test_19720,0.99826
test_19721,0.85291
test_19722,0.00014
test_19723,0.97713
test_19724,0.00176
test_19725,0.99837
test_19726,0.99999
test_19727,0.00344
test_19728,0.98097
test_19729,0.00220
test_19730,0.03862
test_19731,0.10750
test_19732,0.99919
test_19733,0.41484
test_19734,0.93902
test_19735,0.97230
test_19736,0.99557
test_19737,0.24057
test_19738,0.74552
test_19739,0.03309
test_19740,0.98582
test_19741,0.99998
test_19742,0.00084
test_19743,0.00474
test_19744,0.99941
test_19745,0.98262
test_19746,0.00069
test_19747,0.31609
test_19748,0.00125
test_19749,0.85185
test_19750,0.99996
test_19751,0.00427
test_19752,0.99856
test_19753,0.00190
test_19754,0.21667
test_19755,0.99947
test_19756,0.95423
test_19757,0.99566
test_19758,0.00324
test_19759,0.95247
test_19760,0.83889
test_19761,0.01266
test_19762,0.00003
test_19763,0.16285
test_19764,0.84588
test_19765,0.98580
test_19766,0.00129
test_19767,0.33748
test_19768,0.13009
test_19769,0.08982
test_19770,0.00017
test_19771,0.99940
test_19772,0.99993
test_19773,0.00016
test_19774,0.06053
test_19775,0.06655
test_19776,0.99787
test_19777,0.01453
test_19778,0.99775
test_19779,0.89029
test_19780,0.45570
test_19781,0.00085
test_19782,0.41654
test_19783,0.00475
test_19784,0.99965
test_19785,0.79863
test_19786,0.99902
test_19787,0.00003
test_19788,0.99018
test_19789,0.79509
test_19790,0.99919
test_19791,0.40237
test_19792,0.92420
test_19793,0.89891
test_19794,0.00000
test_19795,0.87428
test_19796,0.00016
test_19797,0.95150
test_19798,0.00363
test_19799,0.97439
test_19800,0.00003
test_19801,0.03265
test_19802,0.01006
test_19803,0.99281
test_19804,0.86269
test_19805,0.00194
test_19806,0.30191
test_19807,0.99743
test_19808,0.00158
test_19809,0.05242
test_19810,0.95778
test_19811,0.80230
test_19812,0.28915
test_19813,0.26245
test_19814,0.99959
test_19815,0.03644
test_19816,0.03415
test_19817,0.99993
test_19818,0.00761
test_19819,0.84523
test_19820,0.19586
test_19821,0.98684
test_19822,0.99891
test_19823,0.99898
test_19824,0.99196
test_19825,0.50154
test_19826,0.03064
test_19827,0.99848
test_19828,0.06547
test_19829,0.00121
test_19830,0.94265
test_19831,0.02231
test_19832,0.99943
test_19833,0.03167
test_19834,0.64696
test_19835,0.05053
test_19836,0.00036
test_19837,0.99978
test_19838,0.99845
test_19839,0.40306
test_19840,0.54272
test_19841,0.00605
test_19842,0.00812
test_19843,0.00003
test_19844,0.00290
test_19845,0.00135
test_19846,0.49068
test_19847,0.99322
test_19848,0.12047
test_19849,0.02116
test_19850,0.99414
test_19851,0.38567
test_19852,0.02628
test_19853,0.00010
test_19854,0.98907
test_19855,0.30891
test_19856,0.99611
test_19857,0.02503
test_19858,0.77924
test_19859,0.35738
test_19860,0.00267
test_19861,0.00304
test_19862,0.15064
test_19863,0.72221
test_19864,0.00415
test_19865,0.69863
test_19866,0.00003
test_19867,0.99778
test_19868,0.79740
test_19869,0.00426
test_19870,0.00059
test_19871,0.99987
test_19872,0.97894
test_19873,0.93452
test_19874,0.00001
test_19875,0.00000
test_19876,0.56400
test_19877,0.95848
test_19878,0.97218
test_19879,0.99955
test_19880,0.46453
test_19881,0.00003
test_19882,0.99995
test_19883,0.47996
test_19884,0.00316
test_19885,0.77421
test_19886,0.99898
test_19887,0.99996
test_19888,0.00141
test_19889,0.99649
test_19890,0.97393
test_19891,0.36201
test_19892,0.19016
test_19893,0.95796
test_19894,0.01188
test_19895,0.99896
test_19896,0.18369
test_19897,0.35701
test_19898,0.00345
test_19899,0.00039
test_19900,0.99355
test_19901,0.00003
test_19902,0.61192
test_19903,0.81155
test_19904,0.99916
test_19905,0.03528
test_19906,0.42303
test_19907,0.07348
test_19908,0.00405
test_19909,0.00224
test_19910,0.08493
test_19911,0.00069
test_19912,0.17350
test_19913,0.98994
test_19914,0.00185
test_19915,0.00533
test_19916,0.02983
test_19917,0.00370
test_19918,0.01497
test_19919,0.03525
test_19920,0.62087
test_19921,0.81566
test_19922,0.99918
test_19923,0.99063
test_19924,0.51889
test_19925,0.95511
test_19926,0.00244
test_19927,0.64489
test_19928,0.03732
test_19929,0.96635
test_19930,0.08811
test_19931,0.91133
test_19932,0.95388
test_19933,0.00244
test_19934,0.98928
test_19935,0.00020
test_19936,0.99927
test_19937,0.99319
test_19938,0.98316
test_19939,0.01884
test_19940,0.00079
test_19941,0.03747
test_19942,0.34271
test_19943,0.52562
test_19944,0.99989
test_19945,0.00100
test_19946,0.00027
test_19947,0.00186
test_19948,0.99825
test_19949,0.02367
test_19950,0.90541
test_19951,0.99998
test_19952,0.81813
test_19953,0.00113
test_19954,0.00794
test_19955,0.03223
test_19956,0.00096
test_19957,0.01281
test_19958,0.79663
test_19959,0.99977
test_19960,0.23061
test_19961,0.93782
test_19962,0.00161
test_19963,0.00033
test_19964,0.86700
test_19965,0.01375
test_19966,1.00000
test_19967,0.88635
test_19968,0.63110
test_19969,0.21580
test_19970,0.00134
test_19971,0.41037
test_19972,0.42428
test_19973,0.99155
test_19974,0.73887
test_19975,0.86294
test_19976,0.96213
test_19977,0.07533
test_19978,0.59834
test_19979,0.00101
test_19980,0.97936
test_19981,0.99814
test_19982,0.99723
test_19983,0.99955
test_19984,0.56500
test_19985,0.00100
test_19986,0.00081
test_19987,0.93874
test_19988,0.85443
test_19989,0.02128
test_19990,0.34710
test_19991,0.99162
test_19992,0.00076
test_19993,0.99723
test_19994,0.79757
test_19995,0.02954
test_19996,0.02031
test_19997,0.00014
test_19998,0.00006
test_19999,0.12905
